film,developer,dilution,iso,inversion_20c_min,rotary_20c_min_0.85,rotary_20c_min_0.90
Adox CHS 100,ABC Pyro,stock,100,6.0,5.1,5.4
Adox CHS 100,Acufine,stock,100,3.0,2.55,2.7
Adox CHS 100,Acufine,stock,250,3.25,2.76,2.93
Adox CHS 100,Acurol-N,1+50,50,9.5,8.07,8.55
Adox CHS 100,Amaloco AM74,1+15,100,7.5,6.38,6.75
Adox CHS 100,Atomal 49,1+1,100,12.0,10.2,10.8
Adox CHS 100,Atomal 49,1+2,100,15.0,12.75,13.5
Adox CHS 100,Atomal 49,stock,100,8.0,6.8,7.2
Adox CHS 100,BW-TNEG,stock,3,8.0,6.8,7.2
Adox CHS 100,D-76,1+1,100,10.0,8.5,9.0
Adox CHS 100,D-76,stock,100,7.0,5.95,6.3
Adox CHS 100,Eco Pro,1+2,64,8.5,7.22,7.65
Adox CHS 100,Eco Pro,1+2,80,11.75,9.99,10.58
Adox CHS 100,F76+,1+19,100,22.5,19.12,20.25
Adox CHS 100,F76+,1+4,64,12.0,10.2,10.8
Adox CHS 100,F76+,1+9,100,13.5,11.47,12.15
Adox CHS 100,Fomadon LQN,1+10,100,9.0,7.65,8.1
Adox CHS 100,Fomadon R09,1+100,100,19.0,16.15,17.1
Adox CHS 100,Fomadon R09,1+50,100,9.5,8.07,8.55
Adox CHS 100,FX-39,1+14,100,11.0,9.35,9.9
Adox CHS 100,FX-39,1+9,100,7.0,5.95,6.3
Adox CHS 100,HC-110,B,100,5.5,4.67,4.95
Adox CHS 100,HC-110,H,100,11.0,9.35,9.9
Adox CHS 100,ID-11,1+1,100,10.0,8.5,9.0
Adox CHS 100,ID-11,stock,100,7.0,5.95,6.3
Adox CHS 100,Ilfosol 3,1+9,100,5.5,4.67,4.95
Adox CHS 100,Ilfotec DD-X,1+4,100,7.0,5.95,6.3
Adox CHS 100,Ilfotec DD-X,1+9,100,13.0,11.05,11.7
Adox CHS 100,Ilfotec LC29,1+29,100,11.0,9.35,9.9
Adox CHS 100,Neofin Blue,stock,100,15.0,12.75,13.5
Adox CHS 100,Neofin Blue,stock,100,8.0,6.8,7.2
Adox CHS 100,PC-TEA,1+50,100,10.5,8.92,9.45
Adox CHS 100,Perceptol,1+3,50,23.0,19.55,20.7
Adox CHS 100,PMK,1+2+100,100,10.0,8.5,9.0
Adox CHS 100,Pyrocat-HD,2+2+100,100,8.0,6.8,7.2
Adox CHS 100,Rodinal,1+100,100,16.0,13.6,14.4
Adox CHS 100,Rodinal,1+25,100,6.0,5.1,5.4
Adox CHS 100,Rodinal,1+25,160,8.0,6.8,7.2
Adox CHS 100,Rodinal,1+25,80,5.0,4.25,4.5
Adox CHS 100,Rodinal,1+50,100,10.0,8.5,9.0
Adox CHS 100,Rodinal,1+50,200,14.0,11.9,12.6
Adox CHS 100,Rodinal,1+50,400,24.0,20.4,21.6
Adox CHS 100,Rodinal,1+50,50,9.0,7.65,8.1
Adox CHS 100,Silberra Ascorol,1+29,100,7.0,5.95,6.3
Adox CHS 100,Sprint Standard,1+9,100,10.0,8.5,9.0
Adox CHS 100,Tanol,2+3+130,100,12.0,10.2,10.8
Adox CHS 100,TMax Dev,1+4,100,7.0,5.95,6.3
Adox CHS 100,TMax RS,stock,100,6.0,5.1,5.4
Adox CHS 100,TMax RS,stock,80,4.0,3.4,3.6
Adox CHS 100,Ultrafin,1+10,100,3.5,2.98,3.15
Adox CHS 100,Ultrafin,1+20,100,5.0,4.25,4.5
Adox CHS 100,Ultrafin,1+30,100,7.0,5.95,6.3
Adox CHS 100,WD2D+,stock,100,9.5,8.07,8.55
Adox CHS 100,XT-3,1+2,64,8.5,7.22,7.65
Adox CHS 100,XT-3,1+2,80,11.75,9.99,10.58
Adox CHS 100,Xtol,1+2,64,8.5,7.22,7.65
Adox CHS 100,Xtol,1+2,80,11.75,9.99,10.58
Adox CHS 100 II,510-Pyro,1+100,100,8.0,6.8,7.2
Adox CHS 100 II,510-Pyro,1+100,200,13.0,11.05,11.7
Adox CHS 100 II,ADX II,1+24,100,10.0,8.5,9.0
Adox CHS 100 II,Amaloco AM74,1+15,100,7.5,6.38,6.75
Adox CHS 100 II,Ars-Imago FD,1+39,100,6.0,5.1,5.4
Adox CHS 100 II,Atomal 49,1+1,100,10.0,8.5,9.0
Adox CHS 100 II,Atomal 49,stock,100,6.5,5.52,5.85
Adox CHS 100 II,Caffenol C-H (rs),stock,100,12.5,10.62,11.25
Adox CHS 100 II,D-76,1+1,100,9.0,7.65,8.1
Adox CHS 100 II,D-76,stock,100,6.5,5.52,5.85
Adox CHS 100 II,Eco Pro,1+1,100,8.0,6.8,7.2
Adox CHS 100 II,F76+,1+9,64,9.0,7.65,8.1
Adox CHS 100 II,FX-39,1+19,100,13.0,11.05,11.7
Adox CHS 100 II,FX-39,1+19,400,19.0,16.15,17.1
Adox CHS 100 II,FX-39,1+9,100,7.5,6.38,6.75
Adox CHS 100 II,FX-55,1+9,100,9.0,7.65,8.1
Adox CHS 100 II,FX-55,stock,100,13.0,11.05,11.7
Adox CHS 100 II,HC-110,B,100,5.5,4.67,4.95
Adox CHS 100 II,HC-110,B,100,8.0,6.8,7.2
Adox CHS 100 II,HC-110,B,200,7.5,6.38,6.75
Adox CHS 100 II,HC-110,B,400,9.0,7.65,8.1
Adox CHS 100 II,HC-110,D,100,7.0,5.95,6.3
Adox CHS 100 II,HC-110,E,100,9.0,7.65,8.1
Adox CHS 100 II,ID-11,1+1,100,9.0,7.65,8.1
Adox CHS 100 II,ID-11,1+1,100,7.5,6.38,6.75
Adox CHS 100 II,ID-11,stock,100,6.5,5.52,5.85
Adox CHS 100 II,Ilfotec DD-X,1+4,100,7.0,5.95,6.3
Adox CHS 100 II,Neofin Blue,1+5,100,12.0,10.2,10.8
Adox CHS 100 II,Neofin Blue,1+9,100,20.0,17.0,18.0
Adox CHS 100 II,Paranol S,1+25,100,8.0,6.8,7.2
Adox CHS 100 II,Paranol S,1+50,100,25.0,21.25,22.5
Adox CHS 100 II,Rodinal,1+100,100,30.0,25.5,27.0
Adox CHS 100 II,Rodinal,1+100,50,22.0,18.7,19.8
Adox CHS 100 II,Rodinal,1+25,100,5.5,4.67,4.95
Adox CHS 100 II,Rodinal,1+25,200,12.0,10.2,10.8
Adox CHS 100 II,Rodinal,1+50,100,12.5,10.62,11.25
Adox CHS 100 II,Silberra Ascorol,1+29,100,7.0,5.95,6.3
Adox CHS 100 II,Silvermax,1+19,100,8.5,7.22,7.65
Adox CHS 100 II,Silvermax,1+19,125,10.0,8.5,9.0
Adox CHS 100 II,SPD,stock,100,6.5,5.52,5.85
Adox CHS 100 II,Spur HRX,1+17,100,11.0,9.35,9.9
Adox CHS 100 II,Spur SLD,1+20,200,13.0,11.05,11.7
Adox CHS 100 II,Spur Speed-Major,1+14,250,13.0,11.05,11.7
Adox CHS 100 II,Spur Speed-Major,1+24,200,12.0,10.2,10.8
Adox CHS 100 II,Spur Speed-Major,1+35,125,9.0,7.65,8.1
Adox CHS 100 II,Spur Speed-Major,1+35,200,11.0,9.35,9.9
Adox CHS 100 II,Spur Speed-Major,1+7,500,15.0,12.75,13.5
Adox CHS 100 II,Spur Speed-Major,1+8,400,13.0,11.05,11.7
Adox CHS 100 II,Spur UFP,1+24,100,9.0,7.65,8.1
Adox CHS 100 II,XT-3,1+1,100,8.0,6.8,7.2
Adox CHS 100 II,Xtol,1+1,100,8.0,6.8,7.2
Adox CHS 25,510-Pyro,1+100,16,6.5,5.52,5.85
Adox CHS 25,Acurol-N,1+70,10,8.5,7.22,7.65
Adox CHS 25,Acurol-N,1+70,8,8.5,7.22,7.65
Adox CHS 25,Amaloco AM74,1+15,20,3.0,2.55,2.7
Adox CHS 25,Atomal 49,1+1,25,5.0,4.25,4.5
Adox CHS 25,Atomal 49,1+2,25,7.0,5.95,6.3
Adox CHS 25,Atomal 49,stock,25,4.0,3.4,3.6
Adox CHS 25,Beutler,1+1+10,25,7.5,6.38,6.75
Adox CHS 25,D-76,1+1,20,5.0,4.25,4.5
Adox CHS 25,D-76,stock,50(25),6.0,5.1,5.4
Adox CHS 25,DK-50,stock,25,5.0,4.25,4.5
Adox CHS 25,Eco Pro,1+1,50,8.0,6.8,7.2
Adox CHS 25,Eco Pro,1+3,20,11.0,9.35,9.9
Adox CHS 25,Eco Pro,stock,20,6.0,5.1,5.4
Adox CHS 25,F76+,1+19,25,12.5,10.62,11.25
Adox CHS 25,F76+,1+9,25,5.5,4.67,4.95
Adox CHS 25,F76+,1+9,50,8.5,7.22,7.65
Adox CHS 25,FD10,1+14,25,6.0,5.1,5.4
Adox CHS 25,Fomadon LQN,1+10,25,4.0,3.4,3.6
Adox CHS 25,Fomadon R09,1+100,25,18.0,15.3,16.2
Adox CHS 25,FX-39,1+19,32,6.0,5.1,5.4
Adox CHS 25,FX-39,1+9,25,4.0,3.4,3.6
Adox CHS 25,HC-110,B,25,7.0,5.95,6.3
Adox CHS 25,HC-110,H,50,7.0,5.95,6.3
Adox CHS 25,ID-11,1+1,20,5.0,4.25,4.5
Adox CHS 25,ID-11,stock,50(25),6.0,5.1,5.4
Adox CHS 25,Ilfotec LC29,1+19,50,4.5,3.82,4.05
Adox CHS 25,Microdol-X,1+3,25,14.5,12.32,13.05
Adox CHS 25,Microphen,stock,25,5.0,4.25,4.5
Adox CHS 25,Moersch eco,2+1+70,25,10.5,8.92,9.45
Adox CHS 25,Neofin Blue,stock,25,3.75,3.19,3.38
Adox CHS 25,Pyrocat-HD,1+1+100,12,10.0,8.5,9.0
Adox CHS 25,Pyrocat-HD,2+2+100,25,10.0,8.5,9.0
Adox CHS 25,Rodinal,1+100,12,9.0,7.65,8.1
Adox CHS 25,Rodinal,1+100,25,12.0,10.2,10.8
Adox CHS 25,Rodinal,1+100,25,11.0,9.35,9.9
Adox CHS 25,Rodinal,1+25,25,4.0,3.4,3.6
Adox CHS 25,Rodinal,1+50,12,3.5,2.98,3.15
Adox CHS 25,Rodinal,1+50,20,4.0,3.4,3.6
Adox CHS 25,Rodinal,1+50,25,8.0,6.8,7.2
Adox CHS 25,Rodinal,1+99,20,6.5,5.52,5.85
Adox CHS 25,Sprint Standard,1+9,25,5.0,4.25,4.5
Adox CHS 25,Tanol,1+1+100,16,12.5,10.62,11.25
Adox CHS 25,TMax RS,stock,25,5.0,4.25,4.5
Adox CHS 25,Ultrafin,1+10,20,3.0,2.55,2.7
Adox CHS 25,Ultrafin,1+10,20,2.0,1.7,1.8
Adox CHS 25,Ultrafin,1+20,20,5.0,4.25,4.5
Adox CHS 25,Ultrafin,1+20,20,2.5,2.12,2.25
Adox CHS 25,Ultrafin,1+30,20,8.0,6.8,7.2
Adox CHS 25,Ultrafin,1+30,20,3.5,2.98,3.15
Adox CHS 25,WD2D+,stock,25,9.0,7.65,8.1
Adox CHS 25,XT-3,1+1,50,8.0,6.8,7.2
Adox CHS 25,XT-3,1+3,20,11.0,9.35,9.9
Adox CHS 25,XT-3,stock,20,6.0,5.1,5.4
Adox CHS 25,Xtol,1+1,50,8.0,6.8,7.2
Adox CHS 25,Xtol,1+3,20,11.0,9.35,9.9
Adox CHS 25,Xtol,stock,20,6.0,5.1,5.4
Adox CHS 50,Acufine,stock,160,2.75,2.34,2.48
Adox CHS 50,Amaloco AM74,1+15,40,3.5,2.98,3.15
Adox CHS 50,Atomal 49,1+1,50,8.0,6.8,7.2
Adox CHS 50,Atomal 49,1+2,50,11.0,9.35,9.9
Adox CHS 50,Atomal 49,stock,50,6.0,5.1,5.4
Adox CHS 50,Beutler,1+1+10,50,8.5,7.22,7.65
Adox CHS 50,D-76,1+1,100(50),12.0,10.2,10.8
Adox CHS 50,D-76,1+1,40,5.25,4.46,4.73
Adox CHS 50,D-76,stock,100(50),7.0,5.95,6.3
Adox CHS 50,D-76,stock,50,6.5,5.52,5.85
Adox CHS 50,Eco Pro,1+1,50,10.0,8.5,9.0
Adox CHS 50,Eco Pro,stock,50,8.0,6.8,7.2
Adox CHS 50,Fomadon LQN,1+10,50,7.0,5.95,6.3
Adox CHS 50,Fomadon R09,1+100,50,19.0,16.15,17.1
Adox CHS 50,FX-39,1+9,50,5.5,4.67,4.95
Adox CHS 50,HC-110,B,50,7.0,5.95,6.3
Adox CHS 50,ID-11,1+1,100(50),12.0,10.2,10.8
Adox CHS 50,ID-11,1+1,40,5.25,4.46,4.73
Adox CHS 50,ID-11,1+1,50,8.0,6.8,7.2
Adox CHS 50,ID-11,stock,100(50),7.0,5.95,6.3
Adox CHS 50,ID-11,stock,50,6.5,5.52,5.85
Adox CHS 50,ID-68,stock,50,6.0,5.1,5.4
Adox CHS 50,Marathon,1+9,100,6.5,5.52,5.85
Adox CHS 50,Neofin Blue,stock,50,8.0,6.8,7.2
Adox CHS 50,Neofin Blue,stock,50,4.0,3.4,3.6
Adox CHS 50,PMK,1+2+100,50,8.0,6.8,7.2
Adox CHS 50,Rodinal,1+100,50,18.0,15.3,16.2
Adox CHS 50,Rodinal,1+200,50,50.0,42.5,45.0
Adox CHS 50,Rodinal,1+25,50,6.0,5.1,5.4
Adox CHS 50,Rodinal,1+50,50,9.0,7.65,8.1
Adox CHS 50,Silberra Ascorol,1+29,50,7.0,5.95,6.3
Adox CHS 50,Sprint Standard,1+9,50,8.5,7.22,7.65
Adox CHS 50,TMax Dev,1+4,50,6.0,5.1,5.4
Adox CHS 50,TMax RS,stock,50,5.0,4.25,4.5
Adox CHS 50,Ultrafin,1+10,40,3.5,2.98,3.15
Adox CHS 50,Ultrafin,1+10,40,2.0,1.7,1.8
Adox CHS 50,Ultrafin,1+20,40,7.0,5.95,6.3
Adox CHS 50,Ultrafin,1+20,40,2.5,2.12,2.25
Adox CHS 50,Ultrafin,1+30,40,12.0,10.2,10.8
Adox CHS 50,Ultrafin,1+30,40,3.5,2.98,3.15
Adox CHS 50,WD2D+,stock,50,10.0,8.5,9.0
Adox CHS 50,XT-3,1+1,50,10.0,8.5,9.0
Adox CHS 50,XT-3,stock,50,8.0,6.8,7.2
Adox CHS 50,Xtol,1+1,50,10.0,8.5,9.0
Adox CHS 50,Xtol,stock,50,8.0,6.8,7.2
Adox CMS 20 II,Adotech III,1+9,20,8.0,6.8,7.2
Adox CMS 20 II,Adotech IV,1+14,20,11.0,9.35,9.9
Adox CMS 20 II,Adotech IV,1+14,3,7.5,6.38,6.75
Adox CMS 20 II,Atomal 49,1+2,20,6.0,5.1,5.4
Adox CMS 20 II,Caffenol C-L,1+1,12,15.0,12.75,13.5
Adox CMS 20 II,Caffenol C-L,stock,20,15.0,12.75,13.5
Adox CMS 20 II,Caffenol LC+C,stock,20,15.0,12.75,13.5
Adox CMS 20 II,D-76,stock,20,8.0,6.8,7.2
Adox CMS 20 II,Eco Pro,stock,20,6.5,5.52,5.85
Adox CMS 20 II,HC-110,G,12,60.0,51.0,54.0
Adox CMS 20 II,HC-110,G,20,16.5,14.03,14.85
Adox CMS 20 II,ID-11,stock,20,8.0,6.8,7.2
Adox CMS 20 II,Ilfosol 3,1+14,20,6.0,5.1,5.4
Adox CMS 20 II,PMK,1+2+100,12,10.0,8.5,9.0
Adox CMS 20 II,POTA,stock,12,12.5,10.62,11.25
Adox CMS 20 II,Rodinal,1+100,20,18.0,15.3,16.2
Adox CMS 20 II,Rollei Supergrain,1+14,12,10.0,8.5,9.0
Adox CMS 20 II,Romek PQ9,1+53,25,33.0,28.05,29.7
Adox CMS 20 II,Sprint Standard,1+9,12,8.5,7.22,7.65
Adox CMS 20 II,Spur Nanospeed,1+24,20,5.5,4.67,4.95
Adox CMS 20 II,Spur Nanotech UR,1+14,8,9.0,7.65,8.1
Adox CMS 20 II,Spur Nanotech UR,1+20,12,12.0,10.2,10.8
Adox CMS 20 II,XT-3,stock,20,6.5,5.52,5.85
Adox CMS 20 II,Xtol,stock,20,6.5,5.52,5.85
Adox HR-50,510-Pyro,1+150,25,8.75,7.44,7.88
Adox HR-50,Adox HR-DEV,1+49,40,12.0,10.2,10.8
Adox HR-50,Atomal 49,stock,50,8.5,7.22,7.65
Adox HR-50,Eco Pro,1+1,50,9.5,8.07,8.55
Adox HR-50,Fomadon LQN,1+9,50,7.0,5.95,6.3
Adox HR-50,FX-39,1+9,50,7.25,6.16,6.53
Adox HR-50,HC-110,H,50,9.0,7.65,8.1
Adox HR-50,Ilfosol 3,1+9,50,7.5,6.38,6.75
Adox HR-50,Ilfotec DD-X,1+4,50,7.5,6.38,6.75
Adox HR-50,Ilfotec HC,1+31,50,4.0,3.4,3.6
Adox HR-50,Rodinal,1+25,100,9.0,7.65,8.1
Adox HR-50,Rodinal,1+25,50,5.0,4.25,4.5
Adox HR-50,Rodinal,1+50,100,16.25,13.81,14.62
Adox HR-50,Rodinal,1+50,50,9.0,7.65,8.1
Adox HR-50,Spur TRX 2000,1+49,40,12.0,10.2,10.8
Adox HR-50,XT-3,1+1,50,9.5,8.07,8.55
Adox HR-50,Xtol,1+1,50,9.5,8.07,8.55
Adox IR-HR Pro,Rodinal,1+25,25,8.0,6.8,7.2
Adox ORT 25,D-76,stock,25,6.0,5.1,5.4
Adox ORT 25,Eco Pro,stock,25,6.0,5.1,5.4
Adox ORT 25,ID-11,stock,25,6.0,5.1,5.4
Adox ORT 25,Rodinal,1+25,25,4.0,3.4,3.6
Adox ORT 25,Silberra Ascorol,1+29,25,6.0,5.1,5.4
Adox ORT 25,TMax Dev,1+4,25,9.0,7.65,8.1
Adox ORT 25,XT-3,stock,25,6.0,5.1,5.4
Adox ORT 25,Xtol,stock,25,6.0,5.1,5.4
Adox Pan 25,Acufine,stock,25,4.0,3.4,3.6
Adox Pan 25,D-76,stock,25,5.0,4.25,4.5
Adox Pan 25,Eco Pro,stock,25,6.5,5.52,5.85
Adox Pan 25,FX-39,1+14,25,6.0,5.1,5.4
Adox Pan 25,HC-110,B,25,5.5,4.67,4.95
Adox Pan 25,HC-110,F,25,13.5,11.47,12.15
Adox Pan 25,ID-11,stock,25,5.0,4.25,4.5
Adox Pan 25,Neofin Blue,stock,25,12.0,10.2,10.8
Adox Pan 25,Perceptol,1+1,25,10.0,8.5,9.0
Adox Pan 25,Rodinal,1+100,25,20.0,17.0,18.0
Adox Pan 25,Rodinal,1+25,25,6.0,5.1,5.4
Adox Pan 25,Rodinal,1+50,25,11.0,9.35,9.9
Adox Pan 25,Silberra Ascorol,1+29,25,5.0,4.25,4.5
Adox Pan 25,Windisch,stock,25,5.0,4.25,4.5
Adox Pan 25,XT-3,stock,25,6.5,5.52,5.85
Adox Pan 25,Xtol,stock,25,6.5,5.52,5.85
Adox Scala 50,D-19,1+1,100,17.0,14.45,15.3
Adox Scala 50,D-19,1+1,50,14.0,11.9,12.6
Adox Scala 50,D-76,stock,12,7.0,5.95,6.3
Adox Scala 50,HC-110,B,50,8.75,7.44,7.88
Adox Scala 50,XT-3,1+1,50,9.5,8.07,8.55
Adox Silvermax,510-Pyro,1+100,50,15.25,12.96,13.72
Adox Silvermax,Acurol-N,1+50,50,10.0,8.5,9.0
Adox Silvermax,Adox HR-DEV,1+30,200,15.0,12.75,13.5
Adox Silvermax,ADX II,1+24,100,10.0,8.5,9.0
Adox Silvermax,Caffenol Concoction,stock,100,15.0,12.75,13.5
Adox Silvermax,D-76,1+1,100,11.0,9.35,9.9
Adox Silvermax,D-76,stock,100,9.0,7.65,8.1
Adox Silvermax,Eco Pro,stock,100,7.0,5.95,6.3
Adox Silvermax,FX-39,1+9,100,8.0,6.8,7.2
Adox Silvermax,HC-110,B,100,7.0,5.95,6.3
Adox Silvermax,ID-11,1+1,100,11.0,9.35,9.9
Adox Silvermax,ID-11,stock,100,9.0,7.65,8.1
Adox Silvermax,Ilfosol 3,1+14,100,8.75,7.44,7.88
Adox Silvermax,Microphen,stock,100,9.0,7.65,8.1
Adox Silvermax,Neofin Blue,1+5,100,12.0,10.2,10.8
Adox Silvermax,Neofin Blue,1+9,100,20.0,17.0,18.0
Adox Silvermax,Paranol S,1+25,100,13.0,11.05,11.7
Adox Silvermax,Paranol S,1+50,100,30.0,25.5,27.0
Adox Silvermax,Parvofin,stock,100,6.25,5.31,5.62
Adox Silvermax,Rodinal,1+25,100,8.0,6.8,7.2
Adox Silvermax,Rodinal,1+50,100,12.0,10.2,10.8
Adox Silvermax,Romek PQ9,1+9,100,10.0,8.5,9.0
Adox Silvermax,Silberra Ascorol,1+29,100,9.0,7.65,8.1
Adox Silvermax,Silvermax,1+100,80,70.0,59.5,63.0
Adox Silvermax,Silvermax,1+19,50,9.0,7.65,8.1
Adox Silvermax,Silvermax,1+29,100,11.0,9.35,9.9
Adox Silvermax,Silvermax,1+29,400,14.0,11.9,12.6
Adox Silvermax,Silvermax,1+56,160,24.0,20.4,21.6
Adox Silvermax,Silvermax,1+56,50,20.0,17.0,18.0
Adox Silvermax,Silvermax,1+56,80,24.0,20.4,21.6
Adox Silvermax,Spur HRX,1+20,50,10.0,8.5,9.0
Adox Silvermax,Spur SLD,1+20,100,11.0,9.35,9.9
Adox Silvermax,Spur Speed-Major,1+14,200,13.0,11.05,11.7
Adox Silvermax,Spur Speed-Major,1+24,100,10.0,8.5,9.0
Adox Silvermax,Spur Speed-Major,1+30,100,9.0,7.65,8.1
Adox Silvermax,Spur Speed-Major,1+9,320,15.0,12.75,13.5
Adox Silvermax,Spur TRX 2000,1+30,200,15.0,12.75,13.5
Adox Silvermax,Spur UFP,1+30,40,8.0,6.8,7.2
Adox Silvermax,TMax Dev,1+4,100,6.0,5.1,5.4
Adox Silvermax,TMax Dev,1+7,100,8.5,7.22,7.65
Adox Silvermax,Ultrafin T-Plus,1+4,100,8.75,7.44,7.88
Adox Silvermax,XT-3,stock,100,7.0,5.95,6.3
Adox Silvermax,Xtol,stock,100,7.0,5.95,6.3
Agfa Aviphot ASP 400 S,Foma Retro Special,stock,400,9.0,7.65,8.1
Agfa Aviphot ASP 400 S,Rodinal,1+50,200,11.0,9.35,9.9
Agfa Aviphot ASP 400 S,Rollei Supergrain,1+9,200,8.0,6.8,7.2
Agfa Aviphot ASP 400 S,XT-3,1+1,200,14.0,11.9,12.6
Agfa Aviphot ASP 400 S,Xtol,1+1,200,14.0,11.9,12.6
Agfa Aviphot Pan 200,510-Pyro,1+100,200,13.5,11.47,12.15
Agfa Aviphot Pan 200,D-23,stock,200,12.0,10.2,10.8
Agfa Aviphot Pan 200,D-76,1+1,100,12.5,10.62,11.25
Agfa Aviphot Pan 200,D-76,1+1,200,14.0,11.9,12.6
Agfa Aviphot Pan 200,HC-110,B,200,8.0,6.8,7.2
Agfa Aviphot Pan 200,ID-11,1+1,200,14.0,11.9,12.6
Agfa Aviphot Pan 200,Ilfosol 3,1+14,100,15.0,12.75,13.5
Agfa Aviphot Pan 200,Ilfotec DD-X,1+4,200,11.5,9.78,10.35
Agfa Aviphot Pan 200,Pyrocat-HD,1+1+100,100,12.0,10.2,10.8
Agfa Aviphot Pan 200,Rodinal,1+50,200,17.0,14.45,15.3
Agfa Aviphot Pan 200,Ultrafin,1+20,200,15.5,13.17,13.95
Agfa Cinerex IC1N,D-76,stock,50,4.5,3.82,4.05
Agfa Cinerex IC1N,HC-110,H,25,5.75,4.89,5.17
Agfa Cinerex IC1N,ID-11,stock,50,4.5,3.82,4.05
Agfa Cinerex IC1N,Rodinal,1+50,100,5.5,4.67,4.95
Agfa Cinerex IC1N,Rodinal,1+50,200,6.5,5.52,5.85
Agfa Cinerex IC1N,Rodinal,1+50,400,7.5,6.38,6.75
Agfa Cinerex IC1N,Rodinal,1+50,50,4.5,3.82,4.05
Agfa Copex,D-76,stock,25,5.0,4.25,4.5
Agfa Copex,ID-11,stock,25,5.0,4.25,4.5
Agfa Copex Rapid,510-Pyro,1+300,50,60.0,51.0,54.0
Agfa Copex Rapid,Caffenol LC+C,stock,64,15.0,12.75,13.5
Agfa Copex Rapid,F76+,1+19,50,9.0,7.65,8.1
Agfa Copex Rapid,HC-110,1+31,50,6.0,5.1,5.4
Agfa Copex Rapid,HC-110,1+80,50,15.0,12.75,13.5
Agfa Copex Rapid,POTA,stock,50,17.0,14.45,15.3
Agfa Copex Rapid,Rodinal,1+100,50,18.0,15.3,16.2
Agfa Copex Rapid,Spur Dokuspeed SL,25+10+215,25,10.0,8.5,9.0
Agfa Copex Rapid,Spur Dokuspeed SL,25+5+220,40,10.0,8.5,9.0
Agfa Copex Rapid,Spur Dokuspeed SL-N,12+6+282,25,10.5,8.92,9.45
Agfa Copex Rapid,Spur Dokuspeed SL-N,9+9+282,12,9.0,7.65,8.1
Agfa Copex Rapid,Spur Modular UR,1+5,50,5.0,4.25,4.5
Agfa Scala,Beutler,2+2+27,200,8.5,7.22,7.65
Agfa Scala,D-76,stock,200,9.0,7.65,8.1
Agfa Scala,D-76,stock,400,13.5,11.47,12.15
Agfa Scala,FX-1,1+1+6,160,8.5,7.22,7.65
Agfa Scala,HC-110,1+100,200,40.0,34.0,36.0
Agfa Scala,ID-11,stock,200,9.0,7.65,8.1
Agfa Scala,ID-11,stock,400,13.5,11.47,12.15
Agfa Scala,Ilfotec DD-X,1+4,100,7.0,5.95,6.3
Agfa Scala,Ilfotec HC,1+31,200,6.5,5.52,5.85
Agfa Scala,Ilfotec LC29,1+29,200,10.0,8.5,9.0
Agfa Scala,Prescysol,1+5+100,200,13.0,11.05,11.7
Agfa Scala,Rodinal,1+25,100,6.5,5.52,5.85
Agfa Scala,Rodinal,1+25,200,8.0,6.8,7.2
Agfa Scala,Rodinal,1+50,100,10.0,8.5,9.0
Agfa Scala,Studional,1+32,100,8.5,7.22,7.65
Agfa Scala,TMax Dev,1+4,200,8.5,7.22,7.65
Agfa Scala,TMax Dev,1+9,160,17.0,14.45,15.3
Agfapan APX 100,ID-11,1+1,100,11.5,9.78,10.35
Agfapan APX 100,ID-11,1+3,100,20.0,17.0,18.0
Agfapan APX 100,ID-11,stock,100,9.0,7.65,8.1
Agfapan APX 100,Ilfosol 3,1+9,100,6.5,5.52,5.85
Agfapan APX 100,Rodinal,1+100,100,90.0,76.5,81.0
Agfapan APX 100,Rodinal,1+50,100,17.0,14.45,15.3
AgfaPhoto APX 100,510-Pyro,1+100,100,11.75,9.99,10.58
AgfaPhoto APX 100,510-Pyro,1+100,100,15.0,12.75,13.5
AgfaPhoto APX 100,510-Pyro,1+300,100,20.0,17.0,18.0
AgfaPhoto APX 100,Acurol-N,1+70,100,11.0,9.35,9.9
AgfaPhoto APX 100,Acurol-N,1+70,64,10.0,8.5,9.0
AgfaPhoto APX 100,Adox HR-DEV,1+35,160,10.0,8.5,9.0
AgfaPhoto APX 100,ADX II,1+24,100,6.0,5.1,5.4
AgfaPhoto APX 100,Ars-Imago FD,1+59,100,5.5,4.67,4.95
AgfaPhoto APX 100,Ars-Imago FD,1+59,200,8.0,6.8,7.2
AgfaPhoto APX 100,Ars-Imago FD,1+59,50,4.5,3.82,4.05
AgfaPhoto APX 100,Ars-Imago FE,1+1,100,8.0,6.8,7.2
AgfaPhoto APX 100,Ars-Imago FE,1+1,50,6.5,5.52,5.85
AgfaPhoto APX 100,Atomal 49,1+2,100,22.0,18.7,19.8
AgfaPhoto APX 100,Atomal 49,stock,100,9.5,8.07,8.55
AgfaPhoto APX 100,Bellini Hydrofen,1+15,100,4.0,3.4,3.6
AgfaPhoto APX 100,Bellini Hydrofen,1+28,400,17.0,14.45,15.3
AgfaPhoto APX 100,Bellini Hydrofen,1+31,100,7.75,6.59,6.98
AgfaPhoto APX 100,Caffenol C-L,stock,100,70.0,59.5,63.0
AgfaPhoto APX 100,Caffenol C-M (rs),stock,100,10.0,8.5,9.0
AgfaPhoto APX 100,D-76,1+1,100,11.5,9.78,10.35
AgfaPhoto APX 100,D-76,1+1,200,15.5,13.17,13.95
AgfaPhoto APX 100,D-76,1+1,50,8.5,7.22,7.65
AgfaPhoto APX 100,D-76,1+3,100,21.0,17.85,18.9
AgfaPhoto APX 100,D-76,1+3,50,17.5,14.88,15.75
AgfaPhoto APX 100,D-76,stock,100,9.0,7.65,8.1
AgfaPhoto APX 100,D-76,stock,200,11.0,9.35,9.9
AgfaPhoto APX 100,D-76,stock,50,7.0,5.95,6.3
AgfaPhoto APX 100,Eco Pro,1+1,100,10.0,8.5,9.0
AgfaPhoto APX 100,Eco Pro,1+1,50,8.5,7.22,7.65
AgfaPhoto APX 100,Eco Pro,stock,100,8.0,6.8,7.2
AgfaPhoto APX 100,Eco Pro,stock,50,6.5,5.52,5.85
AgfaPhoto APX 100,Foma Universal,1+3,100,6.0,5.1,5.4
AgfaPhoto APX 100,Fomadon Excel,stock,100,9.5,8.07,8.55
AgfaPhoto APX 100,Fomadon LQN,1+10,100,7.5,6.38,6.75
AgfaPhoto APX 100,Fomadon P,stock,100,10.0,8.5,9.0
AgfaPhoto APX 100,Fomadon R09,1+100,100,64.0,54.4,57.6
AgfaPhoto APX 100,Fomadon R09,1+50,100,16.5,14.03,14.85
AgfaPhoto APX 100,FX-2,1+1+8,64,10.0,8.5,9.0
AgfaPhoto APX 100,FX-39,1+9,100,8.0,6.8,7.2
AgfaPhoto APX 100,FX-55,1+9,100,9.0,7.65,8.1
AgfaPhoto APX 100,HC-110,1+31,100,6.5,5.52,5.85
AgfaPhoto APX 100,HC-110,B,100,7.5,6.38,6.75
AgfaPhoto APX 100,HC-110,B,200,10.0,8.5,9.0
AgfaPhoto APX 100,HC-110,B,400,15.0,12.75,13.5
AgfaPhoto APX 100,HC-110,B,800,30.0,25.5,27.0
AgfaPhoto APX 100,ID-11,1+1,100,11.5,9.78,10.35
AgfaPhoto APX 100,ID-11,1+1,200,15.5,13.17,13.95
AgfaPhoto APX 100,ID-11,1+1,50,8.5,7.22,7.65
AgfaPhoto APX 100,ID-11,1+3,100,21.0,17.85,18.9
AgfaPhoto APX 100,ID-11,1+3,50,17.5,14.88,15.75
AgfaPhoto APX 100,ID-11,stock,100,9.0,7.65,8.1
AgfaPhoto APX 100,ID-11,stock,200,11.0,9.35,9.9
AgfaPhoto APX 100,ID-11,stock,50,7.0,5.95,6.3
AgfaPhoto APX 100,Ilfosol 3,1+14,100,7.75,6.59,6.98
AgfaPhoto APX 100,Ilfosol 3,1+9,100,5.5,4.67,4.95
AgfaPhoto APX 100,Ilfotec DD-X,1+4,100,10.5,8.92,9.45
AgfaPhoto APX 100,Ilfotec DD-X,1+4,200,12.5,10.62,11.25
AgfaPhoto APX 100,Ilfotec DD-X,1+4,50,8.5,7.22,7.65
AgfaPhoto APX 100,Ilfotec HC,1+15,100,4.0,3.4,3.6
AgfaPhoto APX 100,Ilfotec HC,1+15,200,5.0,4.25,4.5
AgfaPhoto APX 100,Ilfotec HC,1+31,100,6.5,5.52,5.85
AgfaPhoto APX 100,Ilfotec HC,1+31,200,8.0,6.8,7.2
AgfaPhoto APX 100,Ilfotec HC,1+31,50,5.0,4.25,4.5
AgfaPhoto APX 100,Ilfotec LC29,1+19,100,7.0,5.95,6.3
AgfaPhoto APX 100,Ilfotec LC29,1+19,200,8.0,6.8,7.2
AgfaPhoto APX 100,Ilfotec LC29,1+19,50,5.5,4.67,4.95
AgfaPhoto APX 100,Ilfotec LC29,1+29,100,11.0,9.35,9.9
AgfaPhoto APX 100,Ilfotec LC29,1+29,50,7.5,6.38,6.75
AgfaPhoto APX 100,Ilfotec LC29,1+9,100,4.0,3.4,3.6
AgfaPhoto APX 100,Ilfotec LC29,1+9,200,5.0,4.25,4.5
AgfaPhoto APX 100,Microphen,1+1,100,10.5,8.92,9.45
AgfaPhoto APX 100,Microphen,1+1,200,14.0,11.9,12.6
AgfaPhoto APX 100,Microphen,1+3,100,14.5,12.32,13.05
AgfaPhoto APX 100,Microphen,stock,100,8.5,7.22,7.65
AgfaPhoto APX 100,Microphen,stock,200,9.0,7.65,8.1
AgfaPhoto APX 100,Mikratol-2,1+50,100,18.0,15.3,16.2
AgfaPhoto APX 100,Neofin Blue,1+5,100,10.0,8.5,9.0
AgfaPhoto APX 100,Neofin Blue,1+9,100,15.0,12.75,13.5
AgfaPhoto APX 100,Paranol S,1+25,100,11.0,9.35,9.9
AgfaPhoto APX 100,Paranol S,1+50,100,22.0,18.7,19.8
AgfaPhoto APX 100,Paranol S,1+50,100,55.0,46.75,49.5
AgfaPhoto APX 100,Parvofin,stock,100,5.5,4.67,4.95
AgfaPhoto APX 100,Perceptol,1+1,100,15.5,13.17,13.95
AgfaPhoto APX 100,Perceptol,1+1,50,13.5,11.47,12.15
AgfaPhoto APX 100,Perceptol,stock,100,12.5,10.62,11.25
AgfaPhoto APX 100,Perceptol,stock,50,9.5,8.07,8.55
AgfaPhoto APX 100,PQ Universal,1+19,100,3.5,2.98,3.15
AgfaPhoto APX 100,PQ Universal,1+29,100,4.5,3.82,4.05
AgfaPhoto APX 100,Rodinal,1+100,160,90.0,76.5,81.0
AgfaPhoto APX 100,Rodinal,1+100,400,120.0,102.0,108.0
AgfaPhoto APX 100,Rodinal,1+25,100,5.5,4.67,4.95
AgfaPhoto APX 100,Rodinal,1+50,100,10.0,8.5,9.0
AgfaPhoto APX 100,Rodinal,1+50,400,18.0,15.3,16.2
AgfaPhoto APX 100,Rodinal,1+50,400,60.0,51.0,54.0
AgfaPhoto APX 100,Rodinal,1+75,24,16.0,13.6,14.4
AgfaPhoto APX 100,Rollei Supergrain,1+15,125,7.0,5.95,6.3
AgfaPhoto APX 100,Silberra Ascorol,1+29,100,9.0,7.65,8.1
AgfaPhoto APX 100,Silberra Microl,stock,800,18.0,15.3,16.2
AgfaPhoto APX 100,Spur HRX,1+20,64,10.0,8.5,9.0
AgfaPhoto APX 100,Spur SLD,1+24,200,8.5,7.22,7.65
AgfaPhoto APX 100,Spur Speed-Major,1+14,640,12.0,10.2,10.8
AgfaPhoto APX 100,Spur Speed-Major,1+24,400,11.0,9.35,9.9
AgfaPhoto APX 100,Spur Speed-Major,1+35,200,8.5,7.22,7.65
AgfaPhoto APX 100,Spur Speed-Major,1+9,1000,13.0,11.05,11.7
AgfaPhoto APX 100,Spur TRX 2000,1+35,160,10.0,8.5,9.0
AgfaPhoto APX 100,Spur UFP,1+30,80,8.0,6.8,7.2
AgfaPhoto APX 100,Studional,1+30,100,9.0,7.65,8.1
AgfaPhoto APX 100,TMax Dev,1+4,200,8.5,7.22,7.65
AgfaPhoto APX 100,Ultrafin T-Plus,1+4,100,9.0,7.65,8.1
AgfaPhoto APX 100,Uncle Mort's,1+9,100,6.0,5.1,5.4
AgfaPhoto APX 100,XT-3,1+1,100,10.0,8.5,9.0
AgfaPhoto APX 100,XT-3,1+1,50,8.5,7.22,7.65
AgfaPhoto APX 100,XT-3,stock,100,8.0,6.8,7.2
AgfaPhoto APX 100,XT-3,stock,50,6.5,5.52,5.85
AgfaPhoto APX 100,Xtol,1+1,100,10.0,8.5,9.0
AgfaPhoto APX 100,Xtol,1+1,50,8.5,7.22,7.65
AgfaPhoto APX 100,Xtol,stock,100,8.0,6.8,7.2
AgfaPhoto APX 100,Xtol,stock,50,6.5,5.52,5.85
AgfaPhoto APX 400,510-Pyro,1+100,1600,25.0,21.25,22.5
AgfaPhoto APX 400,510-Pyro,1+100,400,11.0,9.35,9.9
AgfaPhoto APX 400,510-Pyro,1+100,400,20.5,17.43,18.45
AgfaPhoto APX 400,510-Pyro,1+100,800,13.25,11.26,11.93
AgfaPhoto APX 400,510-Pyro,1+100,800,15.5,13.17,13.95
AgfaPhoto APX 400,Acurol-N,1+50,200,11.5,9.78,10.35
AgfaPhoto APX 400,Acurol-N,1+50,320,12.0,10.2,10.8
AgfaPhoto APX 400,Adox HR-DEV,1+24,400,13.5,11.47,12.15
AgfaPhoto APX 400,ADX II,1+24,500,10.5,8.92,9.45
AgfaPhoto APX 400,Amaloco AM74,1+9,400,6.0,5.1,5.4
AgfaPhoto APX 400,Ars-Imago FD,1+39,400,6.5,5.52,5.85
AgfaPhoto APX 400,Ars-Imago FE,1+1,400,8.5,7.22,7.65
AgfaPhoto APX 400,Ars-Imago FE,1+1,800,10.0,8.5,9.0
AgfaPhoto APX 400,Atomal 49,1+2,320,25.0,21.25,22.5
AgfaPhoto APX 400,Atomal 49,stock,400,10.5,8.92,9.45
AgfaPhoto APX 400,Bellini Hydrofen,1+15,400,5.0,4.25,4.5
AgfaPhoto APX 400,Bellini Hydrofen,1+39,400,9.5,8.07,8.55
AgfaPhoto APX 400,D-23,1+1,400,15.0,12.75,13.5
AgfaPhoto APX 400,D-23,stock,400,9.0,7.65,8.1
AgfaPhoto APX 400,D-76,1+1,400,14.0,11.9,12.6
AgfaPhoto APX 400,D-76,1+1,800,17.0,14.45,15.3
AgfaPhoto APX 400,D-76,1+3,400,28.0,23.8,25.2
AgfaPhoto APX 400,D-76,stock,400,9.5,8.07,8.55
AgfaPhoto APX 400,D-76,stock,800,12.5,10.62,11.25
AgfaPhoto APX 400,D-96,stock,400,9.5,8.07,8.55
AgfaPhoto APX 400,DK-50,stock,320,5.0,4.25,4.5
AgfaPhoto APX 400,Eco Pro,1+1,1600,18.0,15.3,16.2
AgfaPhoto APX 400,Eco Pro,1+1,400,12.0,10.2,10.8
AgfaPhoto APX 400,Eco Pro,1+1,800,14.5,12.32,13.05
AgfaPhoto APX 400,Eco Pro,1+3,400,18.5,15.72,16.65
AgfaPhoto APX 400,Eco Pro,stock,1600,13.0,11.05,11.7
AgfaPhoto APX 400,Eco Pro,stock,3200,17.5,14.88,15.75
AgfaPhoto APX 400,Eco Pro,stock,400,9.0,7.65,8.1
AgfaPhoto APX 400,Eco Pro,stock,800,10.5,8.92,9.45
AgfaPhoto APX 400,FD10,1+9,400,12.0,10.2,10.8
AgfaPhoto APX 400,FD10,1+9,400,8.0,6.8,7.2
AgfaPhoto APX 400,Fomadon Excel,stock,400,11.0,9.35,9.9
AgfaPhoto APX 400,Fomadon LQN,1+10,400,9.5,8.07,8.55
AgfaPhoto APX 400,Fomadon P,stock,400,13.0,11.05,11.7
AgfaPhoto APX 400,Fomadon R09,1+50,400,10.75,9.14,9.68
AgfaPhoto APX 400,FX-39,1+19,400,37.0,31.45,33.3
AgfaPhoto APX 400,FX-39,1+9,400,11.0,9.35,9.9
AgfaPhoto APX 400,HC-110,B,1600,12.0,10.2,10.8
AgfaPhoto APX 400,HC-110,B,400,8.0,6.8,7.2
AgfaPhoto APX 400,HC-110,B,800,11.5,9.78,10.35
AgfaPhoto APX 400,HC-110,E,400,11.75,9.99,10.58
AgfaPhoto APX 400,HC-110,F,400,16.0,13.6,14.4
AgfaPhoto APX 400,ID-11,1+1,400,16.5,14.03,14.85
AgfaPhoto APX 400,ID-11,1+1,800,20.5,17.43,18.45
AgfaPhoto APX 400,ID-11,1+3,400,25.5,21.68,22.95
AgfaPhoto APX 400,ID-11,stock,1600,18.0,15.3,16.2
AgfaPhoto APX 400,ID-11,stock,400,9.5,8.07,8.55
AgfaPhoto APX 400,ID-11,stock,800,13.0,11.05,11.7
AgfaPhoto APX 400,Ilfosol 3,1+14,400,11.0,9.35,9.9
AgfaPhoto APX 400,Ilfosol 3,1+9,1600,17.0,14.45,15.3
AgfaPhoto APX 400,Ilfosol 3,1+9,400,6.75,5.74,6.08
AgfaPhoto APX 400,Ilfosol 3,1+9,800,10.5,8.92,9.45
AgfaPhoto APX 400,Ilfotec DD-X,1+4,400,11.5,9.78,10.35
AgfaPhoto APX 400,Ilfotec DD-X,1+4,800,13.0,11.05,11.7
AgfaPhoto APX 400,Ilfotec HC,1+15,400,4.5,3.82,4.05
AgfaPhoto APX 400,Ilfotec HC,1+15,800,6.5,5.52,5.85
AgfaPhoto APX 400,Ilfotec HC,1+31,400,8.0,6.8,7.2
AgfaPhoto APX 400,Ilfotec HC,1+31,800,12.5,10.62,11.25
AgfaPhoto APX 400,Ilfotec LC29,1+19,250,8.0,6.8,7.2
AgfaPhoto APX 400,Ilfotec LC29,1+19,400,8.0,6.8,7.2
AgfaPhoto APX 400,Ilfotec LC29,1+19,800,12.5,10.62,11.25
AgfaPhoto APX 400,Ilfotec LC29,1+29,200,9.0,7.65,8.1
AgfaPhoto APX 400,Ilfotec LC29,1+29,400,11.0,9.35,9.9
AgfaPhoto APX 400,Ilfotec LC29,1+9,400,4.5,3.82,4.05
AgfaPhoto APX 400,Ilfotec LC29,1+9,800,6.5,5.52,5.85
AgfaPhoto APX 400,Microphen,1+1,400,15.0,12.75,13.5
AgfaPhoto APX 400,Microphen,1+1,800,19.0,16.15,17.1
AgfaPhoto APX 400,Microphen,1+3,200,9.0,7.65,8.1
AgfaPhoto APX 400,Microphen,stock,1600,17.0,14.45,15.3
AgfaPhoto APX 400,Microphen,stock,400,8.0,6.8,7.2
AgfaPhoto APX 400,Microphen,stock,800,10.0,8.5,9.0
AgfaPhoto APX 400,Perceptol,1+1,320,23.0,19.55,20.7
AgfaPhoto APX 400,PMK,1+2+100,400,13.0,11.05,11.7
AgfaPhoto APX 400,Rodinal,1+25,1600,25.0,21.25,22.5
AgfaPhoto APX 400,Rodinal,1+25,1600,30.0,25.5,27.0
AgfaPhoto APX 400,Rodinal,1+25,400,11.5,9.78,10.35
AgfaPhoto APX 400,Rodinal,1+25,800,19.0,16.15,17.1
AgfaPhoto APX 400,Rodinal,1+50,320,21.0,17.85,18.9
AgfaPhoto APX 400,Rodinal,1+50,400,21.0,17.85,18.9
AgfaPhoto APX 400,Rodinal,1+50,800,31.5,26.77,28.35
AgfaPhoto APX 400,Rollei Supergrain,1+9,400,6.0,5.1,5.4
AgfaPhoto APX 400,Spur HRX,1+17,320,15.0,12.75,13.5
AgfaPhoto APX 400,Spur SLD,1+14,400,15.0,12.75,13.5
AgfaPhoto APX 400,Spur Speed-Major,1+11,800,11.0,9.35,9.9
AgfaPhoto APX 400,Spur Speed-Major,1+20,500,11.0,9.35,9.9
AgfaPhoto APX 400,Spur Speed-Major,1+24,400,9.0,7.65,8.1
AgfaPhoto APX 400,Spur Speed-Major,1+7,1600,15.0,12.75,13.5
AgfaPhoto APX 400,Spur Speed-Major,1+9,1000,13.0,11.05,11.7
AgfaPhoto APX 400,Spur TRX 2000,1+24,400,13.5,11.47,12.15
AgfaPhoto APX 400,Spur UFP,1+20,400,11.5,9.78,10.35
AgfaPhoto APX 400,Studional,1+30,400,8.0,6.8,7.2
AgfaPhoto APX 400,TMax Dev,1+4,400,5.5,4.67,4.95
AgfaPhoto APX 400,TMax Dev,1+9,1600,18.0,15.3,16.2
AgfaPhoto APX 400,TMax Dev,1+9,400,10.0,8.5,9.0
AgfaPhoto APX 400,TMax RS,stock,400,6.5,5.52,5.85
AgfaPhoto APX 400,Ultrafin T-Plus,1+4,400,10.0,8.5,9.0
AgfaPhoto APX 400,Uncle Mort's,1+9,400,10.0,8.5,9.0
AgfaPhoto APX 400,Wehner Developer,1+1+18,400,19.75,16.79,17.78
AgfaPhoto APX 400,XT-3,1+1,1600,18.0,15.3,16.2
AgfaPhoto APX 400,XT-3,1+1,400,12.0,10.2,10.8
AgfaPhoto APX 400,XT-3,1+1,800,14.5,12.32,13.05
AgfaPhoto APX 400,XT-3,1+3,400,18.5,15.72,16.65
AgfaPhoto APX 400,XT-3,stock,1600,13.0,11.05,11.7
AgfaPhoto APX 400,XT-3,stock,3200,17.5,14.88,15.75
AgfaPhoto APX 400,XT-3,stock,400,9.0,7.65,8.1
AgfaPhoto APX 400,XT-3,stock,800,10.5,8.92,9.45
AgfaPhoto APX 400,Xtol,1+1,1600,18.0,15.3,16.2
AgfaPhoto APX 400,Xtol,1+1,400,12.0,10.2,10.8
AgfaPhoto APX 400,Xtol,1+1,800,14.5,12.32,13.05
AgfaPhoto APX 400,Xtol,1+3,400,18.5,15.72,16.65
AgfaPhoto APX 400,Xtol,1+5,400,71.0,60.35,63.9
AgfaPhoto APX 400,Xtol,stock,1600,13.0,11.05,11.7
AgfaPhoto APX 400,Xtol,stock,3200,17.5,14.88,15.75
AgfaPhoto APX 400,Xtol,stock,400,9.0,7.65,8.1
AgfaPhoto APX 400,Xtol,stock,800,10.5,8.92,9.45
Argenti ARF+ 400,Fomadon LQN,1+10,400,10.0,8.5,9.0
Argenti ARF+ 400,HC-110,1+31,400,6.0,5.1,5.4
Argenti ARF+ 400,HC-110,H,400,12.0,10.2,10.8
Argenti ARF+ 400,Rodinal,1+50,1600,28.0,23.8,25.2
Argenti ARF+ 400,Rodinal,1+50,400,12.5,10.62,11.25
Argenti LSRF,Eco Pro,stock,50,8.0,6.8,7.2
Argenti LSRF,Fomadon LQN,1+10,50,7.0,5.95,6.3
Argenti LSRF,HC-110,H,25,12.5,10.62,11.25
Argenti LSRF,Rodinal,1+25,50,6.0,5.1,5.4
Argenti LSRF,Rollei D74,1+15,50,8.0,6.8,7.2
Argenti LSRF,Studional,1+15,50,7.5,6.38,6.75
Argenti LSRF,Uncle Mort's,1+9,50,8.0,6.8,7.2
Argenti LSRF,XT-3,stock,50,8.0,6.8,7.2
Argenti LSRF,Xtol,stock,50,8.0,6.8,7.2
Argenti Nanotomic-X,Eco Pro,stock,100,12.0,10.2,10.8
Argenti Nanotomic-X,Rodinal,1+200,25,60.0,51.0,54.0
Argenti Nanotomic-X,Studional,1+45,12,7.0,5.95,6.3
Argenti Nanotomic-X,XT-3,stock,100,12.0,10.2,10.8
Argenti Nanotomic-X,Xtol,stock,100,12.0,10.2,10.8
Argenti Pan-X,Finol,1+1+100,100,11.0,9.35,9.9
Argenti Pan-X,Rodinal,1+24,100,7.0,5.95,6.3
Argenti Pan-X,Rodinal,1+24,200,10.0,8.5,9.0
Argenti Pan-X,Rodinal,1+24,400,22.0,18.7,19.8
Argenti Panchromatic (Contrasto),Rodinal,1+25,200,8.0,6.8,7.2
Argenti Protopan 400,Acufine,stock,400,17.0,14.45,15.3
Argenti Protopan 400,D-76,stock,400,10.0,8.5,9.0
Argenti Protopan 400,Eco Pro,1+2,400,17.0,14.45,15.3
Argenti Protopan 400,HC-110,B,400,7.0,5.95,6.3
Argenti Protopan 400,ID-11,1+1,400,11.0,9.35,9.9
Argenti Protopan 400,Rodinal,1+25,400,10.0,8.5,9.0
Argenti Protopan 400,Rollei D74,1+15,400,5.5,4.67,4.95
Argenti Protopan 400,Studional,1+15,400,8.0,6.8,7.2
Argenti Protopan 400,Studional,1+30,200,7.75,6.59,6.98
Argenti Protopan 400,Studional,1+30,400,10.25,8.71,9.22
Argenti Protopan 400,Tanol,1+1+100,200,19.0,16.15,17.1
Argenti Protopan 400,Uncle Mort's,1+9,320,13.0,11.05,11.7
Argenti Protopan 400,XT-3,1+2,400,17.0,14.45,15.3
Argenti Protopan 400,Xtol,1+2,400,17.0,14.45,15.3
Arista EDU DX 100,Arista® 76 Powder,1+1,100,11.5,9.78,10.35
Arista EDU DX 100,Arista® 76 Powder,stock,100,9.0,7.65,8.1
Arista EDU DX 100,Arista® Liquid,1+9,100,7.0,5.95,6.3
Arista EDU DX 100,Arista® Premium Liquid,1+9,100,7.0,5.95,6.3
Arista EDU DX 100,Arista® Premium Powder,1+1,100,7.0,5.95,6.3
Arista EDU DX 100,Arista® Premium Powder,stock,100,6.0,5.1,5.4
Arista EDU DX 100,D-76,1+1,100,11.5,9.78,10.35
Arista EDU DX 100,D-76,1+1,200,15.5,13.17,13.95
Arista EDU DX 100,D-76,1+1,50,8.5,7.22,7.65
Arista EDU DX 100,D-76,1+3,100,20.0,17.0,18.0
Arista EDU DX 100,D-76,1+3,50,17.5,14.88,15.75
Arista EDU DX 100,D-76,stock,100,9.0,7.65,8.1
Arista EDU DX 100,D-76,stock,200,11.0,9.35,9.9
Arista EDU DX 100,D-76,stock,50,7.0,5.95,6.3
Arista EDU DX 100,HC-110,B,100,5.75,4.89,5.17
Arista EDU DX 100,ID-11,stock,100,9.0,7.65,8.1
Arista EDU DX 100,LegacyPro® L-110,1+31,100,5.75,4.89,5.17
Arista EDU DX 100,Marathon,1+9,100,6.0,5.1,5.4
Arista EDU DX 100,Rodinal,1+25,100,9.0,7.65,8.1
Arista EDU DX 400,Arista® 76 Powder,1+1,400,14.0,11.9,12.6
Arista EDU DX 400,Arista® 76 Powder,stock,400,9.5,8.07,8.55
Arista EDU DX 400,Arista® Liquid,1+9,400,7.0,5.95,6.3
Arista EDU DX 400,Arista® Premium Liquid,1+9,400,7.0,5.95,6.3
Arista EDU DX 400,Arista® Premium Powder,1+1,400,6.5,5.52,5.85
Arista EDU DX 400,Arista® Premium Powder,stock,400,5.5,4.67,4.95
Arista EDU DX 400,D-76,1+1,400,14.0,11.9,12.6
Arista EDU DX 400,D-76,1+1,800,17.0,14.45,15.3
Arista EDU DX 400,D-76,1+3,400,28.0,23.8,25.2
Arista EDU DX 400,D-76,stock,400,9.5,8.07,8.55
Arista EDU DX 400,D-76,stock,800,12.5,10.62,11.25
Arista EDU DX 400,HC-110,B,400,6.0,5.1,5.4
Arista EDU DX 400,ID-11,stock,400,9.5,8.07,8.55
Arista EDU DX 400,LegacyPro® L-110,1+31,400,6.0,5.1,5.4
Arista EDU DX 400,LegacyPro® L-110,H,400,10.0,8.5,9.0
Arista EDU DX 400,Marathon,1+9,400,6.25,5.31,5.62
Arista EDU DX 400,Rodinal,1+25,400,7.5,6.38,6.75
Arista EDU DX 400,Xtol,1+1,400,11.0,9.35,9.9
Arista EDU Ultra 100,510-Pyro,1+100,200,18.5,15.72,16.65
Arista EDU Ultra 100,510-Pyro,1+100,80,10.5,8.92,9.45
Arista EDU Ultra 100,Acufine,stock,100,3.5,2.98,3.15
Arista EDU Ultra 100,Arista® Premium,1+9,100,7.0,5.95,6.3
Arista EDU Ultra 100,Atomal 49,1+1,100,13.0,11.05,11.7
Arista EDU Ultra 100,Atomal 49,1+2,100,17.0,14.45,15.3
Arista EDU Ultra 100,Black/White & Green,1+49,100,11.75,9.99,10.58
Arista EDU Ultra 100,Cawanol,stock,100,17.0,14.45,15.3
Arista EDU Ultra 100,D-23,1+1,100,18.5,15.72,16.65
Arista EDU Ultra 100,D-23,stock,100,11.0,9.35,9.9
Arista EDU Ultra 100,D-23,stock,200,15.0,12.75,13.5
Arista EDU Ultra 100,D-76,1+1,100,10.0,8.5,9.0
Arista EDU Ultra 100,D-76,1+3,100,17.0,14.45,15.3
Arista EDU Ultra 100,D-96,stock,100,8.0,6.8,7.2
Arista EDU Ultra 100,DK-50,1+1,50,2.0,1.7,1.8
Arista EDU Ultra 100,Eco Pro,1+2,125,9.0,7.65,8.1
Arista EDU Ultra 100,F76+,1+9,100,7.0,5.95,6.3
Arista EDU Ultra 100,Fomadon LQN,1+10,100,18.0,15.3,16.2
Arista EDU Ultra 100,HC-110,B,100,6.0,5.1,5.4
Arista EDU Ultra 100,HC-110,B,50,4.5,3.82,4.05
Arista EDU Ultra 100,HC-110,H,100,11.5,9.78,10.35
Arista EDU Ultra 100,Ilfosol 3,1+14,100,6.0,5.1,5.4
Arista EDU Ultra 100,Ilfosol 3,1+9,100,5.0,4.25,4.5
Arista EDU Ultra 100,Ilfotec HC,1+79,100,13.0,11.05,11.7
Arista EDU Ultra 100,Ilfotec LC29,1+19,100,7.0,5.95,6.3
Arista EDU Ultra 100,Liquidol,1+19,100,1.0,0.85,0.9
Arista EDU Ultra 100,Marathon,1+9,100,6.0,5.1,5.4
Arista EDU Ultra 100,Microdol-X,stock,100,8.0,6.8,7.2
Arista EDU Ultra 100,PC-TEA,1+50,100,10.0,8.5,9.0
Arista EDU Ultra 100,Perceptol,stock,100,8.0,6.8,7.2
Arista EDU Ultra 100,Perceptol,stock,50,7.5,6.38,6.75
Arista EDU Ultra 100,Promicrol,1+14,200,13.0,11.05,11.7
Arista EDU Ultra 100,Rodinal,1+100,50,7.0,5.95,6.3
Arista EDU Ultra 100,Rodinal,1+25,100,3.5,2.98,3.15
Arista EDU Ultra 100,Rodinal,1+50,100,7.0,5.95,6.3
Arista EDU Ultra 100,Sprint Standard,1+9,100,8.5,7.22,7.65
Arista EDU Ultra 100,TMax RS,stock,100,5.5,4.67,4.95
Arista EDU Ultra 100,Ultrafin,1+20,100,7.5,6.38,6.75
Arista EDU Ultra 100,Ultrafin,1+20,100,4.5,3.82,4.05
Arista EDU Ultra 100,Ultrafin T-Plus,1+8,100,9.0,7.65,8.1
Arista EDU Ultra 100,WD2D+,1+1+50,50,7.0,5.95,6.3
Arista EDU Ultra 100,XT-3,1+2,125,9.0,7.65,8.1
Arista EDU Ultra 100,Xtol,1+2,125,9.0,7.65,8.1
Arista EDU Ultra 200,510-Pyro,1+100,100,11.25,9.56,10.12
Arista EDU Ultra 200,510-Pyro,1+100,800,13.5,11.47,12.15
Arista EDU Ultra 200,Acufine,stock,200,3.0,2.55,2.7
Arista EDU Ultra 200,Arista® Premium,1+9,200,7.5,6.38,6.75
Arista EDU Ultra 200,Atomal 49,1+1,200,13.0,11.05,11.7
Arista EDU Ultra 200,Atomal 49,1+2,200,17.0,14.45,15.3
Arista EDU Ultra 200,Atomal 49,3+2,200,8.0,6.8,7.2
Arista EDU Ultra 200,Black/White & Green,1+49,200,10.0,8.5,9.0
Arista EDU Ultra 200,Caffenol C-L,stock,200,70.0,59.5,63.0
Arista EDU Ultra 200,Cawanol,stock,200,15.0,12.75,13.5
Arista EDU Ultra 200,D-76,1+3,400,18.0,15.3,16.2
Arista EDU Ultra 200,Eco Pro,1+1,200,9.0,7.65,8.1
Arista EDU Ultra 200,Eco Pro,stock,200,6.0,5.1,5.4
Arista EDU Ultra 200,F76+,1+9,200,7.5,6.38,6.75
Arista EDU Ultra 200,HC-110,B,200,3.5,2.98,3.15
Arista EDU Ultra 200,HC-110,B,400,7.0,5.95,6.3
Arista EDU Ultra 200,HC-110,E,800,12.5,10.62,11.25
Arista EDU Ultra 200,ID-11,1+3,400,18.0,15.3,16.2
Arista EDU Ultra 200,Ilfosol 3,1+9,200,6.0,5.1,5.4
Arista EDU Ultra 200,Ilfotec DD-X,1+4,200,6.0,5.1,5.4
Arista EDU Ultra 200,Ilfotec HC,1+31,800,12.0,10.2,10.8
Arista EDU Ultra 200,Marathon,1+9,100,5.0,4.25,4.5
Arista EDU Ultra 200,Microdol-X,1+1,200,8.5,7.22,7.65
Arista EDU Ultra 200,Microdol-X,stock,200,9.0,7.65,8.1
Arista EDU Ultra 200,Perceptol,1+1,200,7.5,6.38,6.75
Arista EDU Ultra 200,Perceptol,stock,200,6.0,5.1,5.4
Arista EDU Ultra 200,PMK,1+2+50,250,12.0,10.2,10.8
Arista EDU Ultra 200,Rodinal,1+25,200,5.0,4.25,4.5
Arista EDU Ultra 200,Rodinal,1+50,400,14.0,11.9,12.6
Arista EDU Ultra 200,Silberra Ascorol,1+29,200,7.0,5.95,6.3
Arista EDU Ultra 200,Sprint Standard,1+9,200,6.5,5.52,5.85
Arista EDU Ultra 200,TMax RS,stock,200,4.5,3.82,4.05
Arista EDU Ultra 200,Ultrafin,1+20,200,7.5,6.38,6.75
Arista EDU Ultra 200,XT-3,1+1,200,9.0,7.65,8.1
Arista EDU Ultra 200,XT-3,stock,200,6.0,5.1,5.4
Arista EDU Ultra 200,Xtol,1+1,200,9.0,7.65,8.1
Arista EDU Ultra 200,Xtol,stock,200,6.0,5.1,5.4
Arista EDU Ultra 400,Acufine,stock,400,6.0,5.1,5.4
Arista EDU Ultra 400,Arista® 76 Powder,1+1,400,13.0,11.05,11.7
Arista EDU Ultra 400,Arista® Premium,1+9,400,8.0,6.8,7.2
Arista EDU Ultra 400,Atomal 49,1+1,400,13.0,11.05,11.7
Arista EDU Ultra 400,Atomal 49,1+2,400,17.0,14.45,15.3
Arista EDU Ultra 400,Black/White & Green,1+49,400,13.5,11.47,12.15
Arista EDU Ultra 400,Caffenol C-L,stock,1600,64.0,54.4,57.6
Arista EDU Ultra 400,Caffenol Delta STD,stock,400,16.0,13.6,14.4
Arista EDU Ultra 400,Cawanol,stock,400,17.0,14.45,15.3
Arista EDU Ultra 400,D-76,1+1,800,17.0,14.45,15.3
Arista EDU Ultra 400,D-76,stock,1600,20.0,17.0,18.0
Arista EDU Ultra 400,DS-10,1+1,400,13.0,11.05,11.7
Arista EDU Ultra 400,Eco Pro,1+1,400,9.5,8.07,8.55
Arista EDU Ultra 400,Eco Pro,1+1,400,12.0,10.2,10.8
Arista EDU Ultra 400,Eco Pro,stock,400,7.0,5.95,6.3
Arista EDU Ultra 400,F76+,1+9,400,8.0,6.8,7.2
Arista EDU Ultra 400,Fomadon Excel,1+1,400,9.5,8.07,8.55
Arista EDU Ultra 400,Fomadon Excel,1+3,400,12.5,10.62,11.25
Arista EDU Ultra 400,Fomadon Excel,stock,400,7.0,5.95,6.3
Arista EDU Ultra 400,HC-110,B,1600,12.5,10.62,11.25
Arista EDU Ultra 400,HC-110,B,320,6.0,5.1,5.4
Arista EDU Ultra 400,HC-110,B,400,7.0,5.95,6.3
Arista EDU Ultra 400,HC-110,E,200,7.5,6.38,6.75
Arista EDU Ultra 400,HC-110,H,100,11.0,9.35,9.9
Arista EDU Ultra 400,HC-110,H,400,13.0,11.05,11.7
Arista EDU Ultra 400,Ilfosol 3,1+9,400,8.5,7.22,7.65
Arista EDU Ultra 400,Ilfotec DD-X,1+9,400,12.0,10.2,10.8
Arista EDU Ultra 400,Marathon,1+9,100,6.5,5.52,5.85
Arista EDU Ultra 400,Microdol-X,1+3,400,32.0,27.2,28.8
Arista EDU Ultra 400,Microdol-X,stock,400,15.0,12.75,13.5
Arista EDU Ultra 400,Promicrol,1+14,800,15.0,12.75,13.5
Arista EDU Ultra 400,Rodinal,1+100,400,120.0,102.0,108.0
Arista EDU Ultra 400,Rodinal,1+25,400,5.5,4.67,4.95
Arista EDU Ultra 400,Rodinal,1+50,400,11.0,9.35,9.9
Arista EDU Ultra 400,Silberra Ascorol,1+29,400,9.0,7.65,8.1
Arista EDU Ultra 400,Sprint Standard,1+9,400,13.0,11.05,11.7
Arista EDU Ultra 400,TMax RS,stock,400,8.0,6.8,7.2
Arista EDU Ultra 400,Ultrafin,1+20,400,15.0,12.75,13.5
Arista EDU Ultra 400,WD2D+,stock,320,13.5,11.47,12.15
Arista EDU Ultra 400,XT-3,1+1,400,9.5,8.07,8.55
Arista EDU Ultra 400,XT-3,1+3,400,12.5,10.62,11.25
Arista EDU Ultra 400,XT-3,stock,400,7.0,5.95,6.3
Arista EDU Ultra 400,Xtol,1+1,400,9.5,8.07,8.55
Arista EDU Ultra 400,Xtol,1+3,400,12.5,10.62,11.25
Arista EDU Ultra 400,Xtol,stock,400,7.0,5.95,6.3
Arista Ortho Litho,D-76,1+3,3,7.0,5.95,6.3
Arista Ortho Litho,Dektol,1+30,6,2.0,1.7,1.8
Arista Ortho Litho,HC-110,1+200,6,14.0,11.9,12.6
Arista Ortho Litho,HC-110,stock,3,6.5,5.52,5.85
Arista Ortho Litho,Ilfotec DD-X,1+19,1.5,8.0,6.8,7.2
Arista Ortho Litho,PMK,1+1+100,0.8,6.0,5.1,5.4
Arista Ortho Litho,Rodinal,1+100,6,3.0,2.55,2.7
Arista Premium 100,Arista® Liquid,1+9,125,5.75,4.89,5.17
Arista Premium 100,Arista® Liquid,1+9,125,5.5,4.67,4.95
Arista Premium 100,Arista® Premium,1+9,125,5.5,4.67,4.95
Arista Premium 100,D-23,1+1,125,13.0,11.05,11.7
Arista Premium 100,D-23,1+3,125,16.0,13.6,14.4
Arista Premium 100,D-23,stock,125,7.0,5.95,6.3
Arista Premium 100,D-76,1+1,125,8.5,7.22,7.65
Arista Premium 100,D-76,1+1,125,7.0,5.95,6.3
Arista Premium 100,D-76,1+1,250,8.5,7.22,7.65
Arista Premium 100,D-76,1+3,125,13.0,11.05,11.7
Arista Premium 100,D-76,stock,125,5.5,4.67,4.95
Arista Premium 100,D-76,stock,250,5.5,4.67,4.95
Arista Premium 100,D-76,stock,500,7.75,6.59,6.98
Arista Premium 100,Eco Pro,1+1,1000,14.75,12.54,13.28
Arista Premium 100,Eco Pro,1+1,1000,15.5,13.17,13.95
Arista Premium 100,Eco Pro,1+1,125,8.25,7.01,7.42
Arista Premium 100,Eco Pro,1+1,125,7.5,6.38,6.75
Arista Premium 100,Eco Pro,1+1,250,8.25,7.01,7.42
Arista Premium 100,Eco Pro,1+1,250,8.75,7.44,7.88
Arista Premium 100,Eco Pro,1+1,32,6.5,5.52,5.85
Arista Premium 100,Eco Pro,1+1,500,12.25,10.41,11.03
Arista Premium 100,Eco Pro,1+1,500,11.0,9.35,9.9
Arista Premium 100,Eco Pro,1+1,64,6.5,5.52,5.85
Arista Premium 100,Eco Pro,1+2,1000,16.5,14.03,14.85
Arista Premium 100,Eco Pro,1+2,125,8.5,7.22,7.65
Arista Premium 100,Eco Pro,1+2,250,9.75,8.29,8.78
Arista Premium 100,Eco Pro,1+2,32,7.5,6.38,6.75
Arista Premium 100,Eco Pro,1+2,500,13.0,11.05,11.7
Arista Premium 100,Eco Pro,1+2,64,7.5,6.38,6.75
Arista Premium 100,Eco Pro,1+3,1000,19.5,16.57,17.55
Arista Premium 100,Eco Pro,1+3,125,10.5,8.92,9.45
Arista Premium 100,Eco Pro,1+3,250,12.0,10.2,10.8
Arista Premium 100,Eco Pro,1+3,32,9.5,8.07,8.55
Arista Premium 100,Eco Pro,1+3,500,15.5,13.17,13.95
Arista Premium 100,Eco Pro,1+3,64,9.5,8.07,8.55
Arista Premium 100,Eco Pro,stock,1000,10.0,8.5,9.0
Arista Premium 100,Eco Pro,stock,1000,10.25,8.71,9.22
Arista Premium 100,Eco Pro,stock,125,5.5,4.67,4.95
Arista Premium 100,Eco Pro,stock,125,5.25,4.46,4.73
Arista Premium 100,Eco Pro,stock,250,5.5,4.67,4.95
Arista Premium 100,Eco Pro,stock,250,6.5,5.52,5.85
Arista Premium 100,Eco Pro,stock,32,4.5,3.82,4.05
Arista Premium 100,Eco Pro,stock,500,8.25,7.01,7.42
Arista Premium 100,Eco Pro,stock,500,8.0,6.8,7.2
Arista Premium 100,Eco Pro,stock,64,4.5,3.82,4.05
Arista Premium 100,Extend Plus,1+15,125,8.0,6.8,7.2
Arista Premium 100,F76+,1+9,125,5.5,4.67,4.95
Arista Premium 100,FD10,1+14,125,10.0,8.5,9.0
Arista Premium 100,FD10,1+9,125,7.0,5.95,6.3
Arista Premium 100,FX-1,stock,200,13.0,11.05,11.7
Arista Premium 100,FX-19,stock,100,8.0,6.8,7.2
Arista Premium 100,FX-37,1+3,200,5.5,4.67,4.95
Arista Premium 100,FX-39,1+9,125,6.5,5.52,5.85
Arista Premium 100,HC-110,B,125,3.5,2.98,3.15
Arista Premium 100,HC-110,B,125,5.0,4.25,4.5
Arista Premium 100,HC-110,B,250,3.5,2.98,3.15
Arista Premium 100,ID-11,1+1,125,8.5,7.22,7.65
Arista Premium 100,ID-11,1+1,125,7.0,5.95,6.3
Arista Premium 100,ID-11,1+1,250,8.5,7.22,7.65
Arista Premium 100,ID-11,1+3,125,13.0,11.05,11.7
Arista Premium 100,ID-11,stock,125,5.5,4.67,4.95
Arista Premium 100,ID-11,stock,250,5.5,4.67,4.95
Arista Premium 100,ID-11,stock,500,7.75,6.59,6.98
Arista Premium 100,Ilfosol 3,1+14,125,8.5,7.22,7.65
Arista Premium 100,Ilfosol 3,1+9,125,5.0,4.25,4.5
Arista Premium 100,Ilfotec DD-X,1+4,125,6.0,5.1,5.4
Arista Premium 100,Ilfotec DD-X,1+4,200,8.0,6.8,7.2
Arista Premium 100,Ilfotec DD-X,1+4,64,5.0,4.25,4.5
Arista Premium 100,Ilfotec HC,1+31,100,5.5,4.67,4.95
Arista Premium 100,Ilfotec LC29,1+19,100,5.5,4.67,4.95
Arista Premium 100,Ilfotec LC29,1+29,100,9.0,7.65,8.1
Arista Premium 100,Marathon,1+9,100,4.0,3.4,3.6
Arista Premium 100,Microdol-X,1+3,125,13.0,11.05,11.7
Arista Premium 100,Microdol-X,1+3,250,13.0,11.05,11.7
Arista Premium 100,Microdol-X,stock,125,8.0,6.8,7.2
Arista Premium 100,Microdol-X,stock,125,7.0,5.95,6.3
Arista Premium 100,Microdol-X,stock,250,8.0,6.8,7.2
Arista Premium 100,Microphen,1+1,200,8.5,7.22,7.65
Arista Premium 100,Microphen,1+3,200,13.5,11.47,12.15
Arista Premium 100,Microphen,stock,200,6.0,5.1,5.4
Arista Premium 100,Microphen,stock,400,19.5,16.57,17.55
Arista Premium 100,Microphen,stock,640,18.0,15.3,16.2
Arista Premium 100,Neofin Blue,stock,125,18.0,15.3,16.2
Arista Premium 100,Nucleol BF200,20+15+965,125,7.0,5.95,6.3
Arista Premium 100,Nucleol BF200,20+15+965,250,11.0,9.35,9.9
Arista Premium 100,Nucleol BF200,35+20+945,400,12.0,10.2,10.8
Arista Premium 100,Ornano Gradual ST20,1+9,125,6.25,5.31,5.62
Arista Premium 100,Ornano Gradual ST20,1+9,250,7.5,6.38,6.75
Arista Premium 100,Ornano Gradual ST20,1+9,500,9.5,8.07,8.55
Arista Premium 100,Perceptol,1+1,64,9.5,8.07,8.55
Arista Premium 100,Perceptol,1+3,125,18.0,15.3,16.2
Arista Premium 100,Perceptol,1+3,64,12.0,10.2,10.8
Arista Premium 100,Perceptol,stock,64,8.0,6.8,7.2
Arista Premium 100,PMK,1+2+100,80,10.0,8.5,9.0
Arista Premium 100,Promicrol,1+14,125,5.5,4.67,4.95
Arista Premium 100,Promicrol,1+14,185,7.0,5.95,6.3
Arista Premium 100,Promicrol,1+14,250,7.0,5.95,6.3
Arista Premium 100,Promicrol,1+9,125,4.0,3.4,3.6
Arista Premium 100,Promicrol,1+9,185,5.0,4.25,4.5
Arista Premium 100,Promicrol,1+9,250,5.0,4.25,4.5
Arista Premium 100,Rodinal,1+100,64,10.0,8.5,9.0
Arista Premium 100,Rodinal,1+25,125,6.0,5.1,5.4
Arista Premium 100,Rodinal,1+50,125,13.0,11.05,11.7
Arista Premium 100,Sprint Standard,1+9,125,8.5,7.22,7.65
Arista Premium 100,Studional,1+15,125,5.0,4.25,4.5
Arista Premium 100,Suprol,1+19,125,2.0,1.7,1.8
Arista Premium 100,Suprol,1+19,125,2.5,2.12,2.25
Arista Premium 100,TMax Dev,1+4,125,5.75,4.89,5.17
Arista Premium 100,TMax Dev,1+4,250,5.75,4.89,5.17
Arista Premium 100,TMax RS,stock,125,4.25,3.61,3.83
Arista Premium 100,TMax RS,stock,125,5.5,4.67,4.95
Arista Premium 100,TMax RS,stock,250,4.25,3.61,3.83
Arista Premium 100,TMax RS,stock,250,5.5,4.67,4.95
Arista Premium 100,Ultrafin,1+10,125,8.0,6.8,7.2
Arista Premium 100,Ultrafin,1+20,125,15.0,12.75,13.5
Arista Premium 100,XT-3,1+1,1000,14.75,12.54,13.28
Arista Premium 100,XT-3,1+1,1000,15.5,13.17,13.95
Arista Premium 100,XT-3,1+1,125,8.25,7.01,7.42
Arista Premium 100,XT-3,1+1,125,7.5,6.38,6.75
Arista Premium 100,XT-3,1+1,250,8.25,7.01,7.42
Arista Premium 100,XT-3,1+1,250,8.75,7.44,7.88
Arista Premium 100,XT-3,1+1,32,6.5,5.52,5.85
Arista Premium 100,XT-3,1+1,500,12.25,10.41,11.03
Arista Premium 100,XT-3,1+1,500,11.0,9.35,9.9
Arista Premium 100,XT-3,1+1,64,6.5,5.52,5.85
Arista Premium 100,XT-3,1+2,1000,16.5,14.03,14.85
Arista Premium 100,XT-3,1+2,125,8.5,7.22,7.65
Arista Premium 100,XT-3,1+2,250,9.75,8.29,8.78
Arista Premium 100,XT-3,1+2,32,7.5,6.38,6.75
Arista Premium 100,XT-3,1+2,500,13.0,11.05,11.7
Arista Premium 100,XT-3,1+2,64,7.5,6.38,6.75
Arista Premium 100,XT-3,1+3,1000,19.5,16.57,17.55
Arista Premium 100,XT-3,1+3,125,10.5,8.92,9.45
Arista Premium 100,XT-3,1+3,250,12.0,10.2,10.8
Arista Premium 100,XT-3,1+3,32,9.5,8.07,8.55
Arista Premium 100,XT-3,1+3,500,15.5,13.17,13.95
Arista Premium 100,XT-3,1+3,64,9.5,8.07,8.55
Arista Premium 100,XT-3,stock,1000,10.0,8.5,9.0
Arista Premium 100,XT-3,stock,1000,10.25,8.71,9.22
Arista Premium 100,XT-3,stock,125,5.5,4.67,4.95
Arista Premium 100,XT-3,stock,125,5.25,4.46,4.73
Arista Premium 100,XT-3,stock,250,5.5,4.67,4.95
Arista Premium 100,XT-3,stock,250,6.5,5.52,5.85
Arista Premium 100,XT-3,stock,32,4.5,3.82,4.05
Arista Premium 100,XT-3,stock,500,8.25,7.01,7.42
Arista Premium 100,XT-3,stock,500,8.0,6.8,7.2
Arista Premium 100,XT-3,stock,64,4.5,3.82,4.05
Arista Premium 100,Xtol,1+1,1000,14.75,12.54,13.28
Arista Premium 100,Xtol,1+1,1000,15.5,13.17,13.95
Arista Premium 100,Xtol,1+1,125,8.25,7.01,7.42
Arista Premium 100,Xtol,1+1,125,7.5,6.38,6.75
Arista Premium 100,Xtol,1+1,250,8.25,7.01,7.42
Arista Premium 100,Xtol,1+1,250,8.75,7.44,7.88
Arista Premium 100,Xtol,1+1,32,6.5,5.52,5.85
Arista Premium 100,Xtol,1+1,500,12.25,10.41,11.03
Arista Premium 100,Xtol,1+1,500,11.0,9.35,9.9
Arista Premium 100,Xtol,1+1,64,6.5,5.52,5.85
Arista Premium 100,Xtol,1+2,1000,16.5,14.03,14.85
Arista Premium 100,Xtol,1+2,125,8.5,7.22,7.65
Arista Premium 100,Xtol,1+2,250,9.75,8.29,8.78
Arista Premium 100,Xtol,1+2,32,7.5,6.38,6.75
Arista Premium 100,Xtol,1+2,500,13.0,11.05,11.7
Arista Premium 100,Xtol,1+2,64,7.5,6.38,6.75
Arista Premium 100,Xtol,1+3,1000,19.5,16.57,17.55
Arista Premium 100,Xtol,1+3,125,10.5,8.92,9.45
Arista Premium 100,Xtol,1+3,250,12.0,10.2,10.8
Arista Premium 100,Xtol,1+3,32,9.5,8.07,8.55
Arista Premium 100,Xtol,1+3,500,15.5,13.17,13.95
Arista Premium 100,Xtol,1+3,64,9.5,8.07,8.55
Arista Premium 100,Xtol,stock,1000,10.0,8.5,9.0
Arista Premium 100,Xtol,stock,1000,10.25,8.71,9.22
Arista Premium 100,Xtol,stock,125,5.5,4.67,4.95
Arista Premium 100,Xtol,stock,125,5.25,4.46,4.73
Arista Premium 100,Xtol,stock,250,5.5,4.67,4.95
Arista Premium 100,Xtol,stock,250,6.5,5.52,5.85
Arista Premium 100,Xtol,stock,32,4.5,3.82,4.05
Arista Premium 100,Xtol,stock,500,8.25,7.01,7.42
Arista Premium 100,Xtol,stock,500,8.0,6.8,7.2
Arista Premium 100,Xtol,stock,64,4.5,3.82,4.05
Arista Premium 400,Amaloco AM74,1+7,400,5.0,4.25,4.5
Arista Premium 400,Arista® Liquid,1+9,400,6.25,5.31,5.62
Arista Premium 400,Arista® Liquid,1+9,400,6.0,5.1,5.4
Arista Premium 400,Arista® Premium,1+9,400,6.0,5.1,5.4
Arista Premium 400,Beutler,1+1+10,200,10.0,8.5,9.0
Arista Premium 400,D-23,1+1,400,13.0,11.05,11.7
Arista Premium 400,D-23,1+3,400,20.0,17.0,18.0
Arista Premium 400,D-23,stock,400,7.5,6.38,6.75
Arista Premium 400,D-76,1+1,1600,13.25,11.26,11.93
Arista Premium 400,D-76,1+1,200,9.5,8.07,8.55
Arista Premium 400,D-76,1+1,3200,16.0,13.6,14.4
Arista Premium 400,D-76,1+1,400,9.75,8.29,8.78
Arista Premium 400,D-76,1+1,50,7.0,5.95,6.3
Arista Premium 400,D-76,stock,1600,9.5,8.07,8.55
Arista Premium 400,D-76,stock,1600,13.0,11.05,11.7
Arista Premium 400,D-76,stock,3200,11.0,9.35,9.9
Arista Premium 400,D-76,stock,400,6.75,5.74,6.08
Arista Premium 400,D-76,stock,400,8.0,6.8,7.2
Arista Premium 400,DK-50,1+1,400,6.0,5.1,5.4
Arista Premium 400,Eco Pro,1+1,100,8.0,6.8,7.2
Arista Premium 400,Eco Pro,1+1,1600,13.25,11.26,11.93
Arista Premium 400,Eco Pro,1+1,1600,11.75,9.99,10.58
Arista Premium 400,Eco Pro,1+1,200,8.0,6.8,7.2
Arista Premium 400,Eco Pro,1+1,3200,15.5,13.17,13.95
Arista Premium 400,Eco Pro,1+1,3200,13.5,11.47,12.15
Arista Premium 400,Eco Pro,1+1,400,9.0,7.65,8.1
Arista Premium 400,Eco Pro,1+1,400,8.75,7.44,7.88
Arista Premium 400,Eco Pro,1+1,800,10.0,8.5,9.0
Arista Premium 400,Eco Pro,1+2,100,8.75,7.44,7.88
Arista Premium 400,Eco Pro,1+2,1600,14.5,12.32,13.05
Arista Premium 400,Eco Pro,1+2,200,8.75,7.44,7.88
Arista Premium 400,Eco Pro,1+2,3200,17.0,14.45,15.3
Arista Premium 400,Eco Pro,1+2,400,10.5,8.92,9.45
Arista Premium 400,Eco Pro,1+2,800,12.5,10.62,11.25
Arista Premium 400,Eco Pro,1+3,100,10.75,9.14,9.68
Arista Premium 400,Eco Pro,1+3,1600,16.5,14.03,14.85
Arista Premium 400,Eco Pro,1+3,200,10.75,9.14,9.68
Arista Premium 400,Eco Pro,1+3,3200,20.0,17.0,18.0
Arista Premium 400,Eco Pro,1+3,400,12.5,10.62,11.25
Arista Premium 400,Eco Pro,1+3,800,14.0,11.9,12.6
Arista Premium 400,Eco Pro,stock,100,5.5,4.67,4.95
Arista Premium 400,Eco Pro,stock,1600,9.75,8.29,8.78
Arista Premium 400,Eco Pro,stock,1600,9.0,7.65,8.1
Arista Premium 400,Eco Pro,stock,200,5.5,4.67,4.95
Arista Premium 400,Eco Pro,stock,3200,11.5,9.78,10.35
Arista Premium 400,Eco Pro,stock,3200,10.5,8.92,9.45
Arista Premium 400,Eco Pro,stock,400,7.0,5.95,6.3
Arista Premium 400,Eco Pro,stock,400,6.75,5.74,6.08
Arista Premium 400,Eco Pro,stock,800,7.75,6.59,6.98
Arista Premium 400,Extend Plus,1+15,400,11.0,9.35,9.9
Arista Premium 400,Extend Plus,1+15,400,9.0,7.65,8.1
Arista Premium 400,F76+,1+9,400,6.25,5.31,5.62
Arista Premium 400,F76+,1+9,400,6.0,5.1,5.4
Arista Premium 400,FA-1027,1+14,400,8.0,6.8,7.2
Arista Premium 400,FA-1027,1+9,400,5.5,4.67,4.95
Arista Premium 400,FD10,1+14,400,13.0,11.05,11.7
Arista Premium 400,FD10,1+9,400,9.0,7.65,8.1
Arista Premium 400,Foma Universal,1+3,400,7.5,6.38,6.75
Arista Premium 400,FX-19,stock,100,9.0,7.65,8.1
Arista Premium 400,FX-39,1+9,400,8.0,6.8,7.2
Arista Premium 400,HC-110,1+100,1600,50.0,42.5,45.0
Arista Premium 400,HC-110,A,400,3.75,3.19,3.38
Arista Premium 400,HC-110,A,800,5.25,4.46,4.73
Arista Premium 400,HC-110,B,1600,16.0,13.6,14.4
Arista Premium 400,HC-110,B,200,6.75,5.74,6.08
Arista Premium 400,HC-110,B,400,7.5,6.38,6.75
Arista Premium 400,HC-110,E,200,4.5,3.82,4.05
Arista Premium 400,ID-11,1+1,1600,13.25,11.26,11.93
Arista Premium 400,ID-11,1+1,200,9.5,8.07,8.55
Arista Premium 400,ID-11,1+1,3200,16.0,13.6,14.4
Arista Premium 400,ID-11,1+1,400,9.75,8.29,8.78
Arista Premium 400,ID-11,1+1,50,7.0,5.95,6.3
Arista Premium 400,ID-11,stock,1600,9.5,8.07,8.55
Arista Premium 400,ID-11,stock,1600,13.0,11.05,11.7
Arista Premium 400,ID-11,stock,3200,11.0,9.35,9.9
Arista Premium 400,ID-11,stock,400,6.75,5.74,6.08
Arista Premium 400,ID-11,stock,400,8.0,6.8,7.2
Arista Premium 400,Ilfosol 3,1+14,1600,24.0,20.4,21.6
Arista Premium 400,Ilfosol 3,1+14,200,8.5,7.22,7.65
Arista Premium 400,Ilfosol 3,1+14,400,12.0,10.2,10.8
Arista Premium 400,Ilfosol 3,1+14,800,18.5,15.72,16.65
Arista Premium 400,Ilfosol 3,1+9,200,5.5,4.67,4.95
Arista Premium 400,Ilfosol 3,1+9,400,7.5,6.38,6.75
Arista Premium 400,Ilfosol 3,1+9,800,10.5,8.92,9.45
Arista Premium 400,Ilfotec DD-X,1+4,1600,14.0,11.9,12.6
Arista Premium 400,Ilfotec DD-X,1+4,200,6.5,5.52,5.85
Arista Premium 400,Ilfotec DD-X,1+4,400,8.0,6.8,7.2
Arista Premium 400,Ilfotec DD-X,1+4,800,10.0,8.5,9.0
Arista Premium 400,Ilfotec DD-X,1+9,400,14.0,11.9,12.6
Arista Premium 400,Ilfotec HC,1+31,400,6.5,5.52,5.85
Arista Premium 400,Marathon,1+9,100,4.25,3.61,3.83
Arista Premium 400,Microdol-X,1+3,400,17.0,14.45,15.3
Arista Premium 400,Microdol-X,stock,400,9.25,7.86,8.33
Arista Premium 400,Microdol-X,stock,400,10.0,8.5,9.0
Arista Premium 400,Microphen,1+1,500,11.0,9.35,9.9
Arista Premium 400,Microphen,1+1,800,15.0,12.75,13.5
Arista Premium 400,Microphen,1+3,500,22.0,18.7,19.8
Arista Premium 400,Microphen,stock,1600,16.0,13.6,14.4
Arista Premium 400,Microphen,stock,3200,25.0,21.25,22.5
Arista Premium 400,Microphen,stock,500,6.0,5.1,5.4
Arista Premium 400,Microphen,stock,640,8.0,6.8,7.2
Arista Premium 400,Microphen,stock,800,11.0,9.35,9.9
Arista Premium 400,Neofin Blue,stock,400,20.0,17.0,18.0
Arista Premium 400,Neopress HC,1+15,1600,5.5,4.67,4.95
Arista Premium 400,Neopress HC,1+15,400,2.5,2.12,2.25
Arista Premium 400,Neopress HC,1+15,800,3.0,2.55,2.7
Arista Premium 400,Neopress HC,1+31,400,3.0,2.55,2.7
Arista Premium 400,Neopress HC,1+31,400,4.0,3.4,3.6
Arista Premium 400,Nucleol BF200,20+15+965,400,9.5,8.07,8.55
Arista Premium 400,Nucleol BF200,20+15+965,800,12.0,10.2,10.8
Arista Premium 400,Nucleol BF200,35+20+945,1600,16.0,13.6,14.4
Arista Premium 400,Nucleol BF200,60+35+905,3200,25.0,21.25,22.5
Arista Premium 400,Ornano Gradual ST20,1+9,1600,13.5,11.47,12.15
Arista Premium 400,Ornano Gradual ST20,1+9,400,9.0,7.65,8.1
Arista Premium 400,Ornano Gradual ST20,1+9,800,10.75,9.14,9.68
Arista Premium 400,Perceptol,1+1,320,12.0,10.2,10.8
Arista Premium 400,Perceptol,1+3,320,15.0,12.75,13.5
Arista Premium 400,Perceptol,stock,320,10.0,8.5,9.0
Arista Premium 400,Promicrol,1+14,600,13.0,11.05,11.7
Arista Premium 400,Promicrol,1+14,800,13.0,11.05,11.7
Arista Premium 400,Promicrol,1+9,600,9.0,7.65,8.1
Arista Premium 400,Promicrol,1+9,800,9.0,7.65,8.1
Arista Premium 400,Pyrocat-HD,1+1+100,200,10.0,8.5,9.0
Arista Premium 400,Rodinal,1+100,250,15.0,12.75,13.5
Arista Premium 400,Rodinal,1+100,250,20.0,17.0,18.0
Arista Premium 400,Rodinal,1+100,400,20.0,17.0,18.0
Arista Premium 400,Rodinal,1+24,320,6.0,5.1,5.4
Arista Premium 400,Rodinal,1+25,400,7.0,5.95,6.3
Arista Premium 400,Rodinal,1+35,400,10.0,8.5,9.0
Arista Premium 400,Rodinal,1+50,100,7.5,6.38,6.75
Arista Premium 400,Rodinal,1+50,12800,51.0,43.35,45.9
Arista Premium 400,Rodinal,1+50,1600,18.5,15.72,16.65
Arista Premium 400,Rodinal,1+50,200,9.0,7.65,8.1
Arista Premium 400,Rodinal,1+50,3200,33.0,28.05,29.7
Arista Premium 400,Rodinal,1+50,400,13.0,11.05,11.7
Arista Premium 400,Rodinal,1+50,640,15.5,13.17,13.95
Arista Premium 400,Rodinal,1+50,800,16.5,14.03,14.85
Arista Premium 400,Rodinal,1+60,400,15.0,12.75,13.5
Arista Premium 400,Rodinal,1+75,400,17.5,14.88,15.75
Arista Premium 400,Sprint Standard,1+4,1600,13.0,11.05,11.7
Arista Premium 400,Sprint Standard,1+9,400,10.0,8.5,9.0
Arista Premium 400,Spur SLD,1+9,400,5.0,4.25,4.5
Arista Premium 400,Studional,1+15,250,5.5,4.67,4.95
Arista Premium 400,Suprol,1+19,400,4.0,3.4,3.6
Arista Premium 400,TMax Dev,1+4,1600,8.75,7.44,7.88
Arista Premium 400,TMax Dev,1+4,1600,10.0,8.5,9.0
Arista Premium 400,TMax Dev,1+4,400,6.0,5.1,5.4
Arista Premium 400,TMax Dev,1+4,800,6.0,5.1,5.4
Arista Premium 400,TMax Dev,1+9,400,10.5,8.92,9.45
Arista Premium 400,TMax RS,stock,1600,7.75,6.59,6.98
Arista Premium 400,TMax RS,stock,3200,9.5,8.07,8.55
Arista Premium 400,TMax RS,stock,400,4.5,3.82,4.05
Arista Premium 400,Ultrafin,1+10,400,9.0,7.65,8.1
Arista Premium 400,XT-3,1+1,100,8.0,6.8,7.2
Arista Premium 400,XT-3,1+1,1600,13.25,11.26,11.93
Arista Premium 400,XT-3,1+1,1600,11.75,9.99,10.58
Arista Premium 400,XT-3,1+1,200,8.0,6.8,7.2
Arista Premium 400,XT-3,1+1,3200,15.5,13.17,13.95
Arista Premium 400,XT-3,1+1,3200,13.5,11.47,12.15
Arista Premium 400,XT-3,1+1,400,9.0,7.65,8.1
Arista Premium 400,XT-3,1+1,400,8.75,7.44,7.88
Arista Premium 400,XT-3,1+1,800,10.0,8.5,9.0
Arista Premium 400,XT-3,1+2,100,8.75,7.44,7.88
Arista Premium 400,XT-3,1+2,1600,14.5,12.32,13.05
Arista Premium 400,XT-3,1+2,200,8.75,7.44,7.88
Arista Premium 400,XT-3,1+2,3200,17.0,14.45,15.3
Arista Premium 400,XT-3,1+2,400,10.5,8.92,9.45
Arista Premium 400,XT-3,1+2,800,12.5,10.62,11.25
Arista Premium 400,XT-3,1+3,100,10.75,9.14,9.68
Arista Premium 400,XT-3,1+3,1600,16.5,14.03,14.85
Arista Premium 400,XT-3,1+3,200,10.75,9.14,9.68
Arista Premium 400,XT-3,1+3,3200,20.0,17.0,18.0
Arista Premium 400,XT-3,1+3,400,12.5,10.62,11.25
Arista Premium 400,XT-3,1+3,800,14.0,11.9,12.6
Arista Premium 400,XT-3,stock,100,5.5,4.67,4.95
Arista Premium 400,XT-3,stock,1600,9.75,8.29,8.78
Arista Premium 400,XT-3,stock,1600,9.0,7.65,8.1
Arista Premium 400,XT-3,stock,200,5.5,4.67,4.95
Arista Premium 400,XT-3,stock,3200,11.5,9.78,10.35
Arista Premium 400,XT-3,stock,3200,10.5,8.92,9.45
Arista Premium 400,XT-3,stock,400,7.0,5.95,6.3
Arista Premium 400,XT-3,stock,400,6.75,5.74,6.08
Arista Premium 400,XT-3,stock,800,7.75,6.59,6.98
Arista Premium 400,Xtol,1+1,100,8.0,6.8,7.2
Arista Premium 400,Xtol,1+1,1600,13.25,11.26,11.93
Arista Premium 400,Xtol,1+1,1600,11.75,9.99,10.58
Arista Premium 400,Xtol,1+1,200,8.0,6.8,7.2
Arista Premium 400,Xtol,1+1,3200,15.5,13.17,13.95
Arista Premium 400,Xtol,1+1,3200,13.5,11.47,12.15
Arista Premium 400,Xtol,1+1,400,9.0,7.65,8.1
Arista Premium 400,Xtol,1+1,400,8.75,7.44,7.88
Arista Premium 400,Xtol,1+1,800,10.0,8.5,9.0
Arista Premium 400,Xtol,1+2,100,8.75,7.44,7.88
Arista Premium 400,Xtol,1+2,1600,14.5,12.32,13.05
Arista Premium 400,Xtol,1+2,200,8.75,7.44,7.88
Arista Premium 400,Xtol,1+2,3200,17.0,14.45,15.3
Arista Premium 400,Xtol,1+2,400,10.5,8.92,9.45
Arista Premium 400,Xtol,1+2,800,12.5,10.62,11.25
Arista Premium 400,Xtol,1+3,100,10.75,9.14,9.68
Arista Premium 400,Xtol,1+3,1600,16.5,14.03,14.85
Arista Premium 400,Xtol,1+3,200,10.75,9.14,9.68
Arista Premium 400,Xtol,1+3,3200,20.0,17.0,18.0
Arista Premium 400,Xtol,1+3,400,12.5,10.62,11.25
Arista Premium 400,Xtol,1+3,800,14.0,11.9,12.6
Arista Premium 400,Xtol,stock,100,5.5,4.67,4.95
Arista Premium 400,Xtol,stock,1600,9.75,8.29,8.78
Arista Premium 400,Xtol,stock,1600,9.0,7.65,8.1
Arista Premium 400,Xtol,stock,200,5.5,4.67,4.95
Arista Premium 400,Xtol,stock,3200,11.5,9.78,10.35
Arista Premium 400,Xtol,stock,3200,10.5,8.92,9.45
Arista Premium 400,Xtol,stock,400,7.0,5.95,6.3
Arista Premium 400,Xtol,stock,400,6.75,5.74,6.08
Arista Premium 400,Xtol,stock,800,7.75,6.59,6.98
Astrum A2-SH,D-76,stock,400,13.0,11.05,11.7
Astrum A2-SH,ID-11,stock,400,13.0,11.05,11.7
Astrum A2-SH,Microphen,stock,3200,32.0,27.2,28.8
Astrum A2-SH,Mikratol-2,1+50,200,12.0,10.2,10.8
Astrum A2-SH,Mikratol-2,1+50,200,15.0,12.75,13.5
Astrum A2-SH,Mikratol-2,1+50,400,15.0,12.75,13.5
Astrum A2-SH,Mikratol-2,1+50,400,20.0,17.0,18.0
Astrum A2-SH,Mikratol-2,1+50,800,22.0,18.7,19.8
Astrum A2-SH,Mikratol-2,1+50,800,28.0,23.8,25.2
Astrum A2-SH,Rodinal,1+50,400,20.0,17.0,18.0
Astrum FN64,D-23,1+3,64,60.0,51.0,54.0
Astrum FN64,D-76,1+3,50,15.0,12.75,13.5
Astrum FN64,D-76,stock,64,9.0,7.65,8.1
Astrum FN64,Eco Pro,1+1,64,11.0,9.35,9.9
Astrum FN64,Fomadon LQN,1+10,64,7.5,6.38,6.75
Astrum FN64,Fomadon R09,1+100,64,60.0,51.0,54.0
Astrum FN64,HC-110,B,400,18.0,15.3,16.2
Astrum FN64,HC-110,B,64,8.0,6.8,7.2
Astrum FN64,HC-110,F,64,18.0,15.3,16.2
Astrum FN64,ID-11,1+3,50,15.0,12.75,13.5
Astrum FN64,ID-11,stock,64,9.0,7.65,8.1
Astrum FN64,Rodinal,1+25,64,6.25,5.31,5.62
Astrum FN64,Rodinal,1+50,125,11.0,9.35,9.9
Astrum FN64,Rodinal,1+50,64,11.0,9.35,9.9
Astrum FN64,Rodinal,1+50,64,10.5,8.92,9.45
Astrum FN64,XT-3,1+1,64,11.0,9.35,9.9
Astrum FN64,Xtol,1+1,64,11.0,9.35,9.9
Astrum Foto 100,D-76,1+1,100,11.5,9.78,10.35
Astrum Foto 100,D-76,stock,100,7.0,5.95,6.3
Astrum Foto 100,Eco Pro,1+1,100,10.0,8.5,9.0
Astrum Foto 100,HC-110,B,200,11.0,9.35,9.9
Astrum Foto 100,ID-11,1+1,100,11.5,9.78,10.35
Astrum Foto 100,ID-11,stock,100,7.0,5.95,6.3
Astrum Foto 100,Microphen,stock,100,7.5,6.38,6.75
Astrum Foto 100,Pyrocat-HD,1+1+100,100,12.0,10.2,10.8
Astrum Foto 100,Rodinal,1+50,100,13.0,11.05,11.7
Astrum Foto 100,XT-3,1+1,100,10.0,8.5,9.0
Astrum Foto 100,Xtol,1+1,100,10.0,8.5,9.0
Astrum Foto 200,D-76,stock,200,8.5,7.22,7.65
Astrum Foto 200,Eco Pro,1+1,200,12.0,10.2,10.8
Astrum Foto 200,HC-110,J,200,60.0,51.0,54.0
Astrum Foto 200,Ilfosol 3,1+14,200,12.0,10.2,10.8
Astrum Foto 200,Ilfotec DD-X,1+4,200,8.0,6.8,7.2
Astrum Foto 200,Microphen,stock,400,10.0,8.5,9.0
Astrum Foto 200,Rodinal,1+25,200,7.0,5.95,6.3
Astrum Foto 200,Rodinal,1+50,200,14.0,11.9,12.6
Astrum Foto 200,TMax Dev,1+4,200,7.5,6.38,6.75
Astrum Foto 200,XT-3,1+1,200,12.0,10.2,10.8
Astrum Foto 200,Xtol,1+1,200,12.0,10.2,10.8
Astrum Foto 400,D-76,1+1,400,20.0,17.0,18.0
Astrum Foto 400,D-76,stock,400,10.0,8.5,9.0
Astrum Foto 400,HC-110,B,400,6.5,5.52,5.85
Astrum Foto 400,ID-11,1+1,400,20.0,17.0,18.0
Astrum Foto 400,ID-11,stock,400,10.0,8.5,9.0
Astrum Foto 400,Ilfosol 3,1+14,400,17.5,14.88,15.75
Astrum Foto 400,Rodinal,1+50,400,16.0,13.6,14.4
Astrum Micrat-Orto,D-76,1+1,0.75,6.75,5.74,6.08
Astrum Micrat-Orto,Eco Pro,1+1,0.75,14.0,11.9,12.6
Astrum Micrat-Orto,Eco Pro,stock,0.75,8.0,6.8,7.2
Astrum Micrat-Orto,ID-11,1+1,0.75,6.75,5.74,6.08
Astrum Micrat-Orto,XT-3,1+1,0.75,14.0,11.9,12.6
Astrum Micrat-Orto,XT-3,stock,0.75,8.0,6.8,7.2
Astrum Micrat-Orto,Xtol,1+1,0.75,14.0,11.9,12.6
Astrum Micrat-Orto,Xtol,stock,0.75,8.0,6.8,7.2
Astrum MZ-3,Caffenol,stock,3,30.0,25.5,27.0
Astrum MZ-3,HC-110,H,3,9.25,7.86,8.33
Astrum MZ-3,Ilfotec HC,1+17,3,6.0,5.1,5.4
Astrum NK-2,D-76,stock,100,10.0,8.5,9.0
Astrum NK-2,D-76,stock,320,11.0,9.35,9.9
Astrum NK-2,Eco Pro,stock,100,7.25,6.16,6.53
Astrum NK-2,HC-110,B,100,10.0,8.5,9.0
Astrum NK-2,ID-11,stock,100,10.0,8.5,9.0
Astrum NK-2,ID-11,stock,320,11.0,9.35,9.9
Astrum NK-2,Ilfosol 3,1+14,100,12.0,10.2,10.8
Astrum NK-2,Rollei D74,1+15,100,5.0,4.25,4.5
Astrum NK-2,XT-3,stock,100,7.25,6.16,6.53
Astrum NK-2,Xtol,stock,100,7.25,6.16,6.53
Astrum NK-2SH,D-76,stock,100,10.0,8.5,9.0
Astrum NK-2SH,D-76,stock,320,11.0,9.35,9.9
Astrum NK-2SH,Eco Pro,stock,100,7.25,6.16,6.53
Astrum NK-2SH,HC-110,B,100,10.0,8.5,9.0
Astrum NK-2SH,ID-11,stock,100,10.0,8.5,9.0
Astrum NK-2SH,ID-11,stock,320,11.0,9.35,9.9
Astrum NK-2SH,Ilfotec LC29,1+29,25,5.0,4.25,4.5
Astrum NK-2SH,Pyrocat-HD,1+1+100,100,16.0,13.6,14.4
Astrum NK-2SH,Rodinal,1+25,100,6.0,5.1,5.4
Astrum NK-2SH,XT-3,stock,100,7.25,6.16,6.53
Astrum NK-2SH,Xtol,stock,100,7.25,6.16,6.53
Astrum ZT-8,D-76,1+1,3,6.0,5.1,5.4
Astrum ZT-8,ID-11,1+1,3,6.0,5.1,5.4
Astrum ZT-8,Rodinal,1+50,100,11.0,9.35,9.9
Atomic X,D-76,stock,100,7.0,5.95,6.3
Atomic X,HC-110,B,100,5.5,4.67,4.95
Atomic X,ID-11,stock,100,7.0,5.95,6.3
Atomic X,Microdol-X,1+3,100,23.0,19.55,20.7
BCG P-400,D-76,stock,400,9.5,8.07,8.55
BCG P-400,ID-11,stock,400,9.5,8.07,8.55
BCG P-400,Rodinal,1+50,400,13.0,11.05,11.7
Bergger Pancro 400,510-Pyro,1+100,200,11.0,9.35,9.9
Bergger Pancro 400,510-Pyro,1+100,400,17.5,14.88,15.75
Bergger Pancro 400,Acufine,stock,400,4.5,3.82,4.05
Bergger Pancro 400,Acurol-N,1+35,400,13.0,11.05,11.7
Bergger Pancro 400,Adox HR-DEV,1+19,250,14.0,11.9,12.6
Bergger Pancro 400,Amaloco AM74,1+9,400,9.5,8.07,8.55
Bergger Pancro 400,Ars-Imago FD,1+39,400,10.5,8.92,9.45
Bergger Pancro 400,Ars-Imago FE,1+1,200,8.0,6.8,7.2
Bergger Pancro 400,Ars-Imago FE,1+1,400,9.5,8.07,8.55
Bergger Pancro 400,Atomal 49,1+1,400,22.5,19.12,20.25
Bergger Pancro 400,Atomal 49,stock,400,14.0,11.9,12.6
Bergger Pancro 400,Bellini Hydrofen,1+15,400,6.0,5.1,5.4
Bergger Pancro 400,Bellini Hydrofen,1+39,400,10.5,8.92,9.45
Bergger Pancro 400,Bellini Hydrofen,1+9,400,6.0,5.1,5.4
Bergger Pancro 400,Berspeed,1+1,400,12.0,10.2,10.8
Bergger Pancro 400,Black/White & Green,1+49,400,16.0,13.6,14.4
Bergger Pancro 400,Black/White & Green,1+49,400,20.0,17.0,18.0
Bergger Pancro 400,Caffenol Delta STD,stock,250,14.0,11.9,12.6
Bergger Pancro 400,D-23,1+1,400,21.5,18.27,19.35
Bergger Pancro 400,D-76,1+1,400,17.0,14.45,15.3
Bergger Pancro 400,D-76,stock,250,7.5,6.38,6.75
Bergger Pancro 400,D-76,stock,400,9.0,7.65,8.1
Bergger Pancro 400,Eco Pro,1+1,400,18.0,15.3,16.2
Bergger Pancro 400,Eco Pro,1+1,800,22.0,18.7,19.8
Bergger Pancro 400,Eco Pro,stock,400,10.0,8.5,9.0
Bergger Pancro 400,FA-1027,1+9,200,8.5,7.22,7.65
Bergger Pancro 400,FD10,1+9,400,12.0,10.2,10.8
Bergger Pancro 400,Fomadon Excel,stock,400,10.0,8.5,9.0
Bergger Pancro 400,FX-39,1+10,200,7.0,5.95,6.3
Bergger Pancro 400,FX-39,1+19,400,18.0,15.3,16.2
Bergger Pancro 400,HC-110,B,100,7.0,5.95,6.3
Bergger Pancro 400,HC-110,B,1600,14.25,12.11,12.83
Bergger Pancro 400,HC-110,B,400,9.0,7.65,8.1
Bergger Pancro 400,HC-110,B,800,11.25,9.56,10.12
Bergger Pancro 400,ID-11,1+1,400,17.0,14.45,15.3
Bergger Pancro 400,ID-11,stock,250,7.5,6.38,6.75
Bergger Pancro 400,ID-11,stock,400,9.0,7.65,8.1
Bergger Pancro 400,Ilfosol 3,1+9,400,8.5,7.22,7.65
Bergger Pancro 400,Ilfotec DD-X,1+4,400,10.5,8.92,9.45
Bergger Pancro 400,Ilfotec HC,1+31,400,8.5,7.22,7.65
Bergger Pancro 400,Ilfotec LC29,1+19,400,8.0,6.8,7.2
Bergger Pancro 400,Microphen,stock,400,8.0,6.8,7.2
Bergger Pancro 400,PC-TEA,1+49,400,20.0,17.0,18.0
Bergger Pancro 400,PMK,1+2+100,400,18.0,15.3,16.2
Bergger Pancro 400,Pyrocat-HD,1+1+100,400,20.0,17.0,18.0
Bergger Pancro 400,Rodinal,1+25,400,8.0,6.8,7.2
Bergger Pancro 400,Rodinal,1+25,800,13.0,11.05,11.7
Bergger Pancro 400,Rodinal,1+50,400,22.0,18.7,19.8
Bergger Pancro 400,Rodinal,1+50,400,17.5,14.88,15.75
Bergger Pancro 400,Rollei Supergrain,1+9,400,9.5,8.07,8.55
Bergger Pancro 400,Silberra Ascorol,1+29,400,9.0,7.65,8.1
Bergger Pancro 400,SP-Ultra 4LF,1+9,400,7.5,6.38,6.75
Bergger Pancro 400,Sprint Standard,1+9,400,11.5,9.78,10.35
Bergger Pancro 400,Spur HRX,1+9,500,13.0,11.05,11.7
Bergger Pancro 400,Spur SLD,1+9,320,13.5,11.47,12.15
Bergger Pancro 400,Spur TRX 2000,1+19,250,14.0,11.9,12.6
Bergger Pancro 400,Studional,1+15,400,6.0,5.1,5.4
Bergger Pancro 400,TMax Dev,1+9,400,9.0,7.65,8.1
Bergger Pancro 400,Ultrafine Liquid,1+4,400,14.5,12.32,13.05
Bergger Pancro 400,XT-3,1+1,400,18.0,15.3,16.2
Bergger Pancro 400,XT-3,1+1,800,22.0,18.7,19.8
Bergger Pancro 400,XT-3,stock,400,10.0,8.5,9.0
Bergger Pancro 400,Xtol,1+1,200,14.0,11.9,12.6
Bergger Pancro 400,Xtol,1+1,400,18.0,15.3,16.2
Bergger Pancro 400,Xtol,1+1,800,22.0,18.7,19.8
Bergger Pancro 400,Xtol,stock,400,10.0,8.5,9.0
Bluefire Pan 400,D-76,1+1,400,13.0,11.05,11.7
Bluefire Police,Bluefire HR,stock,80,15.0,12.75,13.5
CatLABS X Film 320,510-Pyro,1+100,320,13.5,11.47,12.15
CatLABS X Film 320,510-Pyro,1+100,800,17.5,14.88,15.75
CatLABS X Film 320,Berspeed,1+1,320,8.5,7.22,7.65
CatLABS X Film 320,Black/White & Green,1+49,200,12.5,10.62,11.25
CatLABS X Film 320,Black/White & Green,1+49,320,13.0,11.05,11.7
CatLABS X Film 320,D-76,1+1,1600,14.0,11.9,12.6
CatLABS X Film 320,D-76,1+1,320,10.0,8.5,9.0
CatLABS X Film 320,D-76,1+1,3200,17.0,14.45,15.3
CatLABS X Film 320,D-76,stock,1600,10.5,8.92,9.45
CatLABS X Film 320,D-76,stock,320,6.0,5.1,5.4
CatLABS X Film 320,Eco Pro,1+1,320,11.0,9.35,9.9
CatLABS X Film 320,HC-110,1+49,200,10.5,8.92,9.45
CatLABS X Film 320,HC-110,H,320,14.0,11.9,12.6
CatLABS X Film 320,ID-11,1+1,1600,14.0,11.9,12.6
CatLABS X Film 320,ID-11,1+1,320,10.0,8.5,9.0
CatLABS X Film 320,ID-11,1+1,3200,17.0,14.45,15.3
CatLABS X Film 320,ID-11,stock,1600,10.5,8.92,9.45
CatLABS X Film 320,ID-11,stock,320,6.0,5.1,5.4
CatLABS X Film 320,Ilfosol 3,1+9,200,8.0,6.8,7.2
CatLABS X Film 320,Ilfosol 3,1+9,320,6.5,5.52,5.85
CatLABS X Film 320,Ilfotec DD-X,1+4,200,8.0,6.8,7.2
CatLABS X Film 320,Ilfotec DD-X,1+4,320,13.0,11.05,11.7
CatLABS X Film 320,Rodinal,1+20,1600,11.0,9.35,9.9
CatLABS X Film 320,Rodinal,1+25,1600,17.0,14.45,15.3
CatLABS X Film 320,Rodinal,1+25,320,9.0,7.65,8.1
CatLABS X Film 320,Rodinal,1+50,320,19.0,16.15,17.1
CatLABS X Film 320,Sprint Standard,1+9,400,11.0,9.35,9.9
CatLABS X Film 320,TMax Dev,1+4,320,9.5,8.07,8.55
CatLABS X Film 320,XT-3,1+1,320,11.0,9.35,9.9
CatLABS X Film 320,Xtol,1+1,320,15.0,12.75,13.5
CatLABS X Film 320,Xtol,1+1,320,11.0,9.35,9.9
CatLABS X Film 320,Xtol,stock,320,11.0,9.35,9.9
CatLABS X Film 80,510-Pyro,1+100,32,13.0,11.05,11.7
CatLABS X Film 80,510-Pyro,1+100,32,11.0,9.35,9.9
CatLABS X Film 80,Acurol-N,1+100,64,24.5,20.82,22.05
CatLABS X Film 80,Bellini FX6a Monobath,stock,80,8.5,7.22,7.65
CatLABS X Film 80,D-76,1+1,80,15.0,12.75,13.5
CatLABS X Film 80,D-76,1+1,800,21.0,17.85,18.9
CatLABS X Film 80,D-76,stock,320,15.0,12.75,13.5
CatLABS X Film 80,D-76,stock,50,8.0,6.8,7.2
CatLABS X Film 80,D-76,stock,80,9.5,8.07,8.55
CatLABS X Film 80,FX-55,1+50,64,9.5,8.07,8.55
CatLABS X Film 80,HC-110,B,80,8.75,7.44,7.88
CatLABS X Film 80,ID-11,1+1,80,14.0,11.9,12.6
CatLABS X Film 80,ID-11,1+1,800,21.0,17.85,18.9
CatLABS X Film 80,ID-11,stock,320,15.0,12.75,13.5
CatLABS X Film 80,ID-11,stock,80,9.5,8.07,8.55
CatLABS X Film 80,Ilfosol 3,1+14,80,9.0,7.65,8.1
CatLABS X Film 80,Ilfotec HC,1+31,80,9.0,7.65,8.1
CatLABS X Film 80,PMK,1+2+100,50,10.0,8.5,9.0
CatLABS X Film 80,Pyrocat-HD,1+1+50,80,7.0,5.95,6.3
CatLABS X Film 80,Rodinal,1+100,80,40.0,34.0,36.0
CatLABS X Film 80,Rodinal,1+25,50,6.5,5.52,5.85
CatLABS X Film 80,Rodinal,1+25,80,10.0,8.5,9.0
CatLABS X Film 80,Rodinal,1+50,80,15.0,12.75,13.5
CatLABS X Film 80,TMax Dev,1+4,80,6.75,5.74,6.08
CatLABS X Film 80,XT-3,1+1,80,10.5,8.92,9.45
CatLABS X Film 80,Xtol,1+1,32,8.25,7.01,7.42
CatLABS X Film 80,Xtol,1+1,80,10.5,8.92,9.45
CatLABS X Film 80,Xtol,stock,64,8.5,7.22,7.65
CatLABS X Film 80,Xtol,stock,80,7.5,6.38,6.75
CatLABS X Film 80 II,PC-TEA,1+49,80,11.0,9.35,9.9
CHM 100 Universal,510-Pyro,1+100,100,11.75,9.99,10.58
CHM 100 Universal,510-Pyro,1+100,100,15.0,12.75,13.5
CHM 100 Universal,Adox HR-DEV,1+35,160,10.0,8.5,9.0
CHM 100 Universal,Atomal 49,1+2,100,22.0,18.7,19.8
CHM 100 Universal,Atomal 49,stock,160,9.5,8.07,8.55
CHM 100 Universal,D-76,stock,100,9.0,7.65,8.1
CHM 100 Universal,FX-39,1+9,100,8.0,6.8,7.2
CHM 100 Universal,HC-110,B,100,6.5,5.52,5.85
CHM 100 Universal,ID-11,stock,100,9.0,7.65,8.1
CHM 100 Universal,Microphen,stock,200,9.0,7.65,8.1
CHM 100 Universal,Rodinal,1+24,80,5.5,4.67,4.95
CHM 100 Universal,Rodinal,1+50,80,10.0,8.5,9.0
CHM 100 Universal,Silvermax,1+24,100,8.5,7.22,7.65
CHM 100 Universal,SP-Ultra 4LF,1+9,125,6.5,5.52,5.85
CHM 100 Universal,Spur Speed-Major,1+14,640,12.0,10.2,10.8
CHM 100 Universal,Spur Speed-Major,1+24,400,11.0,9.35,9.9
CHM 100 Universal,Spur Speed-Major,1+35,200,8.5,7.22,7.65
CHM 100 Universal,Spur Speed-Major,1+9,1000,13.0,11.05,11.7
CHM 100 Universal,Spur TRX 2000,1+35,160,10.0,8.5,9.0
CHM 100 Universal,XT-3,stock,100,8.0,6.8,7.2
CHM 400 Universal,510-Pyro,1+100,1600,25.0,21.25,22.5
CHM 400 Universal,510-Pyro,1+100,400,11.0,9.35,9.9
CHM 400 Universal,510-Pyro,1+100,400,20.5,17.43,18.45
CHM 400 Universal,Adox HR-DEV,1+24,100,13.5,11.47,12.15
CHM 400 Universal,FX-39,1+9,400,11.0,9.35,9.9
CHM 400 Universal,Spur Speed-Major,1+11,800,11.0,9.35,9.9
CHM 400 Universal,Spur Speed-Major,1+20,500,11.0,9.35,9.9
CHM 400 Universal,Spur Speed-Major,1+24,400,9.0,7.65,8.1
CHM 400 Universal,Spur Speed-Major,1+7,1600,15.0,12.75,13.5
CHM 400 Universal,Spur Speed-Major,1+9,1000,13.0,11.05,11.7
CHM 400 Universal,Spur TRX 2000,1+24,100,13.5,11.47,12.15
Cinemot Amália,Caffenol,stock,100,12.0,10.2,10.8
Cinemot Amália,D-76,stock,100,5.5,4.67,4.95
Cinemot Amália,HC-110,B,100,6.0,5.1,5.4
Cinemot Amália,ID-11,stock,100,5.5,4.67,4.95
Cinemot Amália,Rodinal,1+25,100,6.5,5.52,5.85
Cinemot Açores,Caffenol,stock,400,17.0,14.45,15.3
Cinemot Açores,D-76,stock,400,9.5,8.07,8.55
Cinemot Açores,HC-110,B,400,6.5,5.52,5.85
Cinemot Açores,ID-11,stock,400,8.0,6.8,7.2
Cinemot Açores,Rodinal,1+25,400,7.5,6.38,6.75
Cinemot Coimbra,Caffenol,stock,250,10.0,8.5,9.0
Cinemot Coimbra,D-76,stock,250,7.0,5.95,6.3
Cinemot Coimbra,HC-110,B,250,6.0,5.1,5.4
Cinemot Coimbra,ID-11,stock,250,7.0,5.95,6.3
Cinemot Coimbra,Rodinal,1+25,250,5.75,4.89,5.17
Cinemot Fado,Caffenol,stock,200,10.0,8.5,9.0
Cinemot Fado,D-76,stock,200,14.0,11.9,12.6
Cinemot Fado,HC-110,B,200,6.0,5.1,5.4
Cinemot Fado,ID-11,stock,200,7.0,5.95,6.3
Cinemot Fado,Rodinal,1+25,200,8.0,6.8,7.2
Cinemot Pessoa,Caffenol,stock,400,14.0,11.9,12.6
Cinemot Pessoa,D-76,stock,400,10.5,8.92,9.45
Cinemot Pessoa,HC-110,B,400,6.5,5.52,5.85
Cinemot Pessoa,ID-11,stock,400,10.5,8.92,9.45
Cinemot Pessoa,Rodinal,1+25,400,10.5,8.92,9.45
CineStill BwXX,510-Pyro,1+100,125,16.0,13.6,14.4
CineStill BwXX,510-Pyro,1+100,200,7.0,5.95,6.3
CineStill BwXX,777,stock,250,11.0,9.35,9.9
CineStill BwXX,Acufine,stock,800,7.0,5.95,6.3
CineStill BwXX,Adox HR-DEV,1+24,800,15.0,12.75,13.5
CineStill BwXX,Adox HR-DEV,1+30,400,14.0,11.9,12.6
CineStill BwXX,Agfa Ansco 47,stock,250,5.0,4.25,4.5
CineStill BwXX,Bellini FX6a Monobath,stock,250,9.0,7.65,8.1
CineStill BwXX,Bellini Hydrofen,1+39,250,5.25,4.46,4.73
CineStill BwXX,Bellini Hydrofen,1+39,400,6.5,5.52,5.85
CineStill BwXX,Black/White & Green,1+49,100,11.75,9.99,10.58
CineStill BwXX,Caffenol Delta STD,stock,250,10.0,8.5,9.0
CineStill BwXX,D-23,1+3,250,20.0,17.0,18.0
CineStill BwXX,D-76,1+1,250,10.0,8.5,9.0
CineStill BwXX,D-76,1+1,400,13.5,11.47,12.15
CineStill BwXX,D-76,1+2,100,9.0,7.65,8.1
CineStill BwXX,D-76,1+2,200,11.0,9.35,9.9
CineStill BwXX,D-76,stock,100,4.25,3.61,3.83
CineStill BwXX,D-76,stock,250,7.0,5.95,6.3
CineStill BwXX,D-76,stock,400,9.0,7.65,8.1
CineStill BwXX,D-76,stock,800,13.5,11.47,12.15
CineStill BwXX,D-96,stock,1600,25.0,21.25,22.5
CineStill BwXX,D-96,stock,200,6.0,5.1,5.4
CineStill BwXX,D-96,stock,400,8.0,6.8,7.2
CineStill BwXX,D-96,stock,800,10.5,8.92,9.45
CineStill BwXX,DK-50,1+1,200,6.0,5.1,5.4
CineStill BwXX,Eco Pro,1+1,100,7.0,5.95,6.3
CineStill BwXX,Eco Pro,1+1,250,10.0,8.5,9.0
CineStill BwXX,Eco Pro,stock,250 (200),7.0,5.95,6.3
CineStill BwXX,F76+,1+19,250,10.0,8.5,9.0
CineStill BwXX,FA-1027,1+19,200,10.0,8.5,9.0
CineStill BwXX,FD10,1+9,250,11.0,9.35,9.9
CineStill BwXX,Fomadon LQN,1+4,800,10.0,8.5,9.0
CineStill BwXX,Fomadon LQN,1+7,400,17.0,14.45,15.3
CineStill BwXX,Fuji Microfine,1+1,100,8.0,6.8,7.2
CineStill BwXX,FX-39,1+9,250,8.0,6.8,7.2
CineStill BwXX,HC-110,B,100,4.0,3.4,3.6
CineStill BwXX,HC-110,B,1600,20.0,17.0,18.0
CineStill BwXX,HC-110,B,200,5.0,4.25,4.5
CineStill BwXX,HC-110,B,250,6.0,5.1,5.4
CineStill BwXX,HC-110,B,3200,23.0,19.55,20.7
CineStill BwXX,HC-110,B,400,6.5,5.52,5.85
CineStill BwXX,HC-110,B,800,12.5,10.62,11.25
CineStill BwXX,HC-110,E,200,8.0,6.8,7.2
CineStill BwXX,HC-110,E,400,10.0,8.5,9.0
CineStill BwXX,HC-110,G,250,90.0,76.5,81.0
CineStill BwXX,HC-110,H,400,14.0,11.9,12.6
CineStill BwXX,ID-11,1+1,250,10.0,8.5,9.0
CineStill BwXX,ID-11,1+2,100,9.0,7.65,8.1
CineStill BwXX,ID-11,1+2,200,11.0,9.35,9.9
CineStill BwXX,ID-11,stock,100,4.25,3.61,3.83
CineStill BwXX,ID-11,stock,250,7.0,5.95,6.3
CineStill BwXX,ID-11,stock,400,9.0,7.65,8.1
CineStill BwXX,ID-11,stock,800,12.5,10.62,11.25
CineStill BwXX,Ilfosol 3,1+4,250,7.0,5.95,6.3
CineStill BwXX,Ilfosol 3,1+9,400,15.0,12.75,13.5
CineStill BwXX,Ilfosol 3,1+9,600,17.0,14.45,15.3
CineStill BwXX,Ilfotec DD-X,1+4,250,7.0,5.95,6.3
CineStill BwXX,Ilfotec DD-X,1+4,3200,20.0,17.0,18.0
CineStill BwXX,Ilfotec DD-X,1+4,400,10.0,8.5,9.0
CineStill BwXX,Ilfotec DD-X,1+9,200,12.0,10.2,10.8
CineStill BwXX,Ilfotec HC,1+49,200,7.0,5.95,6.3
CineStill BwXX,Ilfotec LC29,1+19,250,6.5,5.52,5.85
CineStill BwXX,Ilfotec LC29,1+19,400,8.5,7.22,7.65
CineStill BwXX,Ilfotec LC29,1+29,250,8.0,6.8,7.2
CineStill BwXX,Microphen,1+2,320,14.0,11.9,12.6
CineStill BwXX,Microphen,stock,400,8.5,7.22,7.65
CineStill BwXX,Microphen,stock,800,10.0,8.5,9.0
CineStill BwXX,Nucleol BF200,20+15+965,250,8.5,7.22,7.65
CineStill BwXX,Ornano Gradual ST20,1+9,3200,30.0,25.5,27.0
CineStill BwXX,Paranol S,1+50,250,12.5,10.62,11.25
CineStill BwXX,Parodinal,1+100,250,60.0,51.0,54.0
CineStill BwXX,Perceptol,1+2,200,13.0,11.05,11.7
CineStill BwXX,PMK,1+1+100,250,13.5,11.47,12.15
CineStill BwXX,PMK,1+2+100,200,12.0,10.2,10.8
CineStill BwXX,Pyrocat,1+1+100,400,16.0,13.6,14.4
CineStill BwXX,Rodinal,1+100,25,3.0,2.55,2.7
CineStill BwXX,Rodinal,1+100,400,60.0,51.0,54.0
CineStill BwXX,Rodinal,1+20,1600,10.0,8.5,9.0
CineStill BwXX,Rodinal,1+20,200,5.0,4.25,4.5
CineStill BwXX,Rodinal,1+25,1000,9.25,7.86,8.33
CineStill BwXX,Rodinal,1+25,250,5.75,4.89,5.17
CineStill BwXX,Rodinal,1+25,500,7.5,6.38,6.75
CineStill BwXX,Rodinal,1+300,200,480.0,408.0,432.0
CineStill BwXX,Rodinal,1+50,250,9.0,7.65,8.1
CineStill BwXX,Rodinal,1+50,400,11.0,9.35,9.9
CineStill BwXX,Rodinal,1+50,800,16.0,13.6,14.4
CineStill BwXX,Rodinal,1+60,200,7.0,5.95,6.3
CineStill BwXX,Rollei D74,1+15,250,5.0,4.25,4.5
CineStill BwXX,Rollei Supergrain,1+15,250,7.0,5.95,6.3
CineStill BwXX,Spur HRX,1+17,400,11.0,9.35,9.9
CineStill BwXX,Spur SHADOWmax,1+1+48,400,15.0,12.75,13.5
CineStill BwXX,Spur SHADOWmax,1+2+22,800,13.0,11.05,11.7
CineStill BwXX,Spur SHADOWmax,1+2+33,500,12.0,10.2,10.8
CineStill BwXX,Spur SHADOWmax,2+3+25,1250,13.0,11.05,11.7
CineStill BwXX,Spur TRX 2000,1+24,800,15.0,12.75,13.5
CineStill BwXX,Spur TRX 2000,1+30,400,14.0,11.9,12.6
CineStill BwXX,TMax Dev,1+4,1600,15.0,12.75,13.5
CineStill BwXX,TMax Dev,1+4,250,6.0,5.1,5.4
CineStill BwXX,TMax Dev,1+4,400,6.0,5.1,5.4
CineStill BwXX,TMax Dev,1+9,400,10.5,8.92,9.45
CineStill BwXX,Ultrafin,1+20,200,12.0,10.2,10.8
CineStill BwXX,XT-3,1+1,250,10.0,8.5,9.0
CineStill BwXX,XT-3,1+1,400,12.5,10.62,11.25
CineStill BwXX,XT-3,1+1,800,14.5,12.32,13.05
CineStill BwXX,XT-3,stock,250 (200),7.0,5.95,6.3
CineStill BwXX,Xtol,1+1,100,7.0,5.95,6.3
CineStill BwXX,Xtol,1+1,250,10.0,8.5,9.0
CineStill BwXX,Xtol,1+2,100,9.0,7.65,8.1
CineStill BwXX,Xtol,stock,1600,25.0,21.25,22.5
CineStill BwXX,Xtol,stock,250 (200),7.0,5.95,6.3
CineStill BwXX,Xtol,stock,400,9.0,7.65,8.1
Contrasto 200,Acurol-N,1+50,40,13.5,11.47,12.15
Contrasto 200,Adox HR-DEV,1+30,80,12.5,10.62,11.25
Contrasto 200,ADX II,1+24,160,11.0,9.35,9.9
Contrasto 200,Atomal 49,stock,800,13.0,11.05,11.7
Contrasto 200,Bellini Hydrofen,1+15,200,4.0,3.4,3.6
Contrasto 200,Bellini Hydrofen,1+31,160,13.0,11.05,11.7
Contrasto 200,Beutler,1+1+10,160,9.5,8.07,8.55
Contrasto 200,Burton 195,1+1,200,75.0,63.75,67.5
Contrasto 200,D-76,1+1,200,14.0,11.9,12.6
Contrasto 200,D-76,1+2,200,18.0,15.3,16.2
Contrasto 200,D-76,1+3,200,22.0,18.7,19.8
Contrasto 200,D-76,2+15,100,30.0,25.5,27.0
Contrasto 200,D-76,2+15,1600,42.0,35.7,37.8
Contrasto 200,D-76,stock,200,14.0,11.9,12.6
Contrasto 200,D-76,stock,320,11.0,9.35,9.9
Contrasto 200,D-76,stock,800,18.5,15.72,16.65
Contrasto 200,Eco Pro,1+1,200,14.0,11.9,12.6
Contrasto 200,Eco Pro,1+1,400,17.0,14.45,15.3
Contrasto 200,Eco Pro,1+2,400,21.0,17.85,18.9
Contrasto 200,Fomadon R09,1+100,200,45.0,38.25,40.5
Contrasto 200,FX-39,1+14,200,17.0,14.45,15.3
Contrasto 200,FX-39,1+9,200,13.5,11.47,12.15
Contrasto 200,FX-5,1+3,200,30.0,25.5,27.0
Contrasto 200,HC-110,B,200,6.0,5.1,5.4
Contrasto 200,HC-110,B,800,13.0,11.05,11.7
Contrasto 200,ID-11,1+1,200,14.0,11.9,12.6
Contrasto 200,ID-11,1+2,200,18.0,15.3,16.2
Contrasto 200,ID-11,2+15,100,30.0,25.5,27.0
Contrasto 200,ID-11,2+15,1600,42.0,35.7,37.8
Contrasto 200,ID-11,stock,200,14.0,11.9,12.6
Contrasto 200,ID-11,stock,320,11.0,9.35,9.9
Contrasto 200,ID-11,stock,800,18.5,15.72,16.65
Contrasto 200,Ilfosol 3,1+9,200,7.5,6.38,6.75
Contrasto 200,Ilfosol 3,1+9,200,10.0,8.5,9.0
Contrasto 200,Ilfotec DD-X,1+4,200,8.75,7.44,7.88
Contrasto 200,Nucleol BF200,20+15+965,200,10.0,8.5,9.0
Contrasto 200,Paranol S,1+25,200,3.0,2.55,2.7
Contrasto 200,Paranol S,1+50,200,8.0,6.8,7.2
Contrasto 200,Pyrocat-HD,1+1+100,320,14.0,11.9,12.6
Contrasto 200,Pyrocat-HD,1+1+250,200,50.0,42.5,45.0
Contrasto 200,Rodinal,1+100,125,24.0,20.4,21.6
Contrasto 200,Rodinal,1+100,200,45.0,38.25,40.5
Contrasto 200,Rodinal,1+25,200,8.0,6.8,7.2
Contrasto 200,Rodinal,1+25,400,10.0,8.5,9.0
Contrasto 200,Rodinal,1+50,100,15.0,12.75,13.5
Contrasto 200,Rodinal,1+50,200,17.0,14.45,15.3
Contrasto 200,Rollei D74,1+15,200,8.75,7.44,7.88
Contrasto 200,Rollei D74,1+7,200,6.5,5.52,5.85
Contrasto 200,Rollei D74,1+7,400,7.5,6.38,6.75
Contrasto 200,Rollei D74,1+9,200,7.0,5.95,6.3
Contrasto 200,Silvermax,1+29,160,15.5,13.17,13.95
Contrasto 200,Silvermax,1+29,200,15.5,13.17,13.95
Contrasto 200,Spur HRX,1+11,40,12.0,10.2,10.8
Contrasto 200,Spur SLD,1+20,125,8.0,6.8,7.2
Contrasto 200,Spur SLD,1+29,160,8.5,7.22,7.65
Contrasto 200,Spur SLD,1+29,200,8.5,7.22,7.65
Contrasto 200,Spur Speed-Major,1+14,640,12.0,10.2,10.8
Contrasto 200,Spur Speed-Major,1+20,400,11.0,9.35,9.9
Contrasto 200,Spur Speed-Major,1+24,200,10.0,8.5,9.0
Contrasto 200,Spur Speed-Major,1+30,100,9.0,7.65,8.1
Contrasto 200,Spur Speed-Major,1+9,1000,13.0,11.05,11.7
Contrasto 200,Spur TRX 2000,1+30,80,12.5,10.62,11.25
Contrasto 200,Spur UFP,1+24,50,8.0,6.8,7.2
Contrasto 200,Studional,1+15,250,6.5,5.52,5.85
Contrasto 200,Studional,1+31,160,13.0,11.05,11.7
Contrasto 200,Ultrafin,1+20,200,15.0,12.75,13.5
Contrasto 200,Ultrafin,1+9,200,9.0,7.65,8.1
Contrasto 200,Ultrafin T-Plus,1+4,200,5.5,4.67,4.95
Contrasto 200,Ultrafine Liquid,1+4,400,13.5,11.47,12.15
Contrasto 200,XT-3,1+1,200,14.0,11.9,12.6
Contrasto 200,XT-3,1+1,400,17.0,14.45,15.3
Contrasto 200,XT-3,1+2,400,21.0,17.85,18.9
Contrasto 200,Xtol,1+1,200,14.0,11.9,12.6
Contrasto 200,Xtol,1+1,400,17.0,14.45,15.3
Contrasto 200,Xtol,1+2,400,21.0,17.85,18.9
Dubblefilm Daily B&W,D-76,1+1,400,15.0,12.75,13.5
Dubblefilm Daily B&W,D-76,stock,400,8.0,6.8,7.2
Dubblefilm Daily B&W,Eco Pro,1+1,400,10.5,8.92,9.45
Dubblefilm Daily B&W,Eco Pro,stock,400,8.0,6.8,7.2
Dubblefilm Daily B&W,HC-110,B,400,8.0,6.8,7.2
Dubblefilm Daily B&W,HC-110,E,400,12.0,10.2,10.8
Dubblefilm Daily B&W,HC-110,H,400,15.5,13.17,13.95
Dubblefilm Daily B&W,ID-11,1+1,400,15.0,12.75,13.5
Dubblefilm Daily B&W,ID-11,stock,400,8.0,6.8,7.2
Dubblefilm Daily B&W,Ilfosol 3,1+9,400,22.0,18.7,19.8
Dubblefilm Daily B&W,Ilfotec DD-X,1+4,400,10.0,8.5,9.0
Dubblefilm Daily B&W,Ilfotec LC29,1+29,400,9.5,8.07,8.55
Dubblefilm Daily B&W,Rodinal,1+50,400,10.5,8.92,9.45
Dubblefilm Daily B&W,Xtol,1+1,400,10.5,8.92,9.45
Dubblefilm Daily B&W,Xtol,stock,400,8.0,6.8,7.2
Eastman 5129,Rodinal,1+25,500,6.0,5.1,5.4
Eastman 5219,DK-50,1+1,50,2.5,2.12,2.25
Eastman 5231,HC-110,E,125,7.0,5.95,6.3
Eastman 5231,HC-110,E,80,6.5,5.52,5.85
Eastman 5231,HC-110,J,125,60.0,51.0,54.0
Eastman 5234,D-76,stock,6,13.5,11.47,12.15
Eastman 5234,Eco Pro,stock,6,13.0,11.05,11.7
Eastman 5234,ID-11,stock,6,13.5,11.47,12.15
Eastman 5234,XT-3,1+3,6,27.0,22.95,24.3
Eastman 5234,XT-3,stock,6,13.0,11.05,11.7
Eastman 5234,Xtol,1+3,6,27.0,22.95,24.3
Eastman 5234,Xtol,stock,6,13.0,11.05,11.7
Eastman 5302,D-76,stock,6,13.0,11.05,11.7
Eastman 5302,ID-11,stock,6,13.0,11.05,11.7
Eastman 5302,Rodinal,1+50,6,15.0,12.75,13.5
Eastman 5363,D-76,1+1,50,14.0,11.9,12.6
Eastman 5363,Eco Pro,1+1,12,12.5,10.62,11.25
Eastman 5363,Eco Pro,1+1,25,12.0,10.2,10.8
Eastman 5363,HC-110,F,25,5.0,4.25,4.5
Eastman 5363,HC-110,G,25,25.0,21.25,22.5
Eastman 5363,XT-3,1+1,12,12.5,10.62,11.25
Eastman 5363,XT-3,1+1,25,12.0,10.2,10.8
Eastman 5363,Xtol,1+1,12,12.5,10.62,11.25
Eastman 5363,Xtol,1+1,25,12.0,10.2,10.8
Eastman Double-X (5222),510-Pyro,1+100,125,16.0,13.6,14.4
Eastman Double-X (5222),510-Pyro,1+100,200,7.0,5.95,6.3
Eastman Double-X (5222),777,stock,250,11.0,9.35,9.9
Eastman Double-X (5222),Acufine,stock,800,7.0,5.95,6.3
Eastman Double-X (5222),Adox HR-DEV,1+24,800,15.0,12.75,13.5
Eastman Double-X (5222),Adox HR-DEV,1+30,400,14.0,11.9,12.6
Eastman Double-X (5222),Agfa Ansco 47,stock,250,5.0,4.25,4.5
Eastman Double-X (5222),Ars-Imago FD,1+39,320,9.5,8.07,8.55
Eastman Double-X (5222),Ars-Imago FD,1+39,400,10.0,8.5,9.0
Eastman Double-X (5222),Bellini FX6a Monobath,stock,250,9.0,7.65,8.1
Eastman Double-X (5222),Bellini Hydrofen,1+39,250,5.25,4.46,4.73
Eastman Double-X (5222),Bellini Hydrofen,1+39,400,6.5,5.52,5.85
Eastman Double-X (5222),Black/White & Green,1+49,100,11.75,9.99,10.58
Eastman Double-X (5222),Caffenol Concoction,stock,400,17.0,14.45,15.3
Eastman Double-X (5222),Caffenol Delta STD,stock,250,10.0,8.5,9.0
Eastman Double-X (5222),D-23,1+3,250,20.0,17.0,18.0
Eastman Double-X (5222),D-76,1+1,250,10.0,8.5,9.0
Eastman Double-X (5222),D-76,1+1,400,13.5,11.47,12.15
Eastman Double-X (5222),D-76,1+1,800,16.0,13.6,14.4
Eastman Double-X (5222),D-76,1+2,100,9.0,7.65,8.1
Eastman Double-X (5222),D-76,1+2,200,11.0,9.35,9.9
Eastman Double-X (5222),D-76,stock,100,4.25,3.61,3.83
Eastman Double-X (5222),D-76,stock,250,7.0,5.95,6.3
Eastman Double-X (5222),D-76,stock,400,9.0,7.65,8.1
Eastman Double-X (5222),D-76,stock,800,13.5,11.47,12.15
Eastman Double-X (5222),D-96,stock,1600,25.0,21.25,22.5
Eastman Double-X (5222),D-96,stock,200,6.5,5.52,5.85
Eastman Double-X (5222),D-96,stock,400,8.0,6.8,7.2
Eastman Double-X (5222),DK-50,1+1,200,6.0,5.1,5.4
Eastman Double-X (5222),Eco Pro,1+1,100,7.0,5.95,6.3
Eastman Double-X (5222),Eco Pro,1+1,250,10.0,8.5,9.0
Eastman Double-X (5222),Eco Pro,stock,250 (200),7.0,5.95,6.3
Eastman Double-X (5222),F76+,1+19,250,10.0,8.5,9.0
Eastman Double-X (5222),FA-1027,1+19,200,10.0,8.5,9.0
Eastman Double-X (5222),FD10,1+9,250,11.0,9.35,9.9
Eastman Double-X (5222),Fomadon LQN,1+4,800,10.0,8.5,9.0
Eastman Double-X (5222),Fomadon LQN,1+7,400,17.0,14.45,15.3
Eastman Double-X (5222),Fuji Microfine,1+1,100,8.0,6.8,7.2
Eastman Double-X (5222),FX-39,1+9,250,8.0,6.8,7.2
Eastman Double-X (5222),HC-110,B,100,4.0,3.4,3.6
Eastman Double-X (5222),HC-110,B,1600,20.0,17.0,18.0
Eastman Double-X (5222),HC-110,B,200,5.0,4.25,4.5
Eastman Double-X (5222),HC-110,B,250,6.0,5.1,5.4
Eastman Double-X (5222),HC-110,B,3200,23.0,19.55,20.7
Eastman Double-X (5222),HC-110,B,400,6.5,5.52,5.85
Eastman Double-X (5222),HC-110,B,800,12.5,10.62,11.25
Eastman Double-X (5222),HC-110,E,200,8.0,6.8,7.2
Eastman Double-X (5222),HC-110,E,400,10.0,8.5,9.0
Eastman Double-X (5222),HC-110,G,250,90.0,76.5,81.0
Eastman Double-X (5222),HC-110,H,400,14.0,11.9,12.6
Eastman Double-X (5222),ID-11,1+1,250,10.0,8.5,9.0
Eastman Double-X (5222),ID-11,1+2,100,9.0,7.65,8.1
Eastman Double-X (5222),ID-11,1+2,200,11.0,9.35,9.9
Eastman Double-X (5222),ID-11,stock,100,4.25,3.61,3.83
Eastman Double-X (5222),ID-11,stock,250,7.0,5.95,6.3
Eastman Double-X (5222),ID-11,stock,400,9.0,7.65,8.1
Eastman Double-X (5222),ID-11,stock,800,12.5,10.62,11.25
Eastman Double-X (5222),Ilfosol 3,1+4,250,7.0,5.95,6.3
Eastman Double-X (5222),Ilfosol 3,1+9,250,6.5,5.52,5.85
Eastman Double-X (5222),Ilfosol 3,1+9,400,15.0,12.75,13.5
Eastman Double-X (5222),Ilfosol 3,1+9,600,17.0,14.45,15.3
Eastman Double-X (5222),Ilfotec DD-X,1+4,250,7.0,5.95,6.3
Eastman Double-X (5222),Ilfotec DD-X,1+4,3200,20.0,17.0,18.0
Eastman Double-X (5222),Ilfotec DD-X,1+4,400,10.0,8.5,9.0
Eastman Double-X (5222),Ilfotec DD-X,1+9,200,12.0,10.2,10.8
Eastman Double-X (5222),Ilfotec HC,1+49,200,7.0,5.95,6.3
Eastman Double-X (5222),Ilfotec LC29,1+19,250,6.5,5.52,5.85
Eastman Double-X (5222),Ilfotec LC29,1+19,400,8.5,7.22,7.65
Eastman Double-X (5222),Ilfotec LC29,1+29,250,8.0,6.8,7.2
Eastman Double-X (5222),Microphen,1+2,320,14.0,11.9,12.6
Eastman Double-X (5222),Microphen,stock,400,8.5,7.22,7.65
Eastman Double-X (5222),Microphen,stock,800,10.0,8.5,9.0
Eastman Double-X (5222),Nucleol BF200,20+15+965,250,8.5,7.22,7.65
Eastman Double-X (5222),Ornano Gradual ST20,1+9,3200,30.0,25.5,27.0
Eastman Double-X (5222),Paranol S,1+50,250,12.5,10.62,11.25
Eastman Double-X (5222),Parodinal,1+100,250,60.0,51.0,54.0
Eastman Double-X (5222),Perceptol,1+2,200,13.0,11.05,11.7
Eastman Double-X (5222),PMK,1+1+100,250,13.5,11.47,12.15
Eastman Double-X (5222),PMK,1+2+100,200,12.0,10.2,10.8
Eastman Double-X (5222),Rodinal,1+100,25,3.0,2.55,2.7
Eastman Double-X (5222),Rodinal,1+100,400,60.0,51.0,54.0
Eastman Double-X (5222),Rodinal,1+20,1600,10.0,8.5,9.0
Eastman Double-X (5222),Rodinal,1+20,200,5.0,4.25,4.5
Eastman Double-X (5222),Rodinal,1+25,1000,9.25,7.86,8.33
Eastman Double-X (5222),Rodinal,1+25,250,5.75,4.89,5.17
Eastman Double-X (5222),Rodinal,1+25,500,7.5,6.38,6.75
Eastman Double-X (5222),Rodinal,1+300,200,480.0,408.0,432.0
Eastman Double-X (5222),Rodinal,1+50,250,9.0,7.65,8.1
Eastman Double-X (5222),Rodinal,1+50,400,11.0,9.35,9.9
Eastman Double-X (5222),Rodinal,1+50,800,16.0,13.6,14.4
Eastman Double-X (5222),Rodinal,1+60,200,7.0,5.95,6.3
Eastman Double-X (5222),Rollei D74,1+15,250,5.0,4.25,4.5
Eastman Double-X (5222),Rollei Supergrain,1+15,250,7.0,5.95,6.3
Eastman Double-X (5222),Spur HRX,1+17,400,11.0,9.35,9.9
Eastman Double-X (5222),Spur SHADOWmax,1+1+48,400,15.0,12.75,13.5
Eastman Double-X (5222),Spur SHADOWmax,1+2+22,800,13.0,11.05,11.7
Eastman Double-X (5222),Spur SHADOWmax,1+2+33,500,12.0,10.2,10.8
Eastman Double-X (5222),Spur SHADOWmax,2+3+25,1250,13.0,11.05,11.7
Eastman Double-X (5222),Spur TRX 2000,1+24,800,15.0,12.75,13.5
Eastman Double-X (5222),Spur TRX 2000,1+30,400,14.0,11.9,12.6
Eastman Double-X (5222),TMax Dev,1+4,1600,15.0,12.75,13.5
Eastman Double-X (5222),TMax Dev,1+4,250,6.0,5.1,5.4
Eastman Double-X (5222),TMax Dev,1+4,400,6.0,5.1,5.4
Eastman Double-X (5222),TMax Dev,1+9,400,10.5,8.92,9.45
Eastman Double-X (5222),Ultrafin,1+20,200,12.0,10.2,10.8
Eastman Double-X (5222),XT-3,1+1,250,10.0,8.5,9.0
Eastman Double-X (5222),XT-3,1+1,400,12.5,10.62,11.25
Eastman Double-X (5222),XT-3,1+1,800,14.5,12.32,13.05
Eastman Double-X (5222),XT-3,stock,250 (200),7.0,5.95,6.3
Eastman Double-X (5222),Xtol,1+1,100,7.0,5.95,6.3
Eastman Double-X (5222),Xtol,1+1,250,10.0,8.5,9.0
Eastman Double-X (5222),Xtol,1+2,100,9.0,7.65,8.1
Eastman Double-X (5222),Xtol,stock,1600,25.0,21.25,22.5
Eastman Double-X (5222),Xtol,stock,250 (200),7.0,5.95,6.3
Eastman Double-X (5222),Xtol,stock,400,9.0,7.65,8.1
Eastman Hi-Fi 2374,Ilfosol 3,1+9,50,10.0,8.5,9.0
Efke 100,510-Pyro,1+100,100,7.75,6.59,6.98
Efke 100,ABC Pyro,stock,100,6.0,5.1,5.4
Efke 100,Acufine,stock,250,3.25,2.76,2.93
Efke 100,Acurol-N,1+50,50,9.5,8.07,8.55
Efke 100,Amaloco AM74,1+15,100,7.5,6.38,6.75
Efke 100,Atomal 49,1+1,100,12.0,10.2,10.8
Efke 100,Atomal 49,1+2,100,15.0,12.75,13.5
Efke 100,Atomal 49,stock,100,8.0,6.8,7.2
Efke 100,D-76,1+1,100,10.0,8.5,9.0
Efke 100,D-76,1+3,100,13.0,11.05,11.7
Efke 100,D-76,stock,100,7.0,5.95,6.3
Efke 100,Eco Pro,1+2,64,8.5,7.22,7.65
Efke 100,Eco Pro,1+2,80,11.75,9.99,10.58
Efke 100,Eco Pro,stock,100,6.0,5.1,5.4
Efke 100,F76+,1+19,100,22.5,19.12,20.25
Efke 100,F76+,1+4,64,12.0,10.2,10.8
Efke 100,F76+,1+9,100,13.5,11.47,12.15
Efke 100,Fomadon LQN,1+10,100,9.0,7.65,8.1
Efke 100,Fomadon R09,1+100,100,19.0,16.15,17.1
Efke 100,FX-39,1+14,100,11.0,9.35,9.9
Efke 100,FX-39,1+9,100,7.0,5.95,6.3
Efke 100,HC-110,B,100,5.5,4.67,4.95
Efke 100,HC-110,H,100,11.0,9.35,9.9
Efke 100,ID-11,1+1,100,10.0,8.5,9.0
Efke 100,ID-11,1+3,100,16.0,13.6,14.4
Efke 100,ID-11,stock,100,7.0,5.95,6.3
Efke 100,Ilfosol 3,1+14,100,8.0,6.8,7.2
Efke 100,Ilfosol 3,1+9,100,5.5,4.67,4.95
Efke 100,Ilfotec DD-X,1+4,100,7.0,5.95,6.3
Efke 100,Ilfotec DD-X,1+7,100,12.5,10.62,11.25
Efke 100,Ilfotec DD-X,1+7,130,16.0,13.6,14.4
Efke 100,Ilfotec DD-X,1+9,100,13.0,11.05,11.7
Efke 100,Ilfotec LC29,1+19,100,6.0,5.1,5.4
Efke 100,Ilfotec LC29,1+29,100,11.0,9.35,9.9
Efke 100,Neofin Blue,stock,100,15.0,12.75,13.5
Efke 100,Neofin Blue,stock,100,8.0,6.8,7.2
Efke 100,PC-TEA,1+50,100,10.5,8.92,9.45
Efke 100,Perceptol,1+3,50,23.0,19.55,20.7
Efke 100,PMK,1+2+100,100,10.0,8.5,9.0
Efke 100,Pyrocat-HD,2+2+100,100,8.0,6.8,7.2
Efke 100,Rodinal,1+100,100,16.0,13.6,14.4
Efke 100,Rodinal,1+25,100,6.0,5.1,5.4
Efke 100,Rodinal,1+25,160,8.0,6.8,7.2
Efke 100,Rodinal,1+25,400,13.5,11.47,12.15
Efke 100,Rodinal,1+25,80,5.0,4.25,4.5
Efke 100,Rodinal,1+50,100,10.0,8.5,9.0
Efke 100,Rodinal,1+50,200,14.0,11.9,12.6
Efke 100,Rodinal,1+50,400,24.0,20.4,21.6
Efke 100,Rodinal,1+50,50,9.0,7.65,8.1
Efke 100,Rodinal,1+75,100,13.5,11.47,12.15
Efke 100,Rodinal,1+75,400,19.5,16.57,17.55
Efke 100,Sprint Standard,1+9,100,10.0,8.5,9.0
Efke 100,Tanol,2+3+130,100,12.0,10.2,10.8
Efke 100,TMax Dev,1+4,100,7.0,5.95,6.3
Efke 100,TMax RS,stock,100,6.0,5.1,5.4
Efke 100,TMax RS,stock,80,4.0,3.4,3.6
Efke 100,Ultrafin,1+10,100,3.5,2.98,3.15
Efke 100,Ultrafin,1+20,100,5.0,4.25,4.5
Efke 100,Ultrafin,1+30,100,7.0,5.95,6.3
Efke 100,WD2D+,stock,100,9.5,8.07,8.55
Efke 100,XT-3,1+2,64,8.5,7.22,7.65
Efke 100,XT-3,1+2,80,11.75,9.99,10.58
Efke 100,XT-3,stock,100,6.0,5.1,5.4
Efke 100,Xtol,1+2,64,8.5,7.22,7.65
Efke 100,Xtol,1+2,80,11.75,9.99,10.58
Efke 100,Xtol,stock,100,6.0,5.1,5.4
Efke 25,510-Pyro,1+100,16,6.5,5.52,5.85
Efke 25,Acurol-N,1+70,10,8.5,7.22,7.65
Efke 25,Acurol-N,1+70,8,8.5,7.22,7.65
Efke 25,Amaloco AM74,1+15,20,3.0,2.55,2.7
Efke 25,Atomal 49,1+1,25,5.0,4.25,4.5
Efke 25,Atomal 49,1+2,25,7.0,5.95,6.3
Efke 25,Atomal 49,stock,25,4.0,3.4,3.6
Efke 25,Beutler,1+1+10,25,7.5,6.38,6.75
Efke 25,Caffenol,stock,25,11.0,9.35,9.9
Efke 25,D-76,1+1,20,5.0,4.25,4.5
Efke 25,D-76,1+1,25,7.0,5.95,6.3
Efke 25,D-76,stock,50(25),6.0,5.1,5.4
Efke 25,DK-50,stock,25,5.0,4.25,4.5
Efke 25,Eco Pro,1+1,50,8.0,6.8,7.2
Efke 25,Eco Pro,1+3,20,11.0,9.35,9.9
Efke 25,Eco Pro,stock,20,6.0,5.1,5.4
Efke 25,F76+,1+19,25,12.5,10.62,11.25
Efke 25,F76+,1+9,25,5.5,4.67,4.95
Efke 25,F76+,1+9,50,8.5,7.22,7.65
Efke 25,Fomadon LQN,1+10,25,4.0,3.4,3.6
Efke 25,Fomadon R09,1+100,25,18.0,15.3,16.2
Efke 25,FX-39,1+19,32,6.0,5.1,5.4
Efke 25,FX-39,1+9,25,4.0,3.4,3.6
Efke 25,HC-110,B,25,7.0,5.95,6.3
Efke 25,HC-110,H,50,7.0,5.95,6.3
Efke 25,ID-11,1+1,20,5.0,4.25,4.5
Efke 25,ID-11,stock,50(25),6.0,5.1,5.4
Efke 25,Ilfosol 3,1+14,25,6.0,5.1,5.4
Efke 25,Ilfotec DD-X,1+7,25,13.0,11.05,11.7
Efke 25,Microdol-X,1+3,25,14.5,12.32,13.05
Efke 25,Microphen,stock,25,5.0,4.25,4.5
Efke 25,Neofin Blue,stock,25,3.75,3.19,3.38
Efke 25,Pyrocat-HD,1+1+100,12,10.0,8.5,9.0
Efke 25,Pyrocat-HD,2+2+100,25,10.0,8.5,9.0
Efke 25,Rodinal,1+100,12,9.0,7.65,8.1
Efke 25,Rodinal,1+100,25,12.0,10.2,10.8
Efke 25,Rodinal,1+100,25,11.0,9.35,9.9
Efke 25,Rodinal,1+25,25,4.0,3.4,3.6
Efke 25,Rodinal,1+50,12,3.5,2.98,3.15
Efke 25,Rodinal,1+50,20,4.0,3.4,3.6
Efke 25,Rodinal,1+50,25,8.0,6.8,7.2
Efke 25,Rodinal,1+99,20,6.5,5.52,5.85
Efke 25,Sprint Standard,1+9,25,5.0,4.25,4.5
Efke 25,Tanol,1+1+100,16,12.5,10.62,11.25
Efke 25,TMax RS,stock,25,5.0,4.25,4.5
Efke 25,Ultrafin,1+10,20,3.0,2.55,2.7
Efke 25,Ultrafin,1+10,20,2.0,1.7,1.8
Efke 25,Ultrafin,1+20,20,5.0,4.25,4.5
Efke 25,Ultrafin,1+20,20,2.5,2.12,2.25
Efke 25,Ultrafin,1+30,20,8.0,6.8,7.2
Efke 25,Ultrafin,1+30,20,3.5,2.98,3.15
Efke 25,WD2D+,stock,25,9.0,7.65,8.1
Efke 25,XT-3,1+1,50,8.0,6.8,7.2
Efke 25,XT-3,1+3,20,11.0,9.35,9.9
Efke 25,XT-3,stock,20,6.0,5.1,5.4
Efke 25,Xtol,1+1,50,8.0,6.8,7.2
Efke 25,Xtol,1+3,20,11.0,9.35,9.9
Efke 25,Xtol,stock,20,6.0,5.1,5.4
Efke 50,Acufine,stock,160,2.75,2.34,2.48
Efke 50,Amaloco AM74,1+15,40,3.5,2.98,3.15
Efke 50,Atomal 49,1+1,50,8.0,6.8,7.2
Efke 50,Atomal 49,1+2,50,11.0,9.35,9.9
Efke 50,Atomal 49,stock,50,6.0,5.1,5.4
Efke 50,Beutler,1+1+10,50,8.5,7.22,7.65
Efke 50,Caffenol C,stock,100,10.0,8.5,9.0
Efke 50,D-76,1+1,100(50),12.0,10.2,10.8
Efke 50,D-76,1+1,40,5.25,4.46,4.73
Efke 50,D-76,stock,100(50),7.0,5.95,6.3
Efke 50,D-76,stock,50,6.5,5.52,5.85
Efke 50,DK-50,1+1,50,5.5,4.67,4.95
Efke 50,Eco Pro,1+1,50,10.0,8.5,9.0
Efke 50,Eco Pro,stock,50,8.0,6.8,7.2
Efke 50,Fomadon LQN,1+10,50,7.0,5.95,6.3
Efke 50,Fomadon R09,1+100,50,19.0,16.15,17.1
Efke 50,FX-39,1+9,50,5.5,4.67,4.95
Efke 50,HC-110,B,50,7.0,5.95,6.3
Efke 50,ID-11,1+1,100(50),12.0,10.2,10.8
Efke 50,ID-11,1+1,40,5.25,4.46,4.73
Efke 50,ID-11,1+1,50,8.0,6.8,7.2
Efke 50,ID-11,stock,100(50),7.0,5.95,6.3
Efke 50,ID-11,stock,50,6.5,5.52,5.85
Efke 50,ID-68,stock,50,6.0,5.1,5.4
Efke 50,Marathon,1+9,100,6.5,5.52,5.85
Efke 50,Neofin Blue,stock,50,4.0,3.4,3.6
Efke 50,PMK,1+2+100,50,8.0,6.8,7.2
Efke 50,Pyrocat-HD,1+1+100,50,14.0,11.9,12.6
Efke 50,Rodinal,1+100,50,18.0,15.3,16.2
Efke 50,Rodinal,1+25,50,6.0,5.1,5.4
Efke 50,Rodinal,1+50,50,9.0,7.65,8.1
Efke 50,Sprint Standard,1+9,50,8.5,7.22,7.65
Efke 50,TMax Dev,1+4,50,6.0,5.1,5.4
Efke 50,TMax RS,stock,50,5.0,4.25,4.5
Efke 50,Ultrafin,1+10,40,3.5,2.98,3.15
Efke 50,Ultrafin,1+10,40,2.0,1.7,1.8
Efke 50,Ultrafin,1+20,40,7.0,5.95,6.3
Efke 50,Ultrafin,1+20,40,2.5,2.12,2.25
Efke 50,Ultrafin,1+30,40,12.0,10.2,10.8
Efke 50,Ultrafin,1+30,40,3.5,2.98,3.15
Efke 50,WD2D+,stock,50,10.0,8.5,9.0
Efke 50,XT-3,1+1,50,10.0,8.5,9.0
Efke 50,XT-3,stock,50,8.0,6.8,7.2
Efke 50,Xtol,1+1,50,10.0,8.5,9.0
Efke 50,Xtol,stock,50,8.0,6.8,7.2
Efke IR820,D-76,stock,3,8.75,7.44,7.88
Efke IR820,D-76,stock,n/a,8.0,6.8,7.2
Efke IR820,Eco Pro,1+1,4,14.0,11.9,12.6
Efke IR820,Eco Pro,1+2,200,20.0,17.0,18.0
Efke IR820,Eco Pro,1+2,n/a,16.0,13.6,14.4
Efke IR820,Eco Pro,1+3,12,14.0,11.9,12.6
Efke IR820,Eco Pro,1+3,15,14.0,11.9,12.6
Efke IR820,Ecoprint Universal,1+12,n/a,6.0,5.1,5.4
Efke IR820,F76+,1+9,100,14.0,11.9,12.6
Efke IR820,FX-39,1+14,64,11.0,9.35,9.9
Efke IR820,HC-110,B,100,7.5,6.38,6.75
Efke IR820,HC-110,B,n/a,7.0,5.95,6.3
Efke IR820,HC-110,H,1.5,15.0,12.75,13.5
Efke IR820,ID-11,stock,n/a,8.0,6.8,7.2
Efke IR820,Ilfosol 3,1+9,n/a,5.5,4.67,4.95
Efke IR820,Ilfotec DD-X,1+4,12,10.0,8.5,9.0
Efke IR820,Ilfotec DD-X,1+4,3,11.5,9.78,10.35
Efke IR820,Ilfotec HC,1+5,n/a,7.0,5.95,6.3
Efke IR820,Microphen,1+1,6,13.0,11.05,11.7
Efke IR820,Microphen,stock,n/a,7.0,5.95,6.3
Efke IR820,Nucleol BF200,20+15+965,4,12.0,10.2,10.8
Efke IR820,Perceptol,stock,3,12.0,10.2,10.8
Efke IR820,Perceptol,stock,n/a,10.0,8.5,9.0
Efke IR820,Promicrol,1+14,100,8.5,7.22,7.65
Efke IR820,Promicrol,1+9,100,6.0,5.1,5.4
Efke IR820,Pyrocat-HD,1+1+100,100,9.5,8.07,8.55
Efke IR820,Rodinal,1+25,n/a,9.0,7.65,8.1
Efke IR820,Rodinal,1+50,1.5,14.0,11.9,12.6
Efke IR820,Rodinal,1+50,3,11.0,9.35,9.9
Efke IR820,Rodinal,1+50,4,11.0,9.35,9.9
Efke IR820,Tanol,1+1+100,3,14.5,12.32,13.05
Efke IR820,Tanol,1+1+100,40,14.5,12.32,13.05
Efke IR820,Tanol,1+1+100,50,14.5,12.32,13.05
Efke IR820,Tanol,1+1+100,6,14.5,12.32,13.05
Efke IR820,TMax Dev,1+4,n/a,7.0,5.95,6.3
Efke IR820,Ultrafin,1+10,n/a,8.0,6.8,7.2
Efke IR820,Ultrafin,1+20,n/a,11.0,9.35,9.9
Efke IR820,XT-3,1+1,4,14.0,11.9,12.6
Efke IR820,XT-3,1+2,200,20.0,17.0,18.0
Efke IR820,XT-3,1+2,n/a,16.0,13.6,14.4
Efke IR820,XT-3,1+3,12,14.0,11.9,12.6
Efke IR820,XT-3,1+3,15,14.0,11.9,12.6
Efke IR820,Xtol,1+1,4,14.0,11.9,12.6
Efke IR820,Xtol,1+2,200,20.0,17.0,18.0
Efke IR820,Xtol,1+2,n/a,16.0,13.6,14.4
Efke IR820,Xtol,1+3,12,14.0,11.9,12.6
Efke IR820,Xtol,1+3,15,14.0,11.9,12.6
ERA 100,Caffenol C,stock,100,13.0,11.05,11.7
ERA 100,D-23,1+2,100,21.0,17.85,18.9
ERA 100,D-76,stock,100,8.0,6.8,7.2
ERA 100,D-76,stock,200,12.0,10.2,10.8
ERA 100,D-76,stock,400,18.0,15.3,16.2
ERA 100,Eco Pro,1+1,100,9.0,7.65,8.1
ERA 100,HC-110,B,80,5.0,4.25,4.5
ERA 100,ID-11,stock,100,8.0,6.8,7.2
ERA 100,ID-11,stock,200,12.0,10.2,10.8
ERA 100,ID-11,stock,400,18.0,15.3,16.2
ERA 100,Ilfotec DD-X,1+4,100,9.0,7.65,8.1
ERA 100,Ilfotec LC29,1+58,100,15.5,13.17,13.95
ERA 100,Pyrocat-HD,1+1+100,50,9.5,8.07,8.55
ERA 100,Rodinal,1+50,100,14.0,11.9,12.6
ERA 100,XT-3,1+1,100,9.0,7.65,8.1
ERA 100,Xtol,1+1,100,9.0,7.65,8.1
ERA PSS 45 Pan,Rodinal,1+100,100,60.0,51.0,54.0
Etude Pan 400,D-76,1+1,400,13.0,11.05,11.7
Etude Pan 400,D-76,stock,400,8.0,6.8,7.2
Etude Pan 400,Eco Pro,stock,400,7.0,5.95,6.3
Etude Pan 400,HC-110,B,400,7.0,5.95,6.3
Etude Pan 400,HC-110,H,400,13.0,11.05,11.7
Etude Pan 400,ID-11,1+1,400,13.0,11.05,11.7
Etude Pan 400,ID-11,stock,400,8.0,6.8,7.2
Etude Pan 400,Rodinal,1+50,400,15.0,12.75,13.5
Etude Pan 400,XT-3,stock,400,7.0,5.95,6.3
Etude Pan 400,Xtol,stock,400,7.0,5.95,6.3
ExtraFilm 200,Fomadon R09,1+50,200,15.0,12.75,13.5
Fabfilm BU-400,D-76,1+1,400,12.0,10.2,10.8
Fabfilm BU-400,ID-11,1+1,400,12.0,10.2,10.8
Fabfilm BU-400,Ilfotec DD-X,1+4,400,14.0,11.9,12.6
Fabfilm BU-400,Rodinal,1+25,200,12.0,10.2,10.8
Fabfilm BU-400,Rodinal,1+50,400,22.0,18.7,19.8
Fabfilm BU-400,Rollei Supergrain,1+9,200,4.25,3.61,3.83
Ferrania Orto,D-76,stock,50,8.0,6.8,7.2
Ferrania Orto,D-76,stock,64,7.0,5.95,6.3
Ferrania Orto,Ilfosol 3,1+9,50,6.0,5.1,5.4
Ferrania Orto,Ilfotec DD-X,1+5,50,8.5,7.22,7.65
Ferrania Orto,Rodinal,1+100,50,60.0,51.0,54.0
Ferrania Orto,Rodinal,1+25,100,8.0,6.8,7.2
Ferrania Orto,Rodinal,1+50,50,14.0,11.9,12.6
Ferrania Orto,Rodinal,1+50,50,18.0,15.3,16.2
Ferrania Orto,TMax Dev,1+6,50,8.0,6.8,7.2
Ferrania P30,510-Pyro,1+100,32,15.0,12.75,13.5
Ferrania P30,510-Pyro,1+100,80,13.5,11.47,12.15
Ferrania P30,Ars-Imago FE,1+1,80,9.0,7.65,8.1
Ferrania P30,Atomal 49,1+2,64,12.0,10.2,10.8
Ferrania P30,Black/White & Green,1+49,80,14.0,11.9,12.6
Ferrania P30,D-23,stock,80,9.0,7.65,8.1
Ferrania P30,D-76,1+1,50,13.0,11.05,11.7
Ferrania P30,D-76,1+1,80,13.5,11.47,12.15
Ferrania P30,D-76,1+3,80,30.0,25.5,27.0
Ferrania P30,D-76,stock,50,8.0,6.8,7.2
Ferrania P30,D-76,stock,80,9.0,7.65,8.1
Ferrania P30,D-76,stock,80,7.0,5.95,6.3
Ferrania P30,D-96,stock,80,8.0,6.8,7.2
Ferrania P30,Eco Pro,1+1,80,12.0,10.2,10.8
Ferrania P30,Eco Pro,1+3,80,16.0,13.6,14.4
Ferrania P30,Eco Pro,stock,80,9.0,7.65,8.1
Ferrania P30,FX-55,1+9,80,7.75,6.59,6.98
Ferrania P30,HC-110,B,80,5.0,4.25,4.5
Ferrania P30,HC-110,H,80,12.0,10.2,10.8
Ferrania P30,ID-11,1+1,50,13.0,11.05,11.7
Ferrania P30,ID-11,1+1,80,13.5,11.47,12.15
Ferrania P30,ID-11,1+3,80,30.0,25.5,27.0
Ferrania P30,ID-11,stock,50,8.0,6.8,7.2
Ferrania P30,ID-11,stock,80,9.0,7.65,8.1
Ferrania P30,ID-11,stock,80,7.0,5.95,6.3
Ferrania P30,Ilfosol 3,1+9,80,6.0,5.1,5.4
Ferrania P30,Ilfotec DD-X,1+4,80,10.5,8.92,9.45
Ferrania P30,Ilfotec DD-X,1+5,50,7.5,6.38,6.75
Ferrania P30,Microphen,1+3,80,17.0,14.45,15.3
Ferrania P30,Microphen,stock,80,8.75,7.44,7.88
Ferrania P30,Nucleol BF200,10+7.5+982.5,64,60.0,51.0,54.0
Ferrania P30,Paranol S,1+50,80,14.0,11.9,12.6
Ferrania P30,POTA,stock,80,11.0,9.35,9.9
Ferrania P30,Promicrol,1+9,80,8.0,6.8,7.2
Ferrania P30,Rodinal,1+100,80,60.0,51.0,54.0
Ferrania P30,Rodinal,1+25,80,8.0,6.8,7.2
Ferrania P30,Rodinal,1+50,25,7.0,5.95,6.3
Ferrania P30,Rodinal,1+50,80,14.0,11.9,12.6
Ferrania P30,Rodinal,1+60,80,22.0,18.7,19.8
Ferrania P30,Rodinal,1+70,40,20.0,17.0,18.0
Ferrania P30,Rollei Supergrain,1+12,80,7.5,6.38,6.75
Ferrania P30,Rollei Supergrain,1+15,80,9.0,7.65,8.1
Ferrania P30,Silvermax,1+29,50,8.5,7.22,7.65
Ferrania P30,Silvermax,1+29,80,11.0,9.35,9.9
Ferrania P30,TMax Dev,1+4,80,7.0,5.95,6.3
Ferrania P30,XT-3,1+1,80,12.0,10.2,10.8
Ferrania P30,XT-3,1+3,80,16.0,13.6,14.4
Ferrania P30,XT-3,stock,80,9.0,7.65,8.1
Ferrania P30,Xtol,1+1,80,12.0,10.2,10.8
Ferrania P30,Xtol,1+3,80,16.0,13.6,14.4
Ferrania P30,Xtol,stock,80,9.0,7.65,8.1
Ferrania P33,510-Pyro,1+100,160,12.0,10.2,10.8
Ferrania P33,D-76,1+1,160,11.0,9.35,9.9
Ferrania P33,D-76,stock,160,10.0,8.5,9.0
Ferrania P33,FX-39,1+9,160,11.0,9.35,9.9
Ferrania P33,FX-55,1+9,160,11.5,9.78,10.35
Ferrania P33,HC-110,1+31,160,7.5,6.38,6.75
Ferrania P33,Rodinal,1+100,160,60.0,51.0,54.0
Ferrania P33,Rodinal,1+25,160,8.5,7.22,7.65
Ferrania P33,Rodinal,1+25,160,5.0,4.25,4.5
Ferrania P33,Rodinal,1+25,160,8.0,6.8,7.2
Ferrania P33,Rodinal,1+25,160,7.0,5.95,6.3
Ferrania P33,Rodinal,1+25,200,11.0,9.35,9.9
Ferrania P33,XT-3,1+1,160,10.0,8.5,9.0
FilmNeverDie KURO 100,Ilfotec DD-X,1+4,100,8.0,6.8,7.2
FilmNeverDie KURO 100,Rodinal,1+50,100,8.5,7.22,7.65
Filmotec DP-3,D-76,stock,6,8.0,6.8,7.2
Filmotec DP-3,Eco Pro,1+1,25,22.0,18.7,19.8
Filmotec DP-3,Eco Pro,1+1,6,8.5,7.22,7.65
Filmotec DP-3,Eco Pro,stock,25,12.0,10.2,10.8
Filmotec DP-3,ID-11,stock,6,8.0,6.8,7.2
Filmotec DP-3,Ornano Gradual ST20,stock,10,5.5,4.67,4.95
Filmotec DP-3,Xtol,1+1,25,22.0,18.7,19.8
Filmotec DP-3,Xtol,1+1,6,8.5,7.22,7.65
Filmotec DP-3,Xtol,stock,25,12.0,10.2,10.8
Flic Film UltraPan 100,Black/White & Green,1+49,100,13.5,11.47,12.15
Flic Film UltraPan 100,D-76,1+1,100,10.0,8.5,9.0
Flic Film UltraPan 100,HC-110,B,100,6.0,5.1,5.4
Flic Film UltraPan 100,HC-110,F,100,12.0,10.2,10.8
Flic Film UltraPan 100,HC-110,H,100,9.0,7.65,8.1
Flic Film UltraPan 100,Ilfosol 3,1+14,100,7.5,6.38,6.75
Flic Film UltraPan 100,Ilfosol 3,1+9,100,5.0,4.25,4.5
Flic Film UltraPan 100,Rodinal,1+100,100,18.0,15.3,16.2
Flic Film UltraPan 100,Xtol,1+1,100,8.0,6.8,7.2
Flic Film UltraPan 200,HC-110,B,200,3.5,2.98,3.15
Flic Film UltraPan 200,HC-110,E,200,5.5,4.67,4.95
Flic Film UltraPan 200,HC-110,H,200,9.0,7.65,8.1
Flic Film UltraPan 200,Ilfosol 3,1+14,200,6.0,5.1,5.4
Flic Film UltraPan 200,Rodinal,1+100,200,18.0,15.3,16.2
Flic Film UltraPan 200,Rodinal,1+25,200,3.5,2.98,3.15
Flic Film UltraPan 200,Xtol,1+1,200,8.5,7.22,7.65
Flic Film UltraPan 200,Xtol,stock,200,6.0,5.1,5.4
Flic Film UltraPan 400,Black/White & Green,1+49,200,8.0,6.8,7.2
Flic Film UltraPan 400,Black/White & Green,1+49,400,16.0,13.6,14.4
Flic Film UltraPan 400,Rodinal,1+25,400,7.5,6.38,6.75
Flic Film UltraPan 400,Xtol,1+1,400,9.5,8.07,8.55
Foma Ortho 400,510-Pyro,1+100,400,8.5,7.22,7.65
Foma Ortho 400,Bellini Euro HC,1+31,400,7.0,5.95,6.3
Foma Ortho 400,F76+,1+9,400,9.0,7.65,8.1
Foma Ortho 400,Fomadon Excel,stock,400,7.0,5.95,6.3
Foma Ortho 400,FX-39,1+9,400,10.5,8.92,9.45
Foma Ortho 400,HC-110,1+31,400,7.0,5.95,6.3
Foma Ortho 400,ID-11,stock,320,7.5,6.38,6.75
Foma Ortho 400,Rodinal,1+25,1600,24.0,20.4,21.6
Foma Ortho 400,Rodinal,1+25,400,5.5,4.67,4.95
Foma Ortho 400,Rodinal,1+50,800,16.5,14.03,14.85
Foma Ortho 400,Rollei Supergrain,1+15,400,8.5,7.22,7.65
Foma Ortho 400,Xtol,1+1,400,9.5,8.07,8.55
Foma Ortho 400,Xtol,stock,400,7.0,5.95,6.3
Foma Retropan 320,Acurol-N,1+50,250,29.0,24.65,26.1
Foma Retropan 320,Acurol-N,1+70,250,29.0,24.65,26.1
Foma Retropan 320,Adox HR-DEV,1+20,125,13.0,11.05,11.7
Foma Retropan 320,Bellini Hydrofen,1+31,320,10.0,8.5,9.0
Foma Retropan 320,Black/White & Green,1+49,320,18.5,15.72,16.65
Foma Retropan 320,Caffenol C-H,stock,320,14.5,12.32,13.05
Foma Retropan 320,Caffenol C-H,stock,400,17.0,14.45,15.3
Foma Retropan 320,D-76,1+3,800,25.5,21.68,22.95
Foma Retropan 320,D-76,stock,320,9.5,8.07,8.55
Foma Retropan 320,Eco Pro,1+3,320,15.0,12.75,13.5
Foma Retropan 320,Foma Retro Special,stock,320,4.5,3.82,4.05
Foma Retropan 320,Fomadon LQN,1+10,320,9.5,8.07,8.55
Foma Retropan 320,HC-110,1+100,320,15.0,12.75,13.5
Foma Retropan 320,HC-110,1+31,320,7.5,6.38,6.75
Foma Retropan 320,HC-110,B,3200,20.0,17.0,18.0
Foma Retropan 320,ID-11,1+3,800,25.5,21.68,22.95
Foma Retropan 320,ID-11,stock,320,9.5,8.07,8.55
Foma Retropan 320,Ilfotec DD-X,1+4,320,10.0,8.5,9.0
Foma Retropan 320,Ilfotec LC29,1+34,320,20.0,17.0,18.0
Foma Retropan 320,Microphen,stock,320,10.5,8.92,9.45
Foma Retropan 320,Neofin Blue,1+10,320,15.0,12.75,13.5
Foma Retropan 320,Perceptol,1+3,320,28.0,23.8,25.2
Foma Retropan 320,Perceptol,stock,200,11.0,9.35,9.9
Foma Retropan 320,Rodinal,1+25,160,16.5,14.03,14.85
Foma Retropan 320,Rollei Supergrain,1+9,320,7.0,5.95,6.3
Foma Retropan 320,Silberra Ascorol,1+29,320,10.0,8.5,9.0
Foma Retropan 320,Spur NHC,1+15,320,16.5,14.03,14.85
Foma Retropan 320,Spur TRX 2000,1+20,125,13.0,11.05,11.7
Foma Retropan 320,Ultrafine Liquid,1+20,320,13.0,11.05,11.7
Foma Retropan 320,XT-3,1+3,320,15.0,12.75,13.5
Foma Retropan 320,Xtol,1+1,320,10.0,8.5,9.0
Foma Retropan 320,Xtol,1+3,320,15.0,12.75,13.5
Fomapan 100,510-Pyro,1+100,100,7.0,5.95,6.3
Fomapan 100,510-Pyro,1+100,200,18.5,15.72,16.65
Fomapan 100,510-Pyro,1+100,50,8.0,6.8,7.2
Fomapan 100,510-Pyro,1+100,80,10.5,8.92,9.45
Fomapan 100,Acufine,stock,100,3.5,2.98,3.15
Fomapan 100,Acurol-N,1+50,100,10.0,8.5,9.0
Fomapan 100,Acurol-N,1+50,125,11.0,9.35,9.9
Fomapan 100,Acurol-N,1+50,80,9.0,7.65,8.1
Fomapan 100,Adox HR-DEV,1+40,100,12.0,10.2,10.8
Fomapan 100,Agfa 14,1+1,50,14.0,11.9,12.6
Fomapan 100,Amaloco AM74,1+15,100,6.5,5.52,5.85
Fomapan 100,Arista® Premium,1+9,100,7.0,5.95,6.3
Fomapan 100,Ars-Imago FD,1+39,100,6.5,5.52,5.85
Fomapan 100,Ars-Imago FE,1+1,100,6.0,5.1,5.4
Fomapan 100,Atomal 49,1+1,100,13.0,11.05,11.7
Fomapan 100,Atomal 49,1+2,100,17.0,14.45,15.3
Fomapan 100,AVR-3,1+50,100,9.0,7.65,8.1
Fomapan 100,AVR-3,1+50,400,20.0,17.0,18.0
Fomapan 100,Bellini FX6a Monobath,stock,100,9.5,8.07,8.55
Fomapan 100,Bellini Hydrofen,1+31,100,10.0,8.5,9.0
Fomapan 100,Bellini Hydrofen,1+39,100,6.5,5.52,5.85
Fomapan 100,Berspeed,1+1,100,8.0,6.8,7.2
Fomapan 100,Beutler,1+1+8,100,10.0,8.5,9.0
Fomapan 100,Black/White & Green,1+49,100,11.75,9.99,10.58
Fomapan 100,Caffenol C,stock,100,17.0,14.45,15.3
Fomapan 100,Caffenol C-H (rs),stock,100,12.5,10.62,11.25
Fomapan 100,Caffenol C-L,stock,100,25.0,21.25,22.5
Fomapan 100,Caffenol C-M,stock,200,15.0,12.75,13.5
Fomapan 100,Cawanol,stock,100,17.0,14.45,15.3
Fomapan 100,D-23,stock,100,11.0,9.35,9.9
Fomapan 100,D-23,stock,200,15.0,12.75,13.5
Fomapan 100,D-23,stock,80,7.0,5.95,6.3
Fomapan 100,D-72,1+2,100,4.0,3.4,3.6
Fomapan 100,D-76,1+1,100,10.0,8.5,9.0
Fomapan 100,D-76,1+1,200,14.0,11.9,12.6
Fomapan 100,D-76,1+1,400,18.0,15.3,16.2
Fomapan 100,D-76,1+1,80,8.75,7.44,7.88
Fomapan 100,D-76,1+3,100,17.0,14.45,15.3
Fomapan 100,D-76,stock,100,4.5,3.82,4.05
Fomapan 100,D-96,stock,100,8.0,6.8,7.2
Fomapan 100,DK-76b,1+1,100,5.5,4.67,4.95
Fomapan 100,Eco Pro,1+1,100,8.0,6.8,7.2
Fomapan 100,Eco Pro,1+1,100,6.5,5.52,5.85
Fomapan 100,Eco Pro,1+1,400,11.5,9.78,10.35
Fomapan 100,Eco Pro,1+2,125,9.0,7.65,8.1
Fomapan 100,F76+,1+9,100,7.0,5.95,6.3
Fomapan 100,FA-1027,1+14,100,9.0,7.65,8.1
Fomapan 100,FD10,1+14,100,9.0,7.65,8.1
Fomapan 100,FD10,1+9,100,8.0,6.8,7.2
Fomapan 100,Foma Retro Special,stock,100,4.0,3.4,3.6
Fomapan 100,Foma Universal,1+3,100,5.0,4.25,4.5
Fomapan 100,Foma W-17 Hydrofen,1+1,100,5.5,4.67,4.95
Fomapan 100,Fomadon LQN,1+10,100,18.0,15.3,16.2
Fomapan 100,Fomadon LQN,1+14,3200,42.0,35.7,37.8
Fomapan 100,Fomadon LQR,1+10,400,12.0,10.2,10.8
Fomapan 100,Fomadon R09,1+25,100,4.0,3.4,3.6
Fomapan 100,Fomadon R09,1+50,100,9.0,7.65,8.1
Fomapan 100,Fomadon R09,1+50,64,9.0,7.65,8.1
Fomapan 100,Fuji Microfine,stock,100,10.5,8.92,9.45
Fomapan 100,FX-15,1+1,100,11.0,9.35,9.9
Fomapan 100,FX-18,1+1,100,10.0,8.5,9.0
Fomapan 100,FX-39,1+7,1600,10.5,8.92,9.45
Fomapan 100,FX-39,1+9,100,7.0,5.95,6.3
Fomapan 100,FX-39,1+9,400,11.0,9.35,9.9
Fomapan 100,FX-55,1+19,160,17.0,14.45,15.3
Fomapan 100,FX-55,stock,100,6.0,5.1,5.4
Fomapan 100,FX-55,stock,125,7.0,5.95,6.3
Fomapan 100,FX-55,stock,80,9.0,7.65,8.1
Fomapan 100,HC-110,1+39,100,7.0,5.95,6.3
Fomapan 100,HC-110,B,100,6.0,5.1,5.4
Fomapan 100,HC-110,B,100,5.25,4.46,4.73
Fomapan 100,HC-110,B,1600,19.0,16.15,17.1
Fomapan 100,HC-110,B,400,11.5,9.78,10.35
Fomapan 100,HC-110,B,50,4.5,3.82,4.05
Fomapan 100,HC-110,D,100,7.0,5.95,6.3
Fomapan 100,HC-110,E,200,8.0,6.8,7.2
Fomapan 100,HC-110,E,64,6.0,5.1,5.4
Fomapan 100,HC-110,E,80,7.0,5.95,6.3
Fomapan 100,HC-110,F,100,12.0,10.2,10.8
Fomapan 100,HC-110,F,100,7.75,6.59,6.98
Fomapan 100,HC-110,F,64,7.75,6.59,6.98
Fomapan 100,HC-110,G,50,13.0,11.05,11.7
Fomapan 100,HC-110,H,100,10.0,8.5,9.0
Fomapan 100,HC-110,H,100,9.0,7.65,8.1
Fomapan 100,ID-11,1+1,100,10.0,8.5,9.0
Fomapan 100,ID-11,1+1,200,14.0,11.9,12.6
Fomapan 100,ID-11,1+1,400,18.0,15.3,16.2
Fomapan 100,ID-11,1+3,100,13.0,11.05,11.7
Fomapan 100,ID-11,1+3,200,22.5,19.12,20.25
Fomapan 100,ID-11,stock,200,10.0,8.5,9.0
Fomapan 100,ID-68,stock,100,6.0,5.1,5.4
Fomapan 100,ID-68,stock,200,8.5,7.22,7.65
Fomapan 100,Ilfosol 3,1+14,100,7.5,6.38,6.75
Fomapan 100,Ilfosol 3,1+14,100,5.0,4.25,4.5
Fomapan 100,Ilfosol 3,1+14,80,7.0,5.95,6.3
Fomapan 100,Ilfosol 3,1+9,100,6.0,5.1,5.4
Fomapan 100,Ilfosol 3,1+9,100,5.0,4.25,4.5
Fomapan 100,Ilfosol 3,1+9,100,3.0,2.55,2.7
Fomapan 100,Ilfotec DD,1+4,100,9.0,7.65,8.1
Fomapan 100,Ilfotec DD-X,1+4,100,8.0,6.8,7.2
Fomapan 100,Ilfotec DD-X,1+4,200,9.0,7.65,8.1
Fomapan 100,Ilfotec DD-X,1+4,400,11.25,9.56,10.12
Fomapan 100,Ilfotec DD-X,1+9,100,12.0,10.2,10.8
Fomapan 100,Ilfotec HC,1+31,100,7.0,5.95,6.3
Fomapan 100,Ilfotec HC,1+50,100,10.0,8.5,9.0
Fomapan 100,Ilfotec LC29,1+19,100,6.5,5.52,5.85
Fomapan 100,Kalogen,1+50,100,12.5,10.62,11.25
Fomapan 100,Kalogen,1+60,200,16.0,13.6,14.4
Fomapan 100,Liquidol,1+19,100,1.0,0.85,0.9
Fomapan 100,Lucky HB-17,1+15,100,10.25,8.71,9.22
Fomapan 100,Lucky HB-17,1+19,100,12.25,10.41,11.03
Fomapan 100,Marathon,1+9,100,6.0,5.1,5.4
Fomapan 100,Metolal,1+50,100,14.0,11.9,12.6
Fomapan 100,Microdol-X,stock,100,8.0,6.8,7.2
Fomapan 100,Microphen,1+3,50,11.5,9.78,10.35
Fomapan 100,Microphen,stock,200,8.5,7.22,7.65
Fomapan 100,Microphen,stock,800,16.0,13.6,14.4
Fomapan 100,Mikratol-2,1+100,100,32.0,27.2,28.8
Fomapan 100,Mikratol-2,1+50,100,11.0,9.35,9.9
Fomapan 100,Neofin Blue,1+5,100,4.0,3.4,3.6
Fomapan 100,Neofin Blue,1+9,100,8.0,6.8,7.2
Fomapan 100,Paranol S,1+25,100,4.0,3.4,3.6
Fomapan 100,Paranol S,1+50,100,10.0,8.5,9.0
Fomapan 100,Parvofin,stock,100,5.5,4.67,4.95
Fomapan 100,PC-TEA,1+50,100,10.0,8.5,9.0
Fomapan 100,PC-TEA,1+50,100,5.75,4.89,5.17
Fomapan 100,PC-TEA,1+50,50,8.5,7.22,7.65
Fomapan 100,Perceptol,1+1,50,7.0,5.95,6.3
Fomapan 100,Perceptol,stock,100,8.0,6.8,7.2
Fomapan 100,Perceptol,stock,50,7.5,6.38,6.75
Fomapan 100,PMK,1+2+100,40,11.0,9.35,9.9
Fomapan 100,Promicrol,1+14,200,13.0,11.05,11.7
Fomapan 100,Pyrocat-HD,1+1+100,100,12.0,10.2,10.8
Fomapan 100,Pyrocat-HD,1+1+100,64,12.0,10.2,10.8
Fomapan 100,Pyrocat-HD,2+2+100,100,10.0,8.5,9.0
Fomapan 100,Rodinal,1+100,100,18.0,15.3,16.2
Fomapan 100,Rodinal,1+100,400,26.0,22.1,23.4
Fomapan 100,Rodinal,1+100,50,7.0,5.95,6.3
Fomapan 100,Rodinal,1+100,800,90.0,76.5,81.0
Fomapan 100,Rodinal,1+200,100,30.0,25.5,27.0
Fomapan 100,Rodinal,1+25,100,5.5,4.67,4.95
Fomapan 100,Rodinal,1+25,100,12.0,10.2,10.8
Fomapan 100,Rodinal,1+25,1600,22.0,18.7,19.8
Fomapan 100,Rodinal,1+25,400,13.5,11.47,12.15
Fomapan 100,Rodinal,1+25,400,6.5,5.52,5.85
Fomapan 100,Rodinal,1+25,800,12.0,10.2,10.8
Fomapan 100,Rodinal,1+50,100,8.5,7.22,7.65
Fomapan 100,Rodinal,1+50,200,12.0,10.2,10.8
Fomapan 100,Rodinal,1+50,400,21.5,18.27,19.35
Fomapan 100,Rodinal,1+50,80,7.0,5.95,6.3
Fomapan 100,Rodinal,1+50,800,23.0,19.55,20.7
Fomapan 100,Rollei Supergrain,1+15,64,9.5,8.07,8.55
Fomapan 100,Romek PQ7,1+3,100,10.0,8.5,9.0
Fomapan 100,Romek PQ7,1+3,400,12.0,10.2,10.8
Fomapan 100,Silberra Aphenol,stock,100,5.0,4.25,4.5
Fomapan 100,Silberra Ascorol,1+29,100,6.0,5.1,5.4
Fomapan 100,Silberra Microl,stock,100,11.0,9.35,9.9
Fomapan 100,SP-76EC,1+11,50,8.0,6.8,7.2
Fomapan 100,SP-76EC,1+14,50,8.0,6.8,7.2
Fomapan 100,SP-76EC,1+19,50,8.0,6.8,7.2
Fomapan 100,SP-76EC,1+9,50,10.0,8.5,9.0
Fomapan 100,SP-Ultra 4LF,1+9,125,7.0,5.95,6.3
Fomapan 100,Sprint Standard,1+9,100,8.5,7.22,7.65
Fomapan 100,Spur HRX,1+20,100,11.5,9.78,10.35
Fomapan 100,Spur NHC,1+15,125,12.0,10.2,10.8
Fomapan 100,Spur NHC,1+20,125,8.0,6.8,7.2
Fomapan 100,Spur NHC,1+29,100,8.0,6.8,7.2
Fomapan 100,Spur SLD,1+19,64,6.0,5.1,5.4
Fomapan 100,Spur SLD,1+24,125,10.0,8.5,9.0
Fomapan 100,Spur TRX 2000,1+40,100,12.0,10.2,10.8
Fomapan 100,Spur UFP,1+30,80,9.0,7.65,8.1
Fomapan 100,Studional,1+31,100,10.0,8.5,9.0
Fomapan 100,TMax Dev,1+4,400,11.0,9.35,9.9
Fomapan 100,TMax Dev,1+9,100,8.0,6.8,7.2
Fomapan 100,TMax Dev,1+9,400,15.25,12.96,13.72
Fomapan 100,TMax RS,stock,100,5.5,4.67,4.95
Fomapan 100,Ultrafin,1+20,100,7.5,6.38,6.75
Fomapan 100,Ultrafin,1+20,100,4.5,3.82,4.05
Fomapan 100,Ultrafin T-Plus,1+4,100,4.5,3.82,4.05
Fomapan 100,XT-3,1+1,100,8.0,6.8,7.2
Fomapan 100,XT-3,1+1,100,6.5,5.52,5.85
Fomapan 100,XT-3,1+1,400,11.5,9.78,10.35
Fomapan 100,XT-3,1+2,125,9.0,7.65,8.1
Fomapan 100,Xtol,1+1,100,8.0,6.8,7.2
Fomapan 100,Xtol,1+1,100,6.5,5.52,5.85
Fomapan 100,Xtol,1+1,400,11.5,9.78,10.35
Fomapan 100,Xtol,1+2,125,9.0,7.65,8.1
Fomapan 200,510-Pyro,1+100,100,11.25,9.56,10.12
Fomapan 200,510-Pyro,1+100,160,6.5,5.52,5.85
Fomapan 200,510-Pyro,1+100,200,7.5,6.38,6.75
Fomapan 200,Acufine,stock,200,3.0,2.55,2.7
Fomapan 200,Adox HR-DEV,1+35,125,12.0,10.2,10.8
Fomapan 200,ADX II,1+24,160,10.0,8.5,9.0
Fomapan 200,Agfa 14,1+1,200,17.0,14.45,15.3
Fomapan 200,Amaloco AM74,1+15,200,7.5,6.38,6.75
Fomapan 200,Amaloco AM74,1+7,200,5.0,4.25,4.5
Fomapan 200,Arista® Premium,1+9,200,7.5,6.38,6.75
Fomapan 200,Ars-Imago FD,1+39,200,6.0,5.1,5.4
Fomapan 200,Atomal 49,1+1,200,13.0,11.05,11.7
Fomapan 200,Atomal 49,1+2,200,17.0,14.45,15.3
Fomapan 200,Atomal 49,3+2,200,8.0,6.8,7.2
Fomapan 200,AVR-3,1+50,200,11.5,9.78,10.35
Fomapan 200,Bellini Hydrofen,1+31,200,12.0,10.2,10.8
Fomapan 200,Berspeed,1+1,200,10.0,8.5,9.0
Fomapan 200,Beutler,1+1+8,200,8.0,6.8,7.2
Fomapan 200,Black/White & Green,1+49,100,10.0,8.5,9.0
Fomapan 200,BW-TNEG,1+6,200,6.0,5.1,5.4
Fomapan 200,Caffenol C,stock,200,25.0,21.25,22.5
Fomapan 200,Caffenol C-L,stock,200,70.0,59.5,63.0
Fomapan 200,Cawanol,stock,200,15.0,12.75,13.5
Fomapan 200,D-23,1+3,100,19.0,16.15,17.1
Fomapan 200,D-23,stock,200,7.0,5.95,6.3
Fomapan 200,D-76,1+1,100,7.75,6.59,6.98
Fomapan 200,D-76,1+3,100,8.0,6.8,7.2
Fomapan 200,D-76,1+3,400,18.0,15.3,16.2
Fomapan 200,Eco Pro,1+1,200,8.5,7.22,7.65
Fomapan 200,Eco Pro,stock,200,6.0,5.1,5.4
Fomapan 200,F76+,1+19,200,10.5,8.92,9.45
Fomapan 200,F76+,1+9,200,7.5,6.38,6.75
Fomapan 200,FA-1027,1+19,200,10.5,8.92,9.45
Fomapan 200,Foma Retro Special,stock,200,5.0,4.25,4.5
Fomapan 200,Fomadon Excel,stock,100,6.0,5.1,5.4
Fomapan 200,Fomadon P,1+1,200,8.5,7.22,7.65
Fomapan 200,Fomadon R09,1+25,200,5.0,4.25,4.5
Fomapan 200,Fomadon R09,1+50,200,10.0,8.5,9.0
Fomapan 200,Fomadon R09,1+60,125,10.5,8.92,9.45
Fomapan 200,FX-39,1+9,200,10.0,8.5,9.0
Fomapan 200,FX-55,1+9,200,10.0,8.5,9.0
Fomapan 200,HC-110,1+87,50,8.0,6.8,7.2
Fomapan 200,HC-110,B,200,3.5,2.98,3.15
Fomapan 200,HC-110,B,3200,20.0,17.0,18.0
Fomapan 200,HC-110,B,400,7.0,5.95,6.3
Fomapan 200,HC-110,E,200,5.5,4.67,4.95
Fomapan 200,HC-110,E,800,11.0,9.35,9.9
Fomapan 200,HC-110,H,200,9.0,7.65,8.1
Fomapan 200,HC-110,H,400,18.0,15.3,16.2
Fomapan 200,HC-110,H,640,26.0,22.1,23.4
Fomapan 200,ID-11,1+3,400,18.0,15.3,16.2
Fomapan 200,ID-11,stock,400,8.0,6.8,7.2
Fomapan 200,Ilfosol 3,1+14,200,6.0,5.1,5.4
Fomapan 200,Ilfotec DD-X,1+4,1600,18.5,15.72,16.65
Fomapan 200,Ilfotec DD-X,1+4,200,6.0,5.1,5.4
Fomapan 200,Ilfotec DD-X,1+4,3200,24.5,20.82,22.05
Fomapan 200,Ilfotec DD-X,1+4,400,9.0,7.65,8.1
Fomapan 200,Ilfotec DD-X,1+4,400,11.5,9.78,10.35
Fomapan 200,Ilfotec DD-X,1+4,400,10.5,8.92,9.45
Fomapan 200,Ilfotec DD-X,1+4,800,12.5,10.62,11.25
Fomapan 200,Ilfotec DD-X,1+9,200,9.0,7.65,8.1
Fomapan 200,Ilfotec HC,1+31,200,5.75,4.89,5.17
Fomapan 200,Ilfotec HC,1+31,200,9.0,7.65,8.1
Fomapan 200,Ilfotec HC,1+31,800,12.0,10.2,10.8
Fomapan 200,Ilfotec LC29,1+19,200,6.5,5.52,5.85
Fomapan 200,Ilfotec LC29,1+29,400,15.0,12.75,13.5
Fomapan 200,Marathon,1+9,100,5.0,4.25,4.5
Fomapan 200,Microdol-X,1+1,200,8.5,7.22,7.65
Fomapan 200,Microdol-X,stock,200,9.0,7.65,8.1
Fomapan 200,Microphen,stock,400,7.25,6.16,6.53
Fomapan 200,Neofin Blue,1+5,200,8.0,6.8,7.2
Fomapan 200,Neofin Blue,1+9,200,12.0,10.2,10.8
Fomapan 200,Paranol S,1+25,200,5.0,4.25,4.5
Fomapan 200,Paranol S,1+50,200,11.0,9.35,9.9
Fomapan 200,PC-TEA,1+50,200,9.0,7.65,8.1
Fomapan 200,Perceptol,1+1,200,7.5,6.38,6.75
Fomapan 200,Perceptol,stock,200,6.0,5.1,5.4
Fomapan 200,PMK,1+2+100,64,11.0,9.35,9.9
Fomapan 200,PMK,1+2+50,250,12.0,10.2,10.8
Fomapan 200,Pyrocat-HD,1+1+100,100,7.0,5.95,6.3
Fomapan 200,Rodinal,1+100,200,18.0,15.3,16.2
Fomapan 200,Rodinal,1+25,200,5.0,4.25,4.5
Fomapan 200,Rodinal,1+25,25,3.5,2.98,3.15
Fomapan 200,Rodinal,1+25,800,9.5,8.07,8.55
Fomapan 200,Rodinal,1+50,160,8.0,6.8,7.2
Fomapan 200,Rodinal,1+50,400,14.0,11.9,12.6
Fomapan 200,Rodinal,1+50,50,5.75,4.89,5.17
Fomapan 200,Rodinal,1+50,800,23.0,19.55,20.7
Fomapan 200,Romek PQ7,1+3,200,11.5,9.78,10.35
Fomapan 200,Silberra Ascorol,1+29,200,7.0,5.95,6.3
Fomapan 200,SP-76EC,1+11,100,7.0,5.95,6.3
Fomapan 200,SP-76EC,1+14,100,7.0,5.95,6.3
Fomapan 200,SP-76EC,1+19,100,7.0,5.95,6.3
Fomapan 200,SP-76EC,1+9,100,7.0,5.95,6.3
Fomapan 200,SP-Ultra 4LF,1+9,250,8.0,6.8,7.2
Fomapan 200,SPD,1+1,100,5.5,4.67,4.95
Fomapan 200,Sprint Standard,1+9,200,6.5,5.52,5.85
Fomapan 200,Spur HRX,1+17,125,9.0,7.65,8.1
Fomapan 200,Spur SLD,1+20,125,10.5,8.92,9.45
Fomapan 200,Spur SLD,1+9,200,3.5,2.98,3.15
Fomapan 200,Spur TRX 2000,1+35,125,12.0,10.2,10.8
Fomapan 200,Spur UFP,1+20,125,8.0,6.8,7.2
Fomapan 200,Studional,1+15,200,6.0,5.1,5.4
Fomapan 200,Studional,1+31,200,12.0,10.2,10.8
Fomapan 200,TFX-2,stock,400,18.0,15.3,16.2
Fomapan 200,TMax Dev,1+4,400,7.5,6.38,6.75
Fomapan 200,TMax RS,stock,200,4.5,3.82,4.05
Fomapan 200,Ultrafin,1+20,200,7.5,6.38,6.75
Fomapan 200,Ultrafin T-Plus,1+4,200,6.25,5.31,5.62
Fomapan 200,XT-3,1+1,200,8.5,7.22,7.65
Fomapan 200,XT-3,1+1,800,9.5,8.07,8.55
Fomapan 200,XT-3,stock,200,6.0,5.1,5.4
Fomapan 200,Xtol,1+1,200,8.5,7.22,7.65
Fomapan 200,Xtol,1+1,800,9.5,8.07,8.55
Fomapan 200,Xtol,stock,200,5.0,4.25,4.5
Fomapan 200,Xtol,stock,200,6.0,5.1,5.4
Fomapan 400,510-Pyro,1+100,200,17.0,14.45,15.3
Fomapan 400,510-Pyro,1+100,400,8.25,7.01,7.42
Fomapan 400,510-Pyro,1+100,400,23.0,19.55,20.7
Fomapan 400,510-Pyro,1+150,400,15.0,12.75,13.5
Fomapan 400,Acufine,stock,400,6.0,5.1,5.4
Fomapan 400,Adox HR-DEV,1+29,400,18.0,15.3,16.2
Fomapan 400,Adox HR-DEV,1+30,200,15.0,12.75,13.5
Fomapan 400,ADX II,1+24,320,13.0,11.05,11.7
Fomapan 400,Amaloco AM74,1+9,200,6.0,5.1,5.4
Fomapan 400,Arista® Premium,1+9,400,8.0,6.8,7.2
Fomapan 400,Ars-Imago FD,1+39,400,9.0,7.65,8.1
Fomapan 400,Ars-Imago FE,1+1,400,7.0,5.95,6.3
Fomapan 400,Atomal 49,1+1,400,13.0,11.05,11.7
Fomapan 400,Atomal 49,1+2,400,17.0,14.45,15.3
Fomapan 400,AVR-3,1+50,400,12.0,10.2,10.8
Fomapan 400,Bellini B&W Ecofilm,1+50,400,15.5,13.17,13.95
Fomapan 400,Bellini Hydrofen,1+30,800,18.0,15.3,16.2
Fomapan 400,Bellini Hydrofen,1+31,400,12.0,10.2,10.8
Fomapan 400,Bellini Hydrofen,1+39,400,6.5,5.52,5.85
Fomapan 400,Berspeed,1+1,400,12.0,10.2,10.8
Fomapan 400,Black/White & Green,1+49,100,13.5,11.47,12.15
Fomapan 400,Caffenol C,stock,320,40.0,34.0,36.0
Fomapan 400,Caffenol C-L,stock,1600,64.0,54.4,57.6
Fomapan 400,Caffenol C-L,stock,400,35.0,29.75,31.5
Fomapan 400,Caffenol C-M (+i),stock,400,15.0,12.75,13.5
Fomapan 400,Caffenol Delta STD,stock,400,13.0,11.05,11.7
Fomapan 400,Caffenol Green Tea,stock,400,16.0,13.6,14.4
Fomapan 400,Cawanol,stock,400,17.0,14.45,15.3
Fomapan 400,D-19,stock,400,8.0,6.8,7.2
Fomapan 400,D-23,1+2,400,20.0,17.0,18.0
Fomapan 400,D-23,stock,250,7.5,6.38,6.75
Fomapan 400,D-76,1+1,1600,25.0,21.25,22.5
Fomapan 400,D-76,1+1,800,17.0,14.45,15.3
Fomapan 400,D-76,1+2,400,15.25,12.96,13.72
Fomapan 400,D-76,stock,1600,20.0,17.0,18.0
Fomapan 400,D-76,stock,400,7.0,5.95,6.3
Fomapan 400,D-76,stock,800,11.0,9.35,9.9
Fomapan 400,Diafine,1+1,400,8.0,6.8,7.2
Fomapan 400,DK-50,1+3,100,5.0,4.25,4.5
Fomapan 400,DK-50,1+3,200,14.0,11.9,12.6
Fomapan 400,DS-10,1+1,400,13.0,11.05,11.7
Fomapan 400,Eco Pro,1+1,320,8.0,6.8,7.2
Fomapan 400,Eco Pro,1+1,400,9.5,8.07,8.55
Fomapan 400,Eco Pro,1+1,400,12.0,10.2,10.8
Fomapan 400,Eco Pro,1+3,160,5.25,4.46,4.73
Fomapan 400,Eco Pro,stock,400,7.0,5.95,6.3
Fomapan 400,Eco Pro,stock,640,10.5,8.92,9.45
Fomapan 400,F76+,1+9,400,8.0,6.8,7.2
Fomapan 400,FA-1027,1+14,400,9.0,7.65,8.1
Fomapan 400,FD10,1+9,400,10.0,8.5,9.0
Fomapan 400,Foma Retro Special,stock,400,6.0,5.1,5.4
Fomapan 400,Foma Universal,1+3,1600,18.0,15.3,16.2
Fomapan 400,Foma Universal,1+3,400,7.5,6.38,6.75
Fomapan 400,Foma W-17 Hydrofen,stock,1600,10.0,8.5,9.0
Fomapan 400,Fomadon Excel,1+1,400,9.5,8.07,8.55
Fomapan 400,Fomadon Excel,1+1,400,12.0,10.2,10.8
Fomapan 400,Fomadon Excel,stock,400,7.0,5.95,6.3
Fomapan 400,Fomadon Excel,stock,800,13.25,11.26,11.93
Fomapan 400,Fomadon Excel,stock,800,11.0,9.35,9.9
Fomapan 400,Fomadon P,1+3,400,22.0,18.7,19.8
Fomapan 400,Fomadon R09,1+100,3200,70.0,59.5,63.0
Fomapan 400,Fomadon R09,1+25,400,6.0,5.1,5.4
Fomapan 400,Fomadon R09,1+50,400,12.0,10.2,10.8
Fomapan 400,FotoApteka A-RSC,1+34,400,8.0,6.8,7.2
Fomapan 400,FX-15,1+1,200,13.0,11.05,11.7
Fomapan 400,FX-2,stock,200,15.0,12.75,13.5
Fomapan 400,FX-39,1+9,200,9.0,7.65,8.1
Fomapan 400,FX-39,1+9,400,14.0,11.9,12.6
Fomapan 400,FX-4,1+3,400,18.0,15.3,16.2
Fomapan 400,HC-110,1+100,3200,60.0,51.0,54.0
Fomapan 400,HC-110,3+500,400,100.0,85.0,90.0
Fomapan 400,HC-110,B,1600,13.0,11.05,11.7
Fomapan 400,HC-110,B,320,6.0,5.1,5.4
Fomapan 400,HC-110,B,400,7.0,5.95,6.3
Fomapan 400,HC-110,B,800,10.0,8.5,9.0
Fomapan 400,HC-110,E,240,7.5,6.38,6.75
Fomapan 400,HC-110,G,200,18.0,15.3,16.2
Fomapan 400,HC-110,H,400,13.0,11.05,11.7
Fomapan 400,HC-110,H,800,18.5,15.72,16.65
Fomapan 400,Hubl Glycin Paste,1+50,400,90.0,76.5,81.0
Fomapan 400,ID-11,1+1,800,17.0,14.45,15.3
Fomapan 400,ID-11,1+1,800,15.0,12.75,13.5
Fomapan 400,ID-11,stock,800,11.0,9.35,9.9
Fomapan 400,Ilford Multigrade,1+9,125,9.0,7.65,8.1
Fomapan 400,Ilfosol 3,1+10,800,12.5,10.62,11.25
Fomapan 400,Ilfosol 3,1+14,800,12.0,10.2,10.8
Fomapan 400,Ilfosol 3,1+9,400,10.0,8.5,9.0
Fomapan 400,Ilfosol 3,1+9,400,8.5,7.22,7.65
Fomapan 400,Ilfosol 3,1+9,800,12.0,10.2,10.8
Fomapan 400,Ilfotec DD-X,1+4,320,9.0,7.65,8.1
Fomapan 400,Ilfotec DD-X,1+4,400,9.0,7.65,8.1
Fomapan 400,Ilfotec DD-X,1+4,800,10.75,9.14,9.68
Fomapan 400,Ilfotec DD-X,1+9,200,12.5,10.62,11.25
Fomapan 400,Ilfotec DD-X,1+9,400,12.0,10.2,10.8
Fomapan 400,Ilfotec HC,1+31,250,7.0,5.95,6.3
Fomapan 400,Ilfotec LC29,1+19,1600,14.0,11.9,12.6
Fomapan 400,Ilfotec LC29,1+19,400,6.5,5.52,5.85
Fomapan 400,Ilfotec LC29,1+19,800,9.5,8.07,8.55
Fomapan 400,Ilfotec LC29,1+29,200,7.0,5.95,6.3
Fomapan 400,Ilfotec LC29,1+29,400,9.0,7.65,8.1
Fomapan 400,Marathon,1+9,100,6.5,5.52,5.85
Fomapan 400,Microdol-X,1+3,400,32.0,27.2,28.8
Fomapan 400,Microdol-X,stock,400,15.0,12.75,13.5
Fomapan 400,Microphen,stock,1600,17.0,14.45,15.3
Fomapan 400,Microphen,stock,800,15.0,12.75,13.5
Fomapan 400,Ornano Gradual ST20,1+9,400,12.0,10.2,10.8
Fomapan 400,Paranol S,1+25,400,7.0,5.95,6.3
Fomapan 400,Paranol S,1+50,400,15.0,12.75,13.5
Fomapan 400,PC-TEA,1+25,400,7.5,6.38,6.75
Fomapan 400,PC-TEA,1+50,400,12.0,10.2,10.8
Fomapan 400,Perceptol,1+2,800,27.0,22.95,24.3
Fomapan 400,Perceptol,1+3,320,21.0,17.85,18.9
Fomapan 400,PMK,1+2+100,400,13.0,11.05,11.7
Fomapan 400,PQ Universal,1+29,400,5.5,4.67,4.95
Fomapan 400,Promicrol,1+14,400,12.0,10.2,10.8
Fomapan 400,Promicrol,1+14,800,15.0,12.75,13.5
Fomapan 400,Rodinal,1+100,3200,60.0,51.0,54.0
Fomapan 400,Rodinal,1+100,400,30.0,25.5,27.0
Fomapan 400,Rodinal,1+100,400,120.0,102.0,108.0
Fomapan 400,Rodinal,1+25,1600,20.0,17.0,18.0
Fomapan 400,Rodinal,1+25,3200,25.0,21.25,22.5
Fomapan 400,Rodinal,1+25,400,5.5,4.67,4.95
Fomapan 400,Rodinal,1+25,6400,90.0,76.5,81.0
Fomapan 400,Rodinal,1+25,6400,80.0,68.0,72.0
Fomapan 400,Rodinal,1+25,800,10.0,8.5,9.0
Fomapan 400,Rodinal,1+39,200,8.0,6.8,7.2
Fomapan 400,Rodinal,1+50,100,7.0,5.95,6.3
Fomapan 400,Rodinal,1+50,100,8.5,7.22,7.65
Fomapan 400,Rodinal,1+50,1600,24.0,20.4,21.6
Fomapan 400,Rodinal,1+50,200,11.0,9.35,9.9
Fomapan 400,Rodinal,1+50,3200,52.0,44.2,46.8
Fomapan 400,Rodinal,1+50,3200,30.0,25.5,27.0
Fomapan 400,Rodinal,1+50,400,15.0,12.75,13.5
Fomapan 400,Rodinal,1+50,400,11.0,9.35,9.9
Fomapan 400,Rodinal,1+50,800,19.0,16.15,17.1
Fomapan 400,Rollei Supergrain,1+15,400,8.5,7.22,7.65
Fomapan 400,Rollei Supergrain,1+9,800,9.0,7.65,8.1
Fomapan 400,Romek PQ7,1+3,1600,25.0,21.25,22.5
Fomapan 400,Romek PQ7,1+3,400,12.5,10.62,11.25
Fomapan 400,Silberra Aphenol,stock,800,8.5,7.22,7.65
Fomapan 400,Silberra Ascorol,1+29,400,8.0,6.8,7.2
Fomapan 400,SP-76EC,1+14,250,9.0,7.65,8.1
Fomapan 400,SP-76EC,1+7,250,9.0,7.65,8.1
Fomapan 400,SP-76EC,1+9,250,9.0,7.65,8.1
Fomapan 400,SP-Ultra 4LF,1+9,400,8.0,6.8,7.2
Fomapan 400,Sprint Standard,1+9,400,12.0,10.2,10.8
Fomapan 400,Spur HRX,1+11,200,13.0,11.05,11.7
Fomapan 400,Spur NHC,1+12,320,15.0,12.75,13.5
Fomapan 400,Spur NHC,1+9,400,15.0,12.75,13.5
Fomapan 400,Spur SLD,1+17,200,11.0,9.35,9.9
Fomapan 400,Spur TRX 2000,1+30,200,15.0,12.75,13.5
Fomapan 400,Spur UFP,1+20,200,9.5,8.07,8.55
Fomapan 400,Studional,1+30,400,12.0,10.2,10.8
Fomapan 400,Studional,1+30,800,18.0,15.3,16.2
Fomapan 400,TMax Dev,1+4,1600,18.5,15.72,16.65
Fomapan 400,TMax Dev,1+4,400,10.0,8.5,9.0
Fomapan 400,TMax Dev,1+9,1600,16.5,14.03,14.85
Fomapan 400,TMax Dev,1+9,400,15.0,12.75,13.5
Fomapan 400,TMax RS,stock,400,8.0,6.8,7.2
Fomapan 400,Ultrafin,1+20,400,15.0,12.75,13.5
Fomapan 400,Ultrafin,1+4,400,7.5,6.38,6.75
Fomapan 400,Ultrafin T-Plus,1+4,400,7.5,6.38,6.75
Fomapan 400,Wehner Developer,1+1+18,200,13.25,11.26,11.93
Fomapan 400,Wehner Developer,1+1+18,400,17.25,14.66,15.53
Fomapan 400,XT-3,1+1,320,8.0,6.8,7.2
Fomapan 400,XT-3,1+1,400,9.5,8.07,8.55
Fomapan 400,XT-3,1+1,400,12.0,10.2,10.8
Fomapan 400,XT-3,1+3,160,5.25,4.46,4.73
Fomapan 400,XT-3,stock,1600,25.0,21.25,22.5
Fomapan 400,XT-3,stock,200,7.75,6.59,6.98
Fomapan 400,XT-3,stock,400,7.0,5.95,6.3
Fomapan 400,XT-3,stock,640,10.5,8.92,9.45
Fomapan 400,Xtol,1+1,1600,22.5,19.12,20.25
Fomapan 400,Xtol,1+1,320,8.0,6.8,7.2
Fomapan 400,Xtol,1+1,400,9.5,8.07,8.55
Fomapan 400,Xtol,1+1,800,14.5,12.32,13.05
Fomapan 400,Xtol,1+3,160,5.25,4.46,4.73
Fomapan 400,Xtol,1+3,400,12.5,10.62,11.25
Fomapan 400,Xtol,stock,1600,25.0,21.25,22.5
Fomapan 400,Xtol,stock,1600,15.75,13.39,14.18
Fomapan 400,Xtol,stock,200,5.0,4.25,4.5
Fomapan 400,Xtol,stock,400,7.0,5.95,6.3
Fomapan 400,Xtol,stock,640,10.5,8.92,9.45
Fotopan FL,D-76,1+1,400,15.5,13.17,13.95
FPP Blue Sensitive,D-96,stock,6,7.5,6.38,6.75
FPP BW Infrared,HC-110,1+31,200,7.0,5.95,6.3
FPP Derev Pan 100,D-76,1+1,100,14.0,11.9,12.6
FPP Derev Pan 100,D-76,stock,100,9.5,8.07,8.55
FPP Derev Pan 100,HC-110,B,100,6.5,5.52,5.85
FPP Derev Pan 100,ID-11,1+1,100,14.0,11.9,12.6
FPP Derev Pan 100,ID-11,stock,100,9.5,8.07,8.55
FPP Derev Pan 100,XT-3,stock,100,9.0,7.65,8.1
FPP Derev Pan 100,Xtol,stock,100,9.0,7.65,8.1
FPP Derev Pan 200,D-76,1+1,200,7.5,6.38,6.75
FPP Derev Pan 200,D-76,stock,200,5.5,4.67,4.95
FPP Derev Pan 200,HC-110,B,200,10.5,8.92,9.45
FPP Derev Pan 200,ID-11,1+1,200,7.5,6.38,6.75
FPP Derev Pan 200,ID-11,stock,200,5.5,4.67,4.95
FPP Derev Pan 200,Rodinal,1+25,200,15.0,12.75,13.5
FPP Derev Pan 200,XT-3,stock,200,8.0,6.8,7.2
FPP Derev Pan 200,Xtol,stock,200,8.0,6.8,7.2
FPP Derev Pan 400,D-76,1+1,400,10.5,8.92,9.45
FPP Derev Pan 400,D-76,stock,400,8.0,6.8,7.2
FPP Derev Pan 400,HC-110,B,400,10.5,8.92,9.45
FPP Derev Pan 400,ID-11,1+1,400,10.5,8.92,9.45
FPP Derev Pan 400,ID-11,stock,400,8.0,6.8,7.2
FPP Derev Pan 400,Rodinal,1+25,400,12.0,10.2,10.8
FPP Derev Pan 400,XT-3,stock,400,6.5,5.52,5.85
FPP Derev Pan 400,Xtol,stock,400,6.5,5.52,5.85
FPP Dracula,D-76,1+3,50,15.0,12.75,13.5
FPP Dracula,D-76,stock,64,9.0,7.65,8.1
FPP Dracula,Eco Pro,1+1,64,11.0,9.35,9.9
FPP Dracula,Fomadon LQN,1+10,64,7.5,6.38,6.75
FPP Dracula,Fomadon R09,1+100,64,60.0,51.0,54.0
FPP Dracula,HC-110,B,400,18.0,15.3,16.2
FPP Dracula,HC-110,B,64,8.0,6.8,7.2
FPP Dracula,HC-110,F,64,18.0,15.3,16.2
FPP Dracula,ID-11,1+3,50,15.0,12.75,13.5
FPP Dracula,ID-11,stock,64,9.0,7.65,8.1
FPP Dracula,Kalogen,1+60,32,5.5,4.67,4.95
FPP Dracula,Pyrocat-HD,1+1+100,32,10.0,8.5,9.0
FPP Dracula,Rodinal,1+25,64,6.25,5.31,5.62
FPP Dracula,Rodinal,1+50,125,11.0,9.35,9.9
FPP Dracula,Rodinal,1+50,64,11.0,9.35,9.9
FPP Dracula,Rodinal,1+50,64,10.5,8.92,9.45
FPP Dracula,XT-3,1+1,64,11.0,9.35,9.9
FPP Dracula,Xtol,1+1,64,11.0,9.35,9.9
FPP Film Love,D-76,stock,200,6.0,5.1,5.4
FPP Film Love,D-96,stock,200,8.0,6.8,7.2
FPP Film Love,HC-110,B,200,6.0,5.1,5.4
FPP Film Love,ID-11,stock,200,6.0,5.1,5.4
FPP Fine Grain Six,D-76,stock,6,6.0,5.1,5.4
FPP Fine Grain Six,D-96,stock,6,6.5,5.52,5.85
FPP Fine Grain Six,HC-110,B,6,7.0,5.95,6.3
FPP Fine Grain Six,ID-11,stock,6,6.0,5.1,5.4
FPP Frankenstein,D-96,1+1,200,7.0,5.95,6.3
FPP Frankenstein,HC-110,B,200,4.0,3.4,3.6
FPP Frankenstein,HC-110,H,200,9.0,7.65,8.1
FPP Frankenstein,Ilfosol 3,1+9,200,6.25,5.31,5.62
FPP Frankenstein,Ilfotec HC,1+31,200,4.0,3.4,3.6
FPP Frankenstein,Rodinal,1+25,200,8.5,7.22,7.65
FPP Frankenstein,Rodinal,1+50,200,9.0,7.65,8.1
FPP Frankenstein,Xtol,stock,200,6.0,5.1,5.4
FPP Sonic 25,D-96,stock,25,8.0,6.8,7.2
FPP Sonic 25,HC-110,H,25,11.0,9.35,9.9
FPP Sonic 25,PMK,1+2+100,25,10.0,8.5,9.0
FPP Sonic 25,TD-3,stock,25,20.0,17.0,18.0
FPP Super Positive,D-76,stock,0.8,6.0,5.1,5.4
FPP Super Positive,D-96,stock,0.8,7.0,5.95,6.3
FPP Super Positive,ID-11,stock,0.8,6.0,5.1,5.4
FPP Super Positive,Rodinal,1+100,0.8,60.0,51.0,54.0
FPP Super Positive,Xtol,1+1,0.8,14.0,11.9,12.6
FPP Super Positive,Xtol,stock,0.8,8.0,6.8,7.2
FPP The Mummy,D-76,1+1,400,12.0,10.2,10.8
FPP The Mummy,D-76,stock,400,7.5,6.38,6.75
FPP The Mummy,D-96,stock,400,10.0,8.5,9.0
FPP The Mummy,Eco Pro,1+1,400,9.5,8.07,8.55
FPP The Mummy,Eco Pro,stock,400,7.0,5.95,6.3
FPP The Mummy,HC-110,B,1600,12.0,10.2,10.8
FPP The Mummy,HC-110,B,400,7.0,5.95,6.3
FPP The Mummy,ID-11,1+1,400,12.0,10.2,10.8
FPP The Mummy,ID-11,stock,400,7.5,6.38,6.75
FPP The Mummy,Ilfosol 3,stock,400,8.5,7.22,7.65
FPP The Mummy,Ilfotec DD-X,1+4,400,9.0,7.65,8.1
FPP The Mummy,Ilfotec HC,1+31,400,8.5,7.22,7.65
FPP The Mummy,Rodinal,1+50,400,7.0,5.95,6.3
FPP The Mummy,Sprint Standard,1+9,400,12.0,10.2,10.8
FPP The Mummy,TMax Dev,stock,400,7.5,6.38,6.75
FPP The Mummy,Xtol,1+1,400,9.5,8.07,8.55
FPP The Mummy,Xtol,stock,400,7.0,5.95,6.3
FPP Wolfman,D-76,1+1,100,10.0,8.5,9.0
FPP Wolfman,D-96,stock,100,7.0,5.95,6.3
FPP Wolfman,HC-110,B,100,6.0,5.1,5.4
FPP Wolfman,HC-110,H,100,12.0,10.2,10.8
FPP Wolfman,ID-11,1+1,100,10.0,8.5,9.0
FPP Wolfman,Rodinal,1+25,100,7.0,5.95,6.3
FPP X-Ray,510-Pyro,1+100,100,17.0,14.45,15.3
FPP X-Ray,D-96,1+1,10,5.0,4.25,4.5
FPP X-Ray,D-96,stock,10,3.5,2.98,3.15
FPP X-Ray,HC-110,B,100,6.0,5.1,5.4
FPP X-Ray,HC-110,H,10,5.0,4.25,4.5
FPP X-Ray,Rodinal,1+50,400,11.0,9.35,9.9
FPP X-Ray,Rodinal,1+50,6,15.0,12.75,13.5
FPP Yeti,D-76,1+1,6,11.0,9.35,9.9
FPP Yeti,D-96,stock,6,7.5,6.38,6.75
FPP Yeti,ID-11,1+1,6,11.0,9.35,9.9
FPP Yeti,Rodinal,1+50,6,10.0,8.5,9.0
FT-12,Rodinal,1+100,50,45.0,38.25,40.5
Fuji Eterna-RDS 4791,D-76,1+1,6,11.0,9.35,9.9
Fuji Eterna-RDS 4791,HC-110,B,6,12.0,10.2,10.8
Fuji Eterna-RDS 4791,ID-11,1+1,6,11.0,9.35,9.9
Fuji Eterna-RDS 4791,Nucleol BF200,20+15+965,25,9.0,7.65,8.1
Fuji Eterna-RDS 4791,Ultrafin,1+20,15,15.75,13.39,14.18
Fuji Neopan 100 Acros II,510-Pyro,1+100,100,7.75,6.59,6.98
Fuji Neopan 100 Acros II,510-Pyro,1+100,100,15.5,13.17,13.95
Fuji Neopan 100 Acros II,Acufine,stock,100,3.0,2.55,2.7
Fuji Neopan 100 Acros II,Acurol-N,1+70,50,13.5,11.47,12.15
Fuji Neopan 100 Acros II,Adox HR-DEV,1+35,100,11.0,9.35,9.9
Fuji Neopan 100 Acros II,ADX II,1+24,100,8.5,7.22,7.65
Fuji Neopan 100 Acros II,Amaloco AM74,1+7,100,4.0,3.4,3.6
Fuji Neopan 100 Acros II,Amaloco AM74,1+7,200,6.5,5.52,5.85
Fuji Neopan 100 Acros II,Arista® Liquid,1+9,100,7.0,5.95,6.3
Fuji Neopan 100 Acros II,Ars-Imago FD,1+39,100,4.0,3.4,3.6
Fuji Neopan 100 Acros II,Ars-Imago FD,1+39,200,5.0,4.25,4.5
Fuji Neopan 100 Acros II,Ars-Imago FD,1+59,100,6.5,5.52,5.85
Fuji Neopan 100 Acros II,Ars-Imago FE,1+1,100,8.0,6.8,7.2
Fuji Neopan 100 Acros II,Ars-Imago FE,1+1,200,10.0,8.5,9.0
Fuji Neopan 100 Acros II,Ars-Imago FE,1+1,50,6.5,5.52,5.85
Fuji Neopan 100 Acros II,Atomal 49,stock,100,7.25,6.16,6.53
Fuji Neopan 100 Acros II,Bellini Hydrofen,1+39,100,6.0,5.1,5.4
Fuji Neopan 100 Acros II,Bellini Hydrofen,1+39,200,7.5,6.38,6.75
Fuji Neopan 100 Acros II,Berspeed,1+1,100,11.0,9.35,9.9
Fuji Neopan 100 Acros II,Black/White & Green,1+49,100,12.25,10.41,11.03
Fuji Neopan 100 Acros II,Caffenol C-M,stock,200,15.0,12.75,13.5
Fuji Neopan 100 Acros II,Caffenol C-M,stock,400,15.0,12.75,13.5
Fuji Neopan 100 Acros II,Caffenol Concoction,stock,100,15.0,12.75,13.5
Fuji Neopan 100 Acros II,Cawanol,stock,100,16.5,14.03,14.85
Fuji Neopan 100 Acros II,D-19,1+1,200,8.0,6.8,7.2
Fuji Neopan 100 Acros II,D-19,1+2,200,9.0,7.65,8.1
Fuji Neopan 100 Acros II,D-23,stock,100,9.0,7.65,8.1
Fuji Neopan 100 Acros II,D-72,stock,100,3.0,2.55,2.7
Fuji Neopan 100 Acros II,D-76,1+1,100,10.5,8.92,9.45
Fuji Neopan 100 Acros II,D-76,1+1,200,14.5,12.32,13.05
Fuji Neopan 100 Acros II,D-76,1+1,400,17.0,14.45,15.3
Fuji Neopan 100 Acros II,D-76,1+1,800,21.0,17.85,18.9
Fuji Neopan 100 Acros II,D-76,1+3,100,14.5,12.32,13.05
Fuji Neopan 100 Acros II,D-76,1+3,100,17.0,14.45,15.3
Fuji Neopan 100 Acros II,D-76,stock,100,7.25,6.16,6.53
Fuji Neopan 100 Acros II,D-76,stock,200,10.0,8.5,9.0
Fuji Neopan 100 Acros II,D-76,stock,64,6.25,5.31,5.62
Fuji Neopan 100 Acros II,DK-50,1+1,100,6.0,5.1,5.4
Fuji Neopan 100 Acros II,Eco Pro,1+1,100,9.5,8.07,8.55
Fuji Neopan 100 Acros II,Eco Pro,1+1,200,13.0,11.05,11.7
Fuji Neopan 100 Acros II,Eco Pro,1+1,400,22.0,18.7,19.8
Fuji Neopan 100 Acros II,Eco Pro,1+2,100,13.0,11.05,11.7
Fuji Neopan 100 Acros II,Eco Pro,1+3,100,14.0,11.9,12.6
Fuji Neopan 100 Acros II,Eco Pro,1+4,100,16.0,13.6,14.4
Fuji Neopan 100 Acros II,Eco Pro,stock,100,8.0,6.8,7.2
Fuji Neopan 100 Acros II,F76+,1+19,100,7.5,6.38,6.75
Fuji Neopan 100 Acros II,F76+,1+9,100,5.5,4.67,4.95
Fuji Neopan 100 Acros II,FA-1027,1+14,100,10.5,8.92,9.45
Fuji Neopan 100 Acros II,FD10,1+14,100,10.0,8.5,9.0
Fuji Neopan 100 Acros II,FD10,1+14,100,16.0,13.6,14.4
Fuji Neopan 100 Acros II,FD10,1+4,1600,23.0,19.55,20.7
Fuji Neopan 100 Acros II,FD10,1+9,100,7.0,5.95,6.3
Fuji Neopan 100 Acros II,FD10,1+9,100,9.0,7.65,8.1
Fuji Neopan 100 Acros II,Fomadon Excel,1+2,100,8.5,7.22,7.65
Fuji Neopan 100 Acros II,Fomadon Excel,1+3,100,9.5,8.07,8.55
Fuji Neopan 100 Acros II,Fomadon LQN,1+10,100,8.0,6.8,7.2
Fuji Neopan 100 Acros II,Fuji Microfine,stock,100,10.0,8.5,9.0
Fuji Neopan 100 Acros II,Fuji Microfine,stock,100,13.0,11.05,11.7
Fuji Neopan 100 Acros II,FX-19,stock,100,8.0,6.8,7.2
Fuji Neopan 100 Acros II,FX-37,1+3,100,6.5,5.52,5.85
Fuji Neopan 100 Acros II,FX-39,1+14,100,8.25,7.01,7.42
Fuji Neopan 100 Acros II,FX-39,1+19,100,11.0,9.35,9.9
Fuji Neopan 100 Acros II,FX-39,1+9,100,7.0,5.95,6.3
Fuji Neopan 100 Acros II,FX-39,1+9,200,6.5,5.52,5.85
Fuji Neopan 100 Acros II,FX-55,1+9,100,11.0,9.35,9.9
Fuji Neopan 100 Acros II,HC-110,B,100,5.5,4.67,4.95
Fuji Neopan 100 Acros II,HC-110,B,125,5.5,4.67,4.95
Fuji Neopan 100 Acros II,HC-110,B,200,7.5,6.38,6.75
Fuji Neopan 100 Acros II,HC-110,B,400,10.0,8.5,9.0
Fuji Neopan 100 Acros II,HC-110,B,80,4.5,3.82,4.05
Fuji Neopan 100 Acros II,HC-110,B,800,14.0,11.9,12.6
Fuji Neopan 100 Acros II,HC-110,C,100,5.0,4.25,4.5
Fuji Neopan 100 Acros II,HC-110,E,100,7.0,5.95,6.3
Fuji Neopan 100 Acros II,HC-110,H,100,10.0,8.5,9.0
Fuji Neopan 100 Acros II,ID-11,1+1,100,10.0,8.5,9.0
Fuji Neopan 100 Acros II,ID-11,1+1,200,14.5,12.32,13.05
Fuji Neopan 100 Acros II,ID-11,1+1,400,17.0,14.45,15.3
Fuji Neopan 100 Acros II,ID-11,1+1,800,21.0,17.85,18.9
Fuji Neopan 100 Acros II,ID-11,1+3,100,14.5,12.32,13.05
Fuji Neopan 100 Acros II,ID-11,stock,100,6.75,5.74,6.08
Fuji Neopan 100 Acros II,ID-11,stock,64,6.25,5.31,5.62
Fuji Neopan 100 Acros II,Ilfosol 3,1+14,100,9.5,8.07,8.55
Fuji Neopan 100 Acros II,Ilfosol 3,1+14,400,21.0,17.85,18.9
Fuji Neopan 100 Acros II,Ilfosol 3,1+14,80,7.0,5.95,6.3
Fuji Neopan 100 Acros II,Ilfosol 3,1+9,100,5.0,4.25,4.5
Fuji Neopan 100 Acros II,Ilfosol 3,1+9,80,5.0,4.25,4.5
Fuji Neopan 100 Acros II,Ilfotec DD,stock,100,13.0,11.05,11.7
Fuji Neopan 100 Acros II,Ilfotec DD-X,1+4,100,9.0,7.65,8.1
Fuji Neopan 100 Acros II,Ilfotec DD-X,1+4,200,14.0,11.9,12.6
Fuji Neopan 100 Acros II,Ilfotec DD-X,1+4,400,21.5,18.27,19.35
Fuji Neopan 100 Acros II,Ilfotec DD-X,1+9,100,16.0,13.6,14.4
Fuji Neopan 100 Acros II,Ilfotec HC,1+47,100,8.0,6.8,7.2
Fuji Neopan 100 Acros II,Ilfotec LC29,1+19,100,5.0,4.25,4.5
Fuji Neopan 100 Acros II,Ilfotec LC29,1+19,80,4.5,3.82,4.05
Fuji Neopan 100 Acros II,Ilfotec LC29,1+29,100,8.0,6.8,7.2
Fuji Neopan 100 Acros II,Ilfotec LC29,1+29,80,7.0,5.95,6.3
Fuji Neopan 100 Acros II,Microdol-X,stock,100,11.5,9.78,10.35
Fuji Neopan 100 Acros II,Microphen,1+1,100,9.0,7.65,8.1
Fuji Neopan 100 Acros II,Microphen,1+1,200,12.0,10.2,10.8
Fuji Neopan 100 Acros II,Microphen,1+3,100,14.5,12.32,13.05
Fuji Neopan 100 Acros II,Microphen,stock,100,8.0,6.8,7.2
Fuji Neopan 100 Acros II,Microphen,stock,400,13.0,11.05,11.7
Fuji Neopan 100 Acros II,Mikratol-2,1+50,100,14.0,11.9,12.6
Fuji Neopan 100 Acros II,Mocon,1+64,100,15.0,12.75,13.5
Fuji Neopan 100 Acros II,Neofin Blue,1+5,100,7.0,5.95,6.3
Fuji Neopan 100 Acros II,Neofin Blue,1+9,100,9.0,7.65,8.1
Fuji Neopan 100 Acros II,Neofin Blue,stock,100,6.0,5.1,5.4
Fuji Neopan 100 Acros II,Neopress HC,1+31,100,3.5,2.98,3.15
Fuji Neopan 100 Acros II,Neopress HC,1+31,400,4.5,3.82,4.05
Fuji Neopan 100 Acros II,Nucleol BF200,20+15+965,100,7.5,6.38,6.75
Fuji Neopan 100 Acros II,Nucleol BF200,20+15+965,50,6.0,5.1,5.4
Fuji Neopan 100 Acros II,Ornano Gradual ST20,1+9,100,7.5,6.38,6.75
Fuji Neopan 100 Acros II,Ornano Gradual ST20,1+9,50,6.5,5.52,5.85
Fuji Neopan 100 Acros II,Paranol S,1+25,100,6.0,5.1,5.4
Fuji Neopan 100 Acros II,Paranol S,1+50,100,14.0,11.9,12.6
Fuji Neopan 100 Acros II,PC-TEA,1+50,100,10.0,8.5,9.0
Fuji Neopan 100 Acros II,Perceptol,1+1,100,14.5,12.32,13.05
Fuji Neopan 100 Acros II,Perceptol,1+3,100,22.0,18.7,19.8
Fuji Neopan 100 Acros II,Perceptol,stock,100,12.5,10.62,11.25
Fuji Neopan 100 Acros II,Perceptol,stock,50,12.5,10.62,11.25
Fuji Neopan 100 Acros II,Pyrocat-HD,1+1+100,100,18.0,15.3,16.2
Fuji Neopan 100 Acros II,Pyrocat-HD,1+1+100,100,19.0,16.15,17.1
Fuji Neopan 100 Acros II,Pyrocat-HD,1+1+250,50,40.0,34.0,36.0
Fuji Neopan 100 Acros II,Rodinal,1+100,100,18.0,15.3,16.2
Fuji Neopan 100 Acros II,Rodinal,1+100,100,60.0,51.0,54.0
Fuji Neopan 100 Acros II,Rodinal,1+100,400,120.0,102.0,108.0
Fuji Neopan 100 Acros II,Rodinal,1+25,100,6.5,5.52,5.85
Fuji Neopan 100 Acros II,Rodinal,1+25,125,6.75,5.74,6.08
Fuji Neopan 100 Acros II,Rodinal,1+25,1600,15.0,12.75,13.5
Fuji Neopan 100 Acros II,Rodinal,1+25,400,7.75,6.59,6.98
Fuji Neopan 100 Acros II,Rodinal,1+25,400,13.0,11.05,11.7
Fuji Neopan 100 Acros II,Rodinal,1+25,800,8.5,7.22,7.65
Fuji Neopan 100 Acros II,Rodinal,1+300,100,180.0,153.0,162.0
Fuji Neopan 100 Acros II,Rodinal,1+400,100,240.0,204.0,216.0
Fuji Neopan 100 Acros II,Rodinal,1+50,100,13.5,11.47,12.15
Fuji Neopan 100 Acros II,Rodinal,1+50,50,11.0,9.35,9.9
Fuji Neopan 100 Acros II,Rodinal,1+50,64,10.0,8.5,9.0
Fuji Neopan 100 Acros II,Rodinal,1+50,80,11.5,9.78,10.35
Fuji Neopan 100 Acros II,Rollei D74,1+15,100,7.0,5.95,6.3
Fuji Neopan 100 Acros II,Rollei D74,1+9,100,5.0,4.25,4.5
Fuji Neopan 100 Acros II,Rollei RPX-D,1+19,100,8.0,6.8,7.2
Fuji Neopan 100 Acros II,Rollei RPX-D,1+19,80,7.5,6.38,6.75
Fuji Neopan 100 Acros II,Rollei Supergrain,1+15,100,7.5,6.38,6.75
Fuji Neopan 100 Acros II,Silberra Aphenol,stock,100,8.0,6.8,7.2
Fuji Neopan 100 Acros II,Silberra Ascorol,1+29,100,7.0,5.95,6.3
Fuji Neopan 100 Acros II,Silberra Microl,stock,100,13.0,11.05,11.7
Fuji Neopan 100 Acros II,SPD,1+1,100,6.5,5.52,5.85
Fuji Neopan 100 Acros II,SPD,1+1,80,6.5,5.52,5.85
Fuji Neopan 100 Acros II,SPD,stock,80,4.25,3.61,3.83
Fuji Neopan 100 Acros II,Sprint Standard,1+9,100,10.0,8.5,9.0
Fuji Neopan 100 Acros II,Spur HRX,1+20,64,11.0,9.35,9.9
Fuji Neopan 100 Acros II,Spur NHC,1+15,100,10.0,8.5,9.0
Fuji Neopan 100 Acros II,Spur NHC,1+15,125,14.0,11.9,12.6
Fuji Neopan 100 Acros II,Spur PXD,1+19,80,7.5,6.38,6.75
Fuji Neopan 100 Acros II,Spur SD 2525,1+15,80,7.0,5.95,6.3
Fuji Neopan 100 Acros II,Spur SLD,1+24,100,9.5,8.07,8.55
Fuji Neopan 100 Acros II,Spur Speed-Major,1+14,800,13.0,11.05,11.7
Fuji Neopan 100 Acros II,Spur Speed-Major,1+20,340,12.0,10.2,10.8
Fuji Neopan 100 Acros II,Spur Speed-Major,1+27,400,11.0,9.35,9.9
Fuji Neopan 100 Acros II,Spur Speed-Major,1+35,200,11.0,9.35,9.9
Fuji Neopan 100 Acros II,Spur Speed-Major,1+40,125,10.0,8.5,9.0
Fuji Neopan 100 Acros II,Spur Speed-Major,1+9,1250,15.0,12.75,13.5
Fuji Neopan 100 Acros II,Spur TRX 2000,1+35,100,11.0,9.35,9.9
Fuji Neopan 100 Acros II,Spur UFP,1+30,64,9.0,7.65,8.1
Fuji Neopan 100 Acros II,Studional,1+30,100,7.0,5.95,6.3
Fuji Neopan 100 Acros II,Suprol,1+19,100,5.0,4.25,4.5
Fuji Neopan 100 Acros II,Tanol,1+1+100,50,12.5,10.62,11.25
Fuji Neopan 100 Acros II,TMax Dev,1+4,100,5.5,4.67,4.95
Fuji Neopan 100 Acros II,TMax Dev,1+4,200,8.0,6.8,7.2
Fuji Neopan 100 Acros II,TMax Dev,1+4,400,10.5,8.92,9.45
Fuji Neopan 100 Acros II,TMax Dev,1+9,100,10.5,8.92,9.45
Fuji Neopan 100 Acros II,TMax RS,stock,100,5.25,4.46,4.73
Fuji Neopan 100 Acros II,Ultrafin,1+20,100,3.5,2.98,3.15
Fuji Neopan 100 Acros II,Ultrafin T-Plus,1+4,100,6.25,5.31,5.62
Fuji Neopan 100 Acros II,Ultrafine Liquid,1+2,100,8.0,6.8,7.2
Fuji Neopan 100 Acros II,Ultrafine Liquid,1+4,100,10.0,8.5,9.0
Fuji Neopan 100 Acros II,Uncle Mort's,1+9,100,5.0,4.25,4.5
Fuji Neopan 100 Acros II,WD2D+,1+1+50,100,10.0,8.5,9.0
Fuji Neopan 100 Acros II,XT-3,1+1,100,9.5,8.07,8.55
Fuji Neopan 100 Acros II,XT-3,1+1,200,13.0,11.05,11.7
Fuji Neopan 100 Acros II,XT-3,1+1,400,22.0,18.7,19.8
Fuji Neopan 100 Acros II,XT-3,1+2,100,13.0,11.05,11.7
Fuji Neopan 100 Acros II,XT-3,1+3,100,14.0,11.9,12.6
Fuji Neopan 100 Acros II,XT-3,1+4,100,16.0,13.6,14.4
Fuji Neopan 100 Acros II,XT-3,stock,100,8.0,6.8,7.2
Fuji Neopan 100 Acros II,Xtol,1+1,100,9.5,8.07,8.55
Fuji Neopan 100 Acros II,Xtol,1+1,200,13.0,11.05,11.7
Fuji Neopan 100 Acros II,Xtol,1+1,400,22.0,18.7,19.8
Fuji Neopan 100 Acros II,Xtol,1+2,100,13.0,11.05,11.7
Fuji Neopan 100 Acros II,Xtol,1+3,100,14.0,11.9,12.6
Fuji Neopan 100 Acros II,Xtol,1+4,100,16.0,13.6,14.4
Fuji Neopan 100 Acros II,Xtol,stock,100,8.0,6.8,7.2
Fuji Neopan 100ss,Acufine,stock,200,3.5,2.98,3.15
Fuji Neopan 100ss,Acufine,stock,400,5.0,4.25,4.5
Fuji Neopan 100ss,Beutler,1+1+10,100,9.0,7.65,8.1
Fuji Neopan 100ss,Caffenol Concoction,stock,100,15.0,12.75,13.5
Fuji Neopan 100ss,D-76,1+1,100,8.25,7.01,7.42
Fuji Neopan 100ss,D-76,1+1,200,9.0,7.65,8.1
Fuji Neopan 100ss,D-76,stock,100,6.75,5.74,6.08
Fuji Neopan 100ss,D-76,stock,200,7.25,6.16,6.53
Fuji Neopan 100ss,Eco Pro,1+1,100,9.5,8.07,8.55
Fuji Neopan 100ss,Eco Pro,stock,100,6.0,5.1,5.4
Fuji Neopan 100ss,Eco Pro,stock,200,6.5,5.52,5.85
Fuji Neopan 100ss,Fomadon LQN,1+10,100,8.0,6.8,7.2
Fuji Neopan 100ss,Fuji Microfine,1+1,100,11.5,9.78,10.35
Fuji Neopan 100ss,Fuji Microfine,stock,100,9.5,8.07,8.55
Fuji Neopan 100ss,FX-19,stock,100,9.0,7.65,8.1
Fuji Neopan 100ss,HC-110,B,100,5.5,4.67,4.95
Fuji Neopan 100ss,HC-110,B,1600,16.0,13.6,14.4
Fuji Neopan 100ss,HC-110,B,200,6.25,5.31,5.62
Fuji Neopan 100ss,ID-11,1+1,100,7.25,6.16,6.53
Fuji Neopan 100ss,ID-11,stock,100,5.5,4.67,4.95
Fuji Neopan 100ss,ID-11,stock,200,6.0,5.1,5.4
Fuji Neopan 100ss,ID-11,stock,400,8.5,7.22,7.65
Fuji Neopan 100ss,Ilfotec DD-X,1+4,100,5.0,4.25,4.5
Fuji Neopan 100ss,Ilfotec LC29,1+19,100,5.0,4.25,4.5
Fuji Neopan 100ss,Ilfotec LC29,1+19,200,6.0,5.1,5.4
Fuji Neopan 100ss,Microdol-X,1+1,100,8.5,7.22,7.65
Fuji Neopan 100ss,Microdol-X,stock,100,7.0,5.95,6.3
Fuji Neopan 100ss,Microphen,1+1,100,10.5,8.92,9.45
Fuji Neopan 100ss,PC-TEA,1+50,100,10.0,8.5,9.0
Fuji Neopan 100ss,Perceptol,1+3,100,23.0,19.55,20.7
Fuji Neopan 100ss,Perceptol,stock,100,9.0,7.65,8.1
Fuji Neopan 100ss,Pyrocat-HD,1+1+100,100,18.0,15.3,16.2
Fuji Neopan 100ss,Rodinal,1+300,100,360.0,306.0,324.0
Fuji Neopan 100ss,Silberra Ascorol,1+29,100,7.0,5.95,6.3
Fuji Neopan 100ss,SPD,1+1,100,7.0,5.95,6.3
Fuji Neopan 100ss,SPD,1+1,200,7.5,6.38,6.75
Fuji Neopan 100ss,SPD,stock,200,5.0,4.25,4.5
Fuji Neopan 100ss,SPD,stock,400,9.0,7.65,8.1
Fuji Neopan 100ss,Studional,1+15,100,4.0,3.4,3.6
Fuji Neopan 100ss,Studional,1+15,50,3.5,2.98,3.15
Fuji Neopan 100ss,TMax Dev,1+4,100,5.0,4.25,4.5
Fuji Neopan 100ss,TMax Dev,1+4,200,5.5,4.67,4.95
Fuji Neopan 100ss,TMax Dev,1+4,400,8.5,7.22,7.65
Fuji Neopan 100ss,TMax RS,stock,200,5.5,4.67,4.95
Fuji Neopan 100ss,TMax RS,stock,400,8.0,6.8,7.2
Fuji Neopan 100ss,Ultrafin,1+9,80,7.0,5.95,6.3
Fuji Neopan 100ss,XT-3,1+1,100,9.5,8.07,8.55
Fuji Neopan 100ss,XT-3,stock,100,6.0,5.1,5.4
Fuji Neopan 100ss,XT-3,stock,200,6.5,5.52,5.85
Fuji Neopan 100ss,Xtol,1+1,100,9.5,8.07,8.55
Fuji Neopan 100ss,Xtol,stock,100,6.0,5.1,5.4
Fuji Neopan 100ss,Xtol,stock,200,6.5,5.52,5.85
Fuji Neopan 1600,510-Pyro,1+100,1600,8.5,7.22,7.65
Fuji Neopan 1600,Amaloco AM74,1+7,1600,6.0,5.1,5.4
Fuji Neopan 1600,Amaloco AM74,1+7,3200,7.5,6.38,6.75
Fuji Neopan 1600,Bellini Hydrofen,1+15,800,3.0,2.55,2.7
Fuji Neopan 1600,Caffenol C-L,stock,1600,60.0,51.0,54.0
Fuji Neopan 1600,Caffenol C-L,stock,3200,60.0,51.0,54.0
Fuji Neopan 1600,D-23,stock,100,8.0,6.8,7.2
Fuji Neopan 1600,D-76,1+1,1600,9.0,7.65,8.1
Fuji Neopan 1600,D-76,1+1,400,5.5,4.67,4.95
Fuji Neopan 1600,D-76,1+1,800,7.0,5.95,6.3
Fuji Neopan 1600,D-76,1+3,1600,15.25,12.96,13.72
Fuji Neopan 1600,D-76,1+3,800,11.5,9.78,10.35
Fuji Neopan 1600,D-76,stock,1600,7.5,6.38,6.75
Fuji Neopan 1600,D-76,stock,3200,15.0,12.75,13.5
Fuji Neopan 1600,D-76,stock,400,4.0,3.4,3.6
Fuji Neopan 1600,D-76,stock,800,5.0,4.25,4.5
Fuji Neopan 1600,Eco Pro,1+1,1600,7.5,6.38,6.75
Fuji Neopan 1600,Eco Pro,1+1,200,5.5,4.67,4.95
Fuji Neopan 1600,Eco Pro,1+1,3200,8.5,7.22,7.65
Fuji Neopan 1600,Eco Pro,1+1,400,6.0,5.1,5.4
Fuji Neopan 1600,Eco Pro,1+1,6400,9.75,8.29,8.78
Fuji Neopan 1600,Eco Pro,1+1,800,6.75,5.74,6.08
Fuji Neopan 1600,Eco Pro,1+2,1600,10.0,8.5,9.0
Fuji Neopan 1600,Eco Pro,1+2,200,7.0,5.95,6.3
Fuji Neopan 1600,Eco Pro,1+2,3200,11.25,9.56,10.12
Fuji Neopan 1600,Eco Pro,1+2,400,7.75,6.59,6.98
Fuji Neopan 1600,Eco Pro,1+2,6400,13.0,11.05,11.7
Fuji Neopan 1600,Eco Pro,1+2,800,8.5,7.22,7.65
Fuji Neopan 1600,Eco Pro,1+3,1600,13.0,11.05,11.7
Fuji Neopan 1600,Eco Pro,1+3,200,9.25,7.86,8.33
Fuji Neopan 1600,Eco Pro,1+3,3200,14.75,12.54,13.28
Fuji Neopan 1600,Eco Pro,1+3,400,10.25,8.71,9.22
Fuji Neopan 1600,Eco Pro,1+3,6400,16.5,14.03,14.85
Fuji Neopan 1600,Eco Pro,1+3,800,11.5,9.78,10.35
Fuji Neopan 1600,Eco Pro,2+5,1600,11.5,9.78,10.35
Fuji Neopan 1600,Eco Pro,stock,1600,5.75,4.89,5.17
Fuji Neopan 1600,Eco Pro,stock,200,4.0,3.4,3.6
Fuji Neopan 1600,Eco Pro,stock,3200,6.5,5.52,5.85
Fuji Neopan 1600,Eco Pro,stock,400,4.5,3.82,4.05
Fuji Neopan 1600,Eco Pro,stock,6400,7.25,6.16,6.53
Fuji Neopan 1600,Eco Pro,stock,800,5.0,4.25,4.5
Fuji Neopan 1600,F76+,1+9,1600,8.0,6.8,7.2
Fuji Neopan 1600,FD10,1+14,1600,14.0,11.9,12.6
Fuji Neopan 1600,FD10,1+9,1600,8.0,6.8,7.2
Fuji Neopan 1600,Fomadon R09,1+25,1600,3.5,2.98,3.15
Fuji Neopan 1600,Fomadon R09,1+50,1600,8.0,6.8,7.2
Fuji Neopan 1600,Fuji Microfine,1+1,250,6.0,5.1,5.4
Fuji Neopan 1600,Fuji Microfine,1+1,400,6.75,5.74,6.08
Fuji Neopan 1600,Fuji Microfine,1+1,800,8.75,7.44,7.88
Fuji Neopan 1600,Fuji Microfine,1+3,400,10.0,8.5,9.0
Fuji Neopan 1600,Fuji Microfine,1+3,800,13.0,11.05,11.7
Fuji Neopan 1600,Fuji Microfine,stock,250,5.0,4.25,4.5
Fuji Neopan 1600,Fuji Microfine,stock,400,6.0,5.1,5.4
Fuji Neopan 1600,Fuji Microfine,stock,800,8.0,6.8,7.2
Fuji Neopan 1600,FX-19,stock,100,7.0,5.95,6.3
Fuji Neopan 1600,FX-37,1+3,1600,5.0,4.25,4.5
Fuji Neopan 1600,FX-39,1+9,1600,5.5,4.67,4.95
Fuji Neopan 1600,FX-55,1+9,1600,15.5,13.17,13.95
Fuji Neopan 1600,HC-110,B,1600,7.0,5.95,6.3
Fuji Neopan 1600,HC-110,B,800,4.75,4.04,4.28
Fuji Neopan 1600,HC-110,H,200,5.0,4.25,4.5
Fuji Neopan 1600,ID-11,1+1,1600,9.0,7.65,8.1
Fuji Neopan 1600,ID-11,1+1,400,5.5,4.67,4.95
Fuji Neopan 1600,ID-11,1+1,800,7.0,5.95,6.3
Fuji Neopan 1600,ID-11,1+3,1600,15.25,12.96,13.72
Fuji Neopan 1600,ID-11,1+3,800,11.5,9.78,10.35
Fuji Neopan 1600,ID-11,stock,1600,7.5,6.38,6.75
Fuji Neopan 1600,ID-11,stock,3200,15.0,12.75,13.5
Fuji Neopan 1600,ID-11,stock,400,4.0,3.4,3.6
Fuji Neopan 1600,ID-11,stock,800,5.0,4.25,4.5
Fuji Neopan 1600,Ilfosol 3,1+14,1600,10.0,8.5,9.0
Fuji Neopan 1600,Ilfosol 3,1+14,800,7.0,5.95,6.3
Fuji Neopan 1600,Ilfosol 3,1+9,1600,7.5,6.38,6.75
Fuji Neopan 1600,Ilfosol 3,1+9,800,5.0,4.25,4.5
Fuji Neopan 1600,Ilfotec DD-X,1+4,1600,5.0,4.25,4.5
Fuji Neopan 1600,Ilfotec DD-X,1+4,3200,9.0,7.65,8.1
Fuji Neopan 1600,Ilfotec DD-X,1+4,800,4.5,3.82,4.05
Fuji Neopan 1600,Ilfotec DD-X,1+9,320,5.5,4.67,4.95
Fuji Neopan 1600,Ilfotec HC,1+31,1600,7.0,5.95,6.3
Fuji Neopan 1600,Ilfotec LC29,1+19,1600,7.0,5.95,6.3
Fuji Neopan 1600,Ilfotec LC29,1+29,1600,10.0,8.5,9.0
Fuji Neopan 1600,Marathon,1+9,100,5.25,4.46,4.73
Fuji Neopan 1600,Microdol-X,stock,1600,10.5,8.92,9.45
Fuji Neopan 1600,Microdol-X,stock,400,6.5,5.52,5.85
Fuji Neopan 1600,Microdol-X,stock,800,8.25,7.01,7.42
Fuji Neopan 1600,Microphen,1+1,320,5.5,4.67,4.95
Fuji Neopan 1600,Microphen,stock,1600,3.25,2.76,2.93
Fuji Neopan 1600,Microphen,stock,3200,5.75,4.89,5.17
Fuji Neopan 1600,Moersch eco,2+1+60,800,8.25,7.01,7.42
Fuji Neopan 1600,Neofin Blue,stock,1600,12.0,10.2,10.8
Fuji Neopan 1600,Neopress HC,1+15,1600,2.0,1.7,1.8
Fuji Neopan 1600,Neopress HC,1+15,3200,3.0,2.55,2.7
Fuji Neopan 1600,Neopress HC,1+15,6400,5.0,4.25,4.5
Fuji Neopan 1600,Neopress HC,1+31,1600,2.5,2.12,2.25
Fuji Neopan 1600,Neopress HC,1+31,1600,3.5,2.98,3.15
Fuji Neopan 1600,Nucleol BF200,40+25+935,640,5.0,4.25,4.5
Fuji Neopan 1600,Nucleol BF200,40+25+935,800,8.0,6.8,7.2
Fuji Neopan 1600,Ornano Gradual ST20,1+9,500,9.0,7.65,8.1
Fuji Neopan 1600,Ornano Gradual ST20,1+9,800,12.0,10.2,10.8
Fuji Neopan 1600,PMK,1+2+100,1600,12.0,10.2,10.8
Fuji Neopan 1600,Promicrol,1+14,2400,19.0,16.15,17.1
Fuji Neopan 1600,Promicrol,1+14,3200,19.0,16.15,17.1
Fuji Neopan 1600,Promicrol,1+9,2400,12.0,10.2,10.8
Fuji Neopan 1600,Promicrol,1+9,3200,12.0,10.2,10.8
Fuji Neopan 1600,Rodinal,1+100,250,15.0,12.75,13.5
Fuji Neopan 1600,Rodinal,1+100,400,20.0,17.0,18.0
Fuji Neopan 1600,Rodinal,1+25,1600,5.0,4.25,4.5
Fuji Neopan 1600,Rodinal,1+25,200,3.0,2.55,2.7
Fuji Neopan 1600,Rodinal,1+25,3200,7.5,6.38,6.75
Fuji Neopan 1600,Rodinal,1+25,400,3.5,2.98,3.15
Fuji Neopan 1600,Rodinal,1+49,320,5.0,4.25,4.5
Fuji Neopan 1600,Rodinal,1+50,1600,8.0,6.8,7.2
Fuji Neopan 1600,Rollei D74,1+15,1600,10.5,8.92,9.45
Fuji Neopan 1600,Rollei D74,1+9,1600,7.5,6.38,6.75
Fuji Neopan 1600,Silberra Ascorol,1+29,1600,8.0,6.8,7.2
Fuji Neopan 1600,SPD,1+1,1600,6.5,5.52,5.85
Fuji Neopan 1600,SPD,1+1,3200,15.0,12.75,13.5
Fuji Neopan 1600,SPD,1+1,800,4.5,3.82,4.05
Fuji Neopan 1600,SPD,1+3,1600,12.0,10.2,10.8
Fuji Neopan 1600,SPD,1+3,800,7.75,6.59,6.98
Fuji Neopan 1600,SPD,stock,1600,4.25,3.61,3.83
Fuji Neopan 1600,SPD,stock,3200,8.0,6.8,7.2
Fuji Neopan 1600,Sprint Standard,1+9,1600,11.5,9.78,10.35
Fuji Neopan 1600,Spur SLD,1+7,1000,7.0,5.95,6.3
Fuji Neopan 1600,Spur SLD,1+7,640,3.5,2.98,3.15
Fuji Neopan 1600,Spur SLD,1+7,800,5.0,4.25,4.5
Fuji Neopan 1600,Studional,1+15,800,3.0,2.55,2.7
Fuji Neopan 1600,Suprol,1+19,1600,3.5,2.98,3.15
Fuji Neopan 1600,TMax Dev,1+4,1600,4.5,3.82,4.05
Fuji Neopan 1600,TMax Dev,1+4,3200,10.0,8.5,9.0
Fuji Neopan 1600,TMax RS,stock,1600,5.0,4.25,4.5
Fuji Neopan 1600,TMax RS,stock,3200,9.5,8.07,8.55
Fuji Neopan 1600,TMax RS,stock,400,4.0,3.4,3.6
Fuji Neopan 1600,Ultrafin,1+10,1600,5.5,4.67,4.95
Fuji Neopan 1600,Ultrafin,1+20,1600,11.0,9.35,9.9
Fuji Neopan 1600,Ultrafine Liquid,1+2,1600,7.5,6.38,6.75
Fuji Neopan 1600,Ultrafine Liquid,1+4,1600,9.0,7.65,8.1
Fuji Neopan 1600,XT-3,1+1,1600,7.5,6.38,6.75
Fuji Neopan 1600,XT-3,1+1,200,5.5,4.67,4.95
Fuji Neopan 1600,XT-3,1+1,3200,8.5,7.22,7.65
Fuji Neopan 1600,XT-3,1+1,400,6.0,5.1,5.4
Fuji Neopan 1600,XT-3,1+1,6400,9.75,8.29,8.78
Fuji Neopan 1600,XT-3,1+1,800,6.75,5.74,6.08
Fuji Neopan 1600,XT-3,1+2,1600,10.0,8.5,9.0
Fuji Neopan 1600,XT-3,1+2,200,7.0,5.95,6.3
Fuji Neopan 1600,XT-3,1+2,3200,11.25,9.56,10.12
Fuji Neopan 1600,XT-3,1+2,400,7.75,6.59,6.98
Fuji Neopan 1600,XT-3,1+2,6400,13.0,11.05,11.7
Fuji Neopan 1600,XT-3,1+2,800,8.5,7.22,7.65
Fuji Neopan 1600,XT-3,1+3,1600,13.0,11.05,11.7
Fuji Neopan 1600,XT-3,1+3,200,9.25,7.86,8.33
Fuji Neopan 1600,XT-3,1+3,3200,14.75,12.54,13.28
Fuji Neopan 1600,XT-3,1+3,400,10.25,8.71,9.22
Fuji Neopan 1600,XT-3,1+3,6400,16.5,14.03,14.85
Fuji Neopan 1600,XT-3,1+3,800,11.5,9.78,10.35
Fuji Neopan 1600,XT-3,2+5,1600,11.5,9.78,10.35
Fuji Neopan 1600,XT-3,stock,1600,5.75,4.89,5.17
Fuji Neopan 1600,XT-3,stock,200,4.0,3.4,3.6
Fuji Neopan 1600,XT-3,stock,3200,6.5,5.52,5.85
Fuji Neopan 1600,XT-3,stock,400,4.5,3.82,4.05
Fuji Neopan 1600,XT-3,stock,6400,7.25,6.16,6.53
Fuji Neopan 1600,XT-3,stock,800,5.0,4.25,4.5
Fuji Neopan 1600,Xtol,1+1,1600,7.5,6.38,6.75
Fuji Neopan 1600,Xtol,1+1,200,5.5,4.67,4.95
Fuji Neopan 1600,Xtol,1+1,3200,8.5,7.22,7.65
Fuji Neopan 1600,Xtol,1+1,400,6.0,5.1,5.4
Fuji Neopan 1600,Xtol,1+1,6400,9.75,8.29,8.78
Fuji Neopan 1600,Xtol,1+1,800,6.75,5.74,6.08
Fuji Neopan 1600,Xtol,1+2,1600,10.0,8.5,9.0
Fuji Neopan 1600,Xtol,1+2,200,7.0,5.95,6.3
Fuji Neopan 1600,Xtol,1+2,3200,11.25,9.56,10.12
Fuji Neopan 1600,Xtol,1+2,400,7.75,6.59,6.98
Fuji Neopan 1600,Xtol,1+2,6400,13.0,11.05,11.7
Fuji Neopan 1600,Xtol,1+2,800,8.5,7.22,7.65
Fuji Neopan 1600,Xtol,1+3,1600,13.0,11.05,11.7
Fuji Neopan 1600,Xtol,1+3,200,9.25,7.86,8.33
Fuji Neopan 1600,Xtol,1+3,3200,14.75,12.54,13.28
Fuji Neopan 1600,Xtol,1+3,400,10.25,8.71,9.22
Fuji Neopan 1600,Xtol,1+3,6400,16.5,14.03,14.85
Fuji Neopan 1600,Xtol,1+3,800,11.5,9.78,10.35
Fuji Neopan 1600,Xtol,2+5,1600,11.5,9.78,10.35
Fuji Neopan 1600,Xtol,stock,1600,5.75,4.89,5.17
Fuji Neopan 1600,Xtol,stock,200,4.0,3.4,3.6
Fuji Neopan 1600,Xtol,stock,3200,6.5,5.52,5.85
Fuji Neopan 1600,Xtol,stock,400,4.5,3.82,4.05
Fuji Neopan 1600,Xtol,stock,6400,7.25,6.16,6.53
Fuji Neopan 1600,Xtol,stock,800,5.0,4.25,4.5
Fuji Neopan 400,510-Pyro,1+100,400,8.25,7.01,7.42
Fuji Neopan 400,ACU-1,1+5,400,5.75,4.89,5.17
Fuji Neopan 400,Acufine,stock,1600,7.0,5.95,6.3
Fuji Neopan 400,Acufine,stock,400,3.25,2.76,2.93
Fuji Neopan 400,Acufine,stock,800,4.5,3.82,4.05
Fuji Neopan 400,Acurol-N,1+50,200,13.0,11.05,11.7
Fuji Neopan 400,Amaloco AM74,1+7,1600,7.5,6.38,6.75
Fuji Neopan 400,Amaloco AM74,1+7,400,6.0,5.1,5.4
Fuji Neopan 400,Amaloco AM74,1+7,800,6.75,5.74,6.08
Fuji Neopan 400,Arista® Liquid,1+9,400,6.0,5.1,5.4
Fuji Neopan 400,Arista® Premium,1+9,400,6.0,5.1,5.4
Fuji Neopan 400,Atomal 49,1+1,400,13.0,11.05,11.7
Fuji Neopan 400,Bellini Hydrofen,1+15,320,3.0,2.55,2.7
Fuji Neopan 400,Beutler,1+1+8,320,15.0,12.75,13.5
Fuji Neopan 400,Caffenol C-M,stock,400,12.0,10.2,10.8
Fuji Neopan 400,D-23,stock,100,9.0,7.65,8.1
Fuji Neopan 400,D-76,1+1,1600,16.5,14.03,14.85
Fuji Neopan 400,D-76,1+1,3200,19.5,16.57,17.55
Fuji Neopan 400,D-76,1+1,400,9.5,8.07,8.55
Fuji Neopan 400,D-76,1+1,800,13.0,11.05,11.7
Fuji Neopan 400,D-76,1+3,400,15.0,12.75,13.5
Fuji Neopan 400,D-76,stock,1600,13.5,11.47,12.15
Fuji Neopan 400,D-76,stock,250,6.5,5.52,5.85
Fuji Neopan 400,D-76,stock,400,7.5,6.38,6.75
Fuji Neopan 400,D-76,stock,800,8.75,7.44,7.88
Fuji Neopan 400,Eco Pro,1+1,100,8.25,7.01,7.42
Fuji Neopan 400,Eco Pro,1+1,1600,13.5,11.47,12.15
Fuji Neopan 400,Eco Pro,1+1,200,8.25,7.01,7.42
Fuji Neopan 400,Eco Pro,1+1,3200,16.5,14.03,14.85
Fuji Neopan 400,Eco Pro,1+1,400,9.75,8.29,8.78
Fuji Neopan 400,Eco Pro,1+1,800,11.5,9.78,10.35
Fuji Neopan 400,Eco Pro,1+2,100,11.0,9.35,9.9
Fuji Neopan 400,Eco Pro,1+2,1600,17.0,14.45,15.3
Fuji Neopan 400,Eco Pro,1+2,200,11.0,9.35,9.9
Fuji Neopan 400,Eco Pro,1+2,3200,20.5,17.43,18.45
Fuji Neopan 400,Eco Pro,1+2,400,12.5,10.62,11.25
Fuji Neopan 400,Eco Pro,1+2,800,14.5,12.32,13.05
Fuji Neopan 400,Eco Pro,1+3,100,13.5,11.47,12.15
Fuji Neopan 400,Eco Pro,1+3,1600,22.5,19.12,20.25
Fuji Neopan 400,Eco Pro,1+3,200,13.5,11.47,12.15
Fuji Neopan 400,Eco Pro,1+3,3200,26.0,22.1,23.4
Fuji Neopan 400,Eco Pro,1+3,400,15.75,13.39,14.18
Fuji Neopan 400,Eco Pro,1+3,800,18.5,15.72,16.65
Fuji Neopan 400,Eco Pro,stock,100,7.5,6.38,6.75
Fuji Neopan 400,Eco Pro,stock,1600,11.5,9.78,10.35
Fuji Neopan 400,Eco Pro,stock,200,7.5,6.38,6.75
Fuji Neopan 400,Eco Pro,stock,3200,13.5,11.47,12.15
Fuji Neopan 400,Eco Pro,stock,400,8.25,7.01,7.42
Fuji Neopan 400,Eco Pro,stock,800,9.75,8.29,8.78
Fuji Neopan 400,Extend Plus,1+15,400,9.0,7.65,8.1
Fuji Neopan 400,F76+,1+9,400,6.0,5.1,5.4
Fuji Neopan 400,FD10,1+14,400,13.0,11.05,11.7
Fuji Neopan 400,FD10,1+14,400,17.0,14.45,15.3
Fuji Neopan 400,FD10,1+9,400,6.0,5.1,5.4
Fuji Neopan 400,FD10,1+9,400,9.0,7.65,8.1
Fuji Neopan 400,Fomadon Excel,stock,400,6.5,5.52,5.85
Fuji Neopan 400,Fomadon LQN,1+10,400,9.0,7.65,8.1
Fuji Neopan 400,Fomadon R09,1+100,400,50.0,42.5,45.0
Fuji Neopan 400,Fomadon R09,1+25,400,4.5,3.82,4.05
Fuji Neopan 400,Fomadon R09,1+50,400,8.0,6.8,7.2
Fuji Neopan 400,FX-19,stock,100,8.0,6.8,7.2
Fuji Neopan 400,FX-37,1+3,?,6.0,5.1,5.4
Fuji Neopan 400,FX-39,1+9,400,10.0,8.5,9.0
Fuji Neopan 400,FX-55,1+9,400,16.5,14.03,14.85
Fuji Neopan 400,HC-110,B,1600,12.0,10.2,10.8
Fuji Neopan 400,HC-110,B,3200,18.0,15.3,16.2
Fuji Neopan 400,HC-110,B,400,5.0,4.25,4.5
Fuji Neopan 400,HC-110,B,800,7.25,6.16,6.53
Fuji Neopan 400,HC-110,E,1000,12.0,10.2,10.8
Fuji Neopan 400,HC-110,E,400,8.0,6.8,7.2
Fuji Neopan 400,HC-110,F,400,19.25,16.36,17.32
Fuji Neopan 400,HC-110,H,200,7.0,5.95,6.3
Fuji Neopan 400,ID-11,1+1,1600,16.5,14.03,14.85
Fuji Neopan 400,ID-11,1+1,3200,19.5,16.57,17.55
Fuji Neopan 400,ID-11,1+1,400,9.5,8.07,8.55
Fuji Neopan 400,ID-11,1+1,800,13.0,11.05,11.7
Fuji Neopan 400,ID-11,1+3,400,15.0,12.75,13.5
Fuji Neopan 400,ID-11,stock,1600,13.5,11.47,12.15
Fuji Neopan 400,ID-11,stock,250,6.5,5.52,5.85
Fuji Neopan 400,ID-11,stock,400,7.5,6.38,6.75
Fuji Neopan 400,ID-11,stock,800,8.75,7.44,7.88
Fuji Neopan 400,Ilfosol 3,1+14,250,8.0,6.8,7.2
Fuji Neopan 400,Ilfosol 3,1+14,400,9.5,8.07,8.55
Fuji Neopan 400,Ilfosol 3,1+9,100,4.0,3.4,3.6
Fuji Neopan 400,Ilfosol 3,1+9,400,6.5,5.52,5.85
Fuji Neopan 400,Ilfosol 3,1+9,800,9.5,8.07,8.55
Fuji Neopan 400,Ilfotec DD-X,1+4,250,6.25,5.31,5.62
Fuji Neopan 400,Ilfotec DD-X,1+4,3200,18.0,15.3,16.2
Fuji Neopan 400,Ilfotec DD-X,1+4,400,7.0,5.95,6.3
Fuji Neopan 400,Ilfotec DD-X,1+4,800,10.0,8.5,9.0
Fuji Neopan 400,Ilfotec HC,1+31,400,6.0,5.1,5.4
Fuji Neopan 400,Ilfotec LC29,1+19,400,6.0,5.1,5.4
Fuji Neopan 400,Ilfotec LC29,1+29,400,8.0,6.8,7.2
Fuji Neopan 400,Marathon,1+9,100,4.25,3.61,3.83
Fuji Neopan 400,Microdol-X,stock,200,8.5,7.22,7.65
Fuji Neopan 400,Microdol-X,stock,400,10.0,8.5,9.0
Fuji Neopan 400,Microphen,1+1,400,7.0,5.95,6.3
Fuji Neopan 400,Microphen,1+3,400,9.0,7.65,8.1
Fuji Neopan 400,Microphen,stock,1600,8.5,7.22,7.65
Fuji Neopan 400,Microphen,stock,3200,16.0,13.6,14.4
Fuji Neopan 400,Microphen,stock,400,4.5,3.82,4.05
Fuji Neopan 400,Microphen,stock,800,5.75,4.89,5.17
Fuji Neopan 400,Mocon,1+64,400,14.25,12.11,12.83
Fuji Neopan 400,Neofin Blue,stock,400,20.0,17.0,18.0
Fuji Neopan 400,Neopress HC,1+15,1600,4.5,3.82,4.05
Fuji Neopan 400,Neopress HC,1+15,400,3.5,2.98,3.15
Fuji Neopan 400,Neopress HC,1+15,800,3.0,2.55,2.7
Fuji Neopan 400,Neopress HC,1+31,400,5.5,4.67,4.95
Fuji Neopan 400,Nucleol BF200,20+15+965,400,10.0,8.5,9.0
Fuji Neopan 400,Ornano Gradual ST20,1+9,400,12.0,10.2,10.8
Fuji Neopan 400,Paranol S,1+25,400,8.0,6.8,7.2
Fuji Neopan 400,Paranol S,1+50,400,22.0,18.7,19.8
Fuji Neopan 400,PC-TEA,1+50,400,10.0,8.5,9.0
Fuji Neopan 400,Perceptol,1+1,400,14.0,11.9,12.6
Fuji Neopan 400,Perceptol,1+3,400,20.0,17.0,18.0
Fuji Neopan 400,Perceptol,stock,250,14.0,11.9,12.6
Fuji Neopan 400,Perceptol,stock,400,10.0,8.5,9.0
Fuji Neopan 400,Promicrol,1+14,600,19.0,16.15,17.1
Fuji Neopan 400,Promicrol,1+14,800,19.0,16.15,17.1
Fuji Neopan 400,Promicrol,1+9,600,12.0,10.2,10.8
Fuji Neopan 400,Promicrol,1+9,800,12.0,10.2,10.8
Fuji Neopan 400,Pyrocat-HD,1+1+100,400,15.0,12.75,13.5
Fuji Neopan 400,Rodinal,1+100,200,15.0,12.75,13.5
Fuji Neopan 400,Rodinal,1+100,250,20.0,17.0,18.0
Fuji Neopan 400,Rodinal,1+25,1600,10.0,8.5,9.0
Fuji Neopan 400,Rodinal,1+25,250,4.5,3.82,4.05
Fuji Neopan 400,Rodinal,1+25,400,6.0,5.1,5.4
Fuji Neopan 400,Rodinal,1+50,400,11.0,9.35,9.9
Fuji Neopan 400,Rodinal,1+60,1600,90.0,76.5,81.0
Fuji Neopan 400,Rollei D74,1+15,400,10.5,8.92,9.45
Fuji Neopan 400,Rollei D74,1+9,400,7.5,6.38,6.75
Fuji Neopan 400,Silberra Ascorol,1+29,400,7.0,5.95,6.3
Fuji Neopan 400,SPD,1+1,400,7.0,5.95,6.3
Fuji Neopan 400,SPD,stock,1600,9.0,7.65,8.1
Fuji Neopan 400,SPD,stock,3200,16.0,13.6,14.4
Fuji Neopan 400,SPD,stock,400,4.25,3.61,3.83
Fuji Neopan 400,SPD,stock,800,5.75,4.89,5.17
Fuji Neopan 400,Sprint Standard,1+19,400,17.0,14.45,15.3
Fuji Neopan 400,Sprint Standard,1+9,400,8.5,7.22,7.65
Fuji Neopan 400,Spur HRX,1+13,400,12.0,10.2,10.8
Fuji Neopan 400,Spur NHC,1+12,800,14.0,11.9,12.6
Fuji Neopan 400,Spur NHC,1+15,400,10.0,8.5,9.0
Fuji Neopan 400,Spur SD 2525,1+15,250,7.0,5.95,6.3
Fuji Neopan 400,Spur SLD,1+17,400,12.5,10.62,11.25
Fuji Neopan 400,Spur SLD,1+9,320,4.0,3.4,3.6
Fuji Neopan 400,Spur SLD,1+9,400,5.5,4.67,4.95
Fuji Neopan 400,Spur SLD,1+9,640,7.5,6.38,6.75
Fuji Neopan 400,Studional,1+15,200,4.0,3.4,3.6
Fuji Neopan 400,Studional,1+15,320,3.0,2.55,2.7
Fuji Neopan 400,Studional,1+15,400,6.0,5.1,5.4
Fuji Neopan 400,Studional,1+30,400,10.5,8.92,9.45
Fuji Neopan 400,Suprol,1+19,400,4.75,4.04,4.28
Fuji Neopan 400,Tanol,1+1+100,200,14.0,11.9,12.6
Fuji Neopan 400,Tanol,1+1+100,400,17.0,14.45,15.3
Fuji Neopan 400,TMax Dev,1+4,1600,10.0,8.5,9.0
Fuji Neopan 400,TMax Dev,1+4,3200,15.0,12.75,13.5
Fuji Neopan 400,TMax Dev,1+4,400,6.0,5.1,5.4
Fuji Neopan 400,TMax Dev,1+4,800,7.25,6.16,6.53
Fuji Neopan 400,TMax Dev,1+9,400,15.25,12.96,13.72
Fuji Neopan 400,TMax Dev,1+9,640,17.0,14.45,15.3
Fuji Neopan 400,TMax Dev,1+9,800,19.0,16.15,17.1
Fuji Neopan 400,TMax RS,stock,1600,9.5,8.07,8.55
Fuji Neopan 400,TMax RS,stock,250,5.0,4.25,4.5
Fuji Neopan 400,TMax RS,stock,400,5.5,4.67,4.95
Fuji Neopan 400,TMax RS,stock,800,6.5,5.52,5.85
Fuji Neopan 400,Ultrafin,1+10,400,9.0,7.65,8.1
Fuji Neopan 400,Ultrafin,1+25,400,14.0,11.9,12.6
Fuji Neopan 400,Ultrafine Liquid,1+2,400,7.5,6.38,6.75
Fuji Neopan 400,Ultrafine Liquid,1+4,400,9.5,8.07,8.55
Fuji Neopan 400,Uncle Mort's,1+9,400,12.0,10.2,10.8
Fuji Neopan 400,XT-3,1+1,100,8.25,7.01,7.42
Fuji Neopan 400,XT-3,1+1,1600,13.5,11.47,12.15
Fuji Neopan 400,XT-3,1+1,200,8.25,7.01,7.42
Fuji Neopan 400,XT-3,1+1,3200,16.5,14.03,14.85
Fuji Neopan 400,XT-3,1+1,400,9.75,8.29,8.78
Fuji Neopan 400,XT-3,1+1,800,11.5,9.78,10.35
Fuji Neopan 400,XT-3,1+2,100,11.0,9.35,9.9
Fuji Neopan 400,XT-3,1+2,1600,17.0,14.45,15.3
Fuji Neopan 400,XT-3,1+2,200,11.0,9.35,9.9
Fuji Neopan 400,XT-3,1+2,3200,20.5,17.43,18.45
Fuji Neopan 400,XT-3,1+2,400,12.5,10.62,11.25
Fuji Neopan 400,XT-3,1+2,800,14.5,12.32,13.05
Fuji Neopan 400,XT-3,1+3,100,13.5,11.47,12.15
Fuji Neopan 400,XT-3,1+3,1600,22.5,19.12,20.25
Fuji Neopan 400,XT-3,1+3,200,13.5,11.47,12.15
Fuji Neopan 400,XT-3,1+3,3200,26.0,22.1,23.4
Fuji Neopan 400,XT-3,1+3,400,15.75,13.39,14.18
Fuji Neopan 400,XT-3,1+3,800,18.5,15.72,16.65
Fuji Neopan 400,XT-3,stock,100,7.5,6.38,6.75
Fuji Neopan 400,XT-3,stock,1600,11.5,9.78,10.35
Fuji Neopan 400,XT-3,stock,200,7.5,6.38,6.75
Fuji Neopan 400,XT-3,stock,3200,13.5,11.47,12.15
Fuji Neopan 400,XT-3,stock,400,8.25,7.01,7.42
Fuji Neopan 400,XT-3,stock,800,9.75,8.29,8.78
Fuji Neopan 400,Xtol,1+1,100,8.25,7.01,7.42
Fuji Neopan 400,Xtol,1+1,1600,13.5,11.47,12.15
Fuji Neopan 400,Xtol,1+1,200,8.25,7.01,7.42
Fuji Neopan 400,Xtol,1+1,3200,16.5,14.03,14.85
Fuji Neopan 400,Xtol,1+1,400,9.75,8.29,8.78
Fuji Neopan 400,Xtol,1+1,800,11.5,9.78,10.35
Fuji Neopan 400,Xtol,1+2,100,11.0,9.35,9.9
Fuji Neopan 400,Xtol,1+2,1600,17.0,14.45,15.3
Fuji Neopan 400,Xtol,1+2,200,11.0,9.35,9.9
Fuji Neopan 400,Xtol,1+2,3200,20.5,17.43,18.45
Fuji Neopan 400,Xtol,1+2,400,12.5,10.62,11.25
Fuji Neopan 400,Xtol,1+2,800,14.5,12.32,13.05
Fuji Neopan 400,Xtol,1+3,100,13.5,11.47,12.15
Fuji Neopan 400,Xtol,1+3,1600,22.5,19.12,20.25
Fuji Neopan 400,Xtol,1+3,200,13.5,11.47,12.15
Fuji Neopan 400,Xtol,1+3,3200,26.0,22.1,23.4
Fuji Neopan 400,Xtol,1+3,400,15.75,13.39,14.18
Fuji Neopan 400,Xtol,1+3,800,18.5,15.72,16.65
Fuji Neopan 400,Xtol,stock,100,7.5,6.38,6.75
Fuji Neopan 400,Xtol,stock,1600,11.5,9.78,10.35
Fuji Neopan 400,Xtol,stock,200,7.5,6.38,6.75
Fuji Neopan 400,Xtol,stock,3200,13.5,11.47,12.15
Fuji Neopan 400,Xtol,stock,400,8.25,7.01,7.42
Fuji Neopan 400,Xtol,stock,800,9.75,8.29,8.78
Fujifilm AD-M,HC-110,E,100,7.0,5.95,6.3
Fujifilm C200,Fomadon LQN,1+10,200,15.0,12.75,13.5
Fujifilm C200,HC-110,H,200,12.0,10.2,10.8
Fujifilm C200,Microphen,stock,200,8.0,6.8,7.2
Fujifilm HR-20,HC-110,F,20,30.0,25.5,27.0
Fujifilm HR-S,Eco Pro,1+1,80,6.0,5.1,5.4
Fujifilm HR-S,XT-3,1+1,80,6.0,5.1,5.4
Fujifilm HR-S,Xtol,1+1,80,6.0,5.1,5.4
Fujifilm HR-T30,D-23,1+1,80,6.0,5.1,5.4
Fujifilm HR-T30,HC-110,H,50,6.0,5.1,5.4
Fujifilm HR-T30,Rodinal,1+100,400,37.0,31.45,33.3
Fujifilm HR-T30,Rodinal,1+50,400,11.0,9.35,9.9
Fujifilm Super HR,Bluefire HR,1+16,25,14.0,11.9,12.6
Fujifilm Super HR,HC-110,B,20,8.0,6.8,7.2
Fujifilm Super HR-U,D-76,1+2,100,9.0,7.65,8.1
Fujifilm Super HR-U,Dektol,1+5,100,2.0,1.7,1.8
Fujifilm Super HR-U,Rodinal,1+150,50,6.0,5.1,5.4
Fujifilm Super RX-N,Rodinal,1+100,25,7.0,5.95,6.3
Fujifilm UM-MA,HC-110,D,160,8.5,7.22,7.65
Fukkatsu 100,HC-110,B,100,7.0,5.95,6.3
Fukkatsu 100,XT-3,1+1,100,10.0,8.5,9.0
Fukkatsu 100,Xtol,1+1,100,10.0,8.5,9.0
"gufa's ""Essence 250""",D-76,stock,250,9.5,8.07,8.55
"gufa's ""Sun is Gone 800""",D-76,stock,800,11.0,9.35,9.9
"gufa's ""White Snow 125""",D-76,stock,125,5.5,4.67,4.95
Holga 400,Acufine,stock,400,6.0,5.1,5.4
Holga 400,Atomal 49,1+1,400,13.0,11.05,11.7
Holga 400,Atomal 49,1+2,400,17.0,14.45,15.3
Holga 400,Caffenol C,stock,320,40.0,34.0,36.0
Holga 400,Caffenol C-L,stock,400,35.0,29.75,31.5
Holga 400,Caffenol C-M (+i),stock,400,15.0,12.75,13.5
Holga 400,D-76,1+1,800,17.0,14.45,15.3
Holga 400,D-76,stock,1600,20.0,17.0,18.0
Holga 400,DS-10,1+1,400,13.0,11.05,11.7
Holga 400,Eco Pro,1+1,400,9.5,8.07,8.55
Holga 400,Eco Pro,stock,400,7.0,5.95,6.3
Holga 400,FD10,1+9,400,10.0,8.5,9.0
Holga 400,Foma W-17 Hydrofen,stock,1600,10.0,8.5,9.0
Holga 400,Fomadon Excel,1+1,400,15.0,12.75,13.5
Holga 400,Fomadon P,1+3,400,22.0,18.7,19.8
Holga 400,Fomadon R09,1+25,400,6.0,5.1,5.4
Holga 400,Fomadon R09,1+50,400,12.0,10.2,10.8
Holga 400,FX-4,1+3,400,18.0,15.3,16.2
Holga 400,HC-110,B,1600,13.0,11.05,11.7
Holga 400,HC-110,B,320,6.0,5.1,5.4
Holga 400,HC-110,B,400,7.0,5.95,6.3
Holga 400,HC-110,E,240,7.5,6.38,6.75
Holga 400,HC-110,H,400,13.0,11.05,11.7
Holga 400,ID-11,1+1,800,17.0,14.45,15.3
Holga 400,Ilfosol 3,1+9,400,8.5,7.22,7.65
Holga 400,Ilfotec DD-X,1+9,400,12.0,10.2,10.8
Holga 400,Ilfotec LC29,1+29,200,7.0,5.95,6.3
Holga 400,Ilfotec LC29,1+29,400,9.0,7.65,8.1
Holga 400,Marathon,1+9,100,6.5,5.52,5.85
Holga 400,Microdol-X,1+3,400,32.0,27.2,28.8
Holga 400,Microdol-X,stock,400,15.0,12.75,13.5
Holga 400,PMK,1+2+100,400,13.0,11.05,11.7
Holga 400,Promicrol,1+14,800,15.0,12.75,13.5
Holga 400,Rodinal,1+100,400,120.0,102.0,108.0
Holga 400,Rodinal,1+25,3200,25.0,21.25,22.5
Holga 400,Rodinal,1+25,400,5.5,4.67,4.95
Holga 400,Rodinal,1+50,1600,24.0,20.4,21.6
Holga 400,Rodinal,1+50,200,11.0,9.35,9.9
Holga 400,Rodinal,1+50,3200,52.0,44.2,46.8
Holga 400,Rodinal,1+50,400,11.0,9.35,9.9
Holga 400,Rodinal,1+50,800,19.0,16.15,17.1
Holga 400,Romek PQ7,1+3,1600,25.0,21.25,22.5
Holga 400,Romek PQ7,1+3,400,12.5,10.62,11.25
Holga 400,Silberra Ascorol,1+29,400,8.0,6.8,7.2
Holga 400,Sprint Standard,1+9,400,12.0,10.2,10.8
Holga 400,TMax RS,stock,400,8.0,6.8,7.2
Holga 400,Ultrafin,1+20,400,15.0,12.75,13.5
Holga 400,XT-3,1+1,400,9.5,8.07,8.55
Holga 400,XT-3,stock,400,7.0,5.95,6.3
Holga 400,Xtol,1+1,400,9.5,8.07,8.55
Holga 400,Xtol,stock,400,7.0,5.95,6.3
Ilford Delta 100 Pro,510-Pyro,1+100,100,11.0,9.35,9.9
Ilford Delta 100 Pro,510-Pyro,1+100,100,14.5,12.32,13.05
Ilford Delta 100 Pro,Acufine,stock,200,5.5,4.67,4.95
Ilford Delta 100 Pro,Acurol-N,1+100,64,31.0,26.35,27.9
Ilford Delta 100 Pro,Acurol-N,1+35,40,5.5,4.67,4.95
Ilford Delta 100 Pro,Acurol-N,1+70,50,10.0,8.5,9.0
Ilford Delta 100 Pro,Adox HR-DEV,1+40,100,10.0,8.5,9.0
Ilford Delta 100 Pro,ADX II,1+24,100,6.5,5.52,5.85
Ilford Delta 100 Pro,Amaloco AM74,1+7,100,4.0,3.4,3.6
Ilford Delta 100 Pro,Amaloco AM74,1+7,200,6.0,5.1,5.4
Ilford Delta 100 Pro,Arista® Liquid,1+9,100,7.0,5.95,6.3
Ilford Delta 100 Pro,Arista® Liquid,1+9,50,6.0,5.1,5.4
Ilford Delta 100 Pro,Arista® Premium,1+9,100,7.0,5.95,6.3
Ilford Delta 100 Pro,Ars-Imago FD,1+39,50,4.5,3.82,4.05
Ilford Delta 100 Pro,Ars-Imago FD,1+59,100,5.75,4.89,5.17
Ilford Delta 100 Pro,Ars-Imago FD,1+59,160,8.0,6.8,7.2
Ilford Delta 100 Pro,Ars-Imago FE,1+1,100,8.0,6.8,7.2
Ilford Delta 100 Pro,Ars-Imago FE,1+1,200,9.5,8.07,8.55
Ilford Delta 100 Pro,Ars-Imago FE,1+1,50,6.5,5.52,5.85
Ilford Delta 100 Pro,Atomal 49,stock,100,6.25,5.31,5.62
Ilford Delta 100 Pro,Bellini FX6a Monobath,stock,100,18.0,15.3,16.2
Ilford Delta 100 Pro,Bellini Hydrofen,1+15,160,3.5,2.98,3.15
Ilford Delta 100 Pro,Berspeed,1+1,100,10.0,8.5,9.0
Ilford Delta 100 Pro,Beutler,1+1+10,64,14.0,11.9,12.6
Ilford Delta 100 Pro,Black/White & Green,1+49,100,13.0,11.05,11.7
Ilford Delta 100 Pro,BW-TNEG,1+6,100,5.5,4.67,4.95
Ilford Delta 100 Pro,Cawanol,stock,100,17.0,14.45,15.3
Ilford Delta 100 Pro,D-19,1+1,100,6.0,5.1,5.4
Ilford Delta 100 Pro,D-23,1+1,100,10.0,8.5,9.0
Ilford Delta 100 Pro,D-23,1+1,200,13.0,11.05,11.7
Ilford Delta 100 Pro,D-23,1+3,100,15.5,13.17,13.95
Ilford Delta 100 Pro,D-23,stock,100,7.0,5.95,6.3
Ilford Delta 100 Pro,D-76,1+1,10,4.5,3.82,4.05
Ilford Delta 100 Pro,D-76,1+1,100,11.0,9.35,9.9
Ilford Delta 100 Pro,D-76,1+1,200,13.0,11.05,11.7
Ilford Delta 100 Pro,D-76,1+1,400,14.5,12.32,13.05
Ilford Delta 100 Pro,D-76,1+1,50,10.0,8.5,9.0
Ilford Delta 100 Pro,D-76,1+3,100,20.0,17.0,18.0
Ilford Delta 100 Pro,D-76,1+3,400,12.0,10.2,10.8
Ilford Delta 100 Pro,D-76,1+3,50,15.0,12.75,13.5
Ilford Delta 100 Pro,D-76,stock,100,8.5,7.22,7.65
Ilford Delta 100 Pro,D-76,stock,140,13.0,11.05,11.7
Ilford Delta 100 Pro,D-76,stock,200,10.5,8.92,9.45
Ilford Delta 100 Pro,D-76,stock,50,7.0,5.95,6.3
Ilford Delta 100 Pro,D-76,stock,800,14.0,11.9,12.6
Ilford Delta 100 Pro,D-96,stock,100,8.0,6.8,7.2
Ilford Delta 100 Pro,DK-76,1+3,100,17.5,14.88,15.75
Ilford Delta 100 Pro,Eco Pro,1+1,100,10.5,8.92,9.45
Ilford Delta 100 Pro,Eco Pro,1+1,200,12.0,10.2,10.8
Ilford Delta 100 Pro,Eco Pro,1+1,25,9.0,7.65,8.1
Ilford Delta 100 Pro,Eco Pro,1+1,400,14.0,11.9,12.6
Ilford Delta 100 Pro,Eco Pro,1+1,50,9.0,7.65,8.1
Ilford Delta 100 Pro,Eco Pro,1+1,800,16.75,14.24,15.08
Ilford Delta 100 Pro,Eco Pro,1+2,100,13.0,11.05,11.7
Ilford Delta 100 Pro,Eco Pro,1+2,200,15.0,12.75,13.5
Ilford Delta 100 Pro,Eco Pro,1+2,25,11.0,9.35,9.9
Ilford Delta 100 Pro,Eco Pro,1+2,400,17.5,14.88,15.75
Ilford Delta 100 Pro,Eco Pro,1+2,50,11.0,9.35,9.9
Ilford Delta 100 Pro,Eco Pro,1+2,800,21.5,18.27,19.35
Ilford Delta 100 Pro,Eco Pro,1+3,100,15.5,13.17,13.95
Ilford Delta 100 Pro,Eco Pro,1+3,200,17.5,14.88,15.75
Ilford Delta 100 Pro,Eco Pro,1+3,25,13.5,11.47,12.15
Ilford Delta 100 Pro,Eco Pro,1+3,400,20.5,17.43,18.45
Ilford Delta 100 Pro,Eco Pro,1+3,50,13.5,11.47,12.15
Ilford Delta 100 Pro,Eco Pro,1+3,800,24.25,20.61,21.82
Ilford Delta 100 Pro,Eco Pro,stock,100,8.0,6.8,7.2
Ilford Delta 100 Pro,Eco Pro,stock,200,9.5,8.07,8.55
Ilford Delta 100 Pro,Eco Pro,stock,25,6.75,5.74,6.08
Ilford Delta 100 Pro,Eco Pro,stock,400,11.5,9.78,10.35
Ilford Delta 100 Pro,Eco Pro,stock,50,6.75,5.74,6.08
Ilford Delta 100 Pro,Eco Pro,stock,800,14.5,12.32,13.05
Ilford Delta 100 Pro,F76+,1+14,100,9.5,8.07,8.55
Ilford Delta 100 Pro,F76+,1+14,50,6.0,5.1,5.4
Ilford Delta 100 Pro,F76+,1+9,100,6.5,5.52,5.85
Ilford Delta 100 Pro,F76+,1+9,50,5.5,4.67,4.95
Ilford Delta 100 Pro,FA-1027,1+14,100,9.0,7.65,8.1
Ilford Delta 100 Pro,FA-1027,1+9,100,6.5,5.52,5.85
Ilford Delta 100 Pro,FD10,1+14,100,13.0,11.05,11.7
Ilford Delta 100 Pro,FD10,1+9,100,7.0,5.95,6.3
Ilford Delta 100 Pro,Fomadon Excel,stock,100,8.0,6.8,7.2
Ilford Delta 100 Pro,Fomadon LQN,1+10,100,8.0,6.8,7.2
Ilford Delta 100 Pro,Fomadon P,stock,100,10.0,8.5,9.0
Ilford Delta 100 Pro,Fomadon R09,1+25,100,9.0,7.65,8.1
Ilford Delta 100 Pro,Fomadon R09,1+50,100,16.0,13.6,14.4
Ilford Delta 100 Pro,FX-19,stock,100,9.0,7.65,8.1
Ilford Delta 100 Pro,FX-2,1+1+8,64,13.25,11.26,11.93
Ilford Delta 100 Pro,FX-37,1+3,100,8.25,7.01,7.42
Ilford Delta 100 Pro,FX-37,1+3,160,7.5,6.38,6.75
Ilford Delta 100 Pro,FX-37,1+5,200,7.5,6.38,6.75
Ilford Delta 100 Pro,FX-39,1+19,100,14.0,11.9,12.6
Ilford Delta 100 Pro,FX-39,1+9,100,7.0,5.95,6.3
Ilford Delta 100 Pro,FX-55,1+9,100,10.0,8.5,9.0
Ilford Delta 100 Pro,HC-110,1+39,100,7.0,5.95,6.3
Ilford Delta 100 Pro,HC-110,B,100,6.0,5.1,5.4
Ilford Delta 100 Pro,HC-110,B,200,8.0,6.8,7.2
Ilford Delta 100 Pro,HC-110,B,400,12.0,10.2,10.8
Ilford Delta 100 Pro,HC-110,B,50,5.0,4.25,4.5
Ilford Delta 100 Pro,HC-110,D,100,7.0,5.95,6.3
Ilford Delta 100 Pro,HC-110,E,100,7.5,6.38,6.75
Ilford Delta 100 Pro,HC-110,E,200,10.0,8.5,9.0
Ilford Delta 100 Pro,HC-110,E,50,5.5,4.67,4.95
Ilford Delta 100 Pro,HC-110,G,100,24.0,20.4,21.6
Ilford Delta 100 Pro,ID-11,1+1,10,4.5,3.82,4.05
Ilford Delta 100 Pro,ID-11,1+1,100,11.0,9.35,9.9
Ilford Delta 100 Pro,ID-11,1+1,200,13.0,11.05,11.7
Ilford Delta 100 Pro,ID-11,1+1,400,14.5,12.32,13.05
Ilford Delta 100 Pro,ID-11,1+1,50,10.0,8.5,9.0
Ilford Delta 100 Pro,ID-11,1+3,100,20.0,17.0,18.0
Ilford Delta 100 Pro,ID-11,1+3,400,12.0,10.2,10.8
Ilford Delta 100 Pro,ID-11,1+3,50,15.0,12.75,13.5
Ilford Delta 100 Pro,ID-11,stock,100,8.5,7.22,7.65
Ilford Delta 100 Pro,ID-11,stock,200,10.5,8.92,9.45
Ilford Delta 100 Pro,ID-11,stock,50,7.0,5.95,6.3
Ilford Delta 100 Pro,ID-11,stock,800,14.0,11.9,12.6
Ilford Delta 100 Pro,Ilfosol 3,1+14,100,7.5,6.38,6.75
Ilford Delta 100 Pro,Ilfosol 3,1+9,100,5.0,4.25,4.5
Ilford Delta 100 Pro,Ilfosol 3,1+9,200,7.5,6.38,6.75
Ilford Delta 100 Pro,Ilfosol 3,1+9,400,11.0,9.35,9.9
Ilford Delta 100 Pro,Ilfotec DD,stock,100,13.0,11.05,11.7
Ilford Delta 100 Pro,Ilfotec DD-X,1+4,100,10.5,8.92,9.45
Ilford Delta 100 Pro,Ilfotec DD-X,1+4,100,12.0,10.2,10.8
Ilford Delta 100 Pro,Ilfotec DD-X,1+4,200,12.0,10.2,10.8
Ilford Delta 100 Pro,Ilfotec DD-X,1+4,400,23.0,19.55,20.7
Ilford Delta 100 Pro,Ilfotec DD-X,1+4,50,8.0,6.8,7.2
Ilford Delta 100 Pro,Ilfotec DD-X,1+9,50,10.75,9.14,9.68
Ilford Delta 100 Pro,Ilfotec HC,1+31,100,6.0,5.1,5.4
Ilford Delta 100 Pro,Ilfotec HC,1+31,200,8.0,6.8,7.2
Ilford Delta 100 Pro,Ilfotec HC,1+31,50,5.0,4.25,4.5
Ilford Delta 100 Pro,Ilfotec HC,1+47,100,7.5,6.38,6.75
Ilford Delta 100 Pro,Ilfotec HC,1+47,200,10.0,8.5,9.0
Ilford Delta 100 Pro,Ilfotec HC,1+47,50,5.5,4.67,4.95
Ilford Delta 100 Pro,Ilfotec HC,1+63,100,12.0,10.2,10.8
Ilford Delta 100 Pro,Ilfotec LC29,1+19,100,6.0,5.1,5.4
Ilford Delta 100 Pro,Ilfotec LC29,1+19,200,8.0,6.8,7.2
Ilford Delta 100 Pro,Ilfotec LC29,1+19,50,5.0,4.25,4.5
Ilford Delta 100 Pro,Ilfotec LC29,1+19,800,14.0,11.9,12.6
Ilford Delta 100 Pro,Ilfotec LC29,1+29,100,7.5,6.38,6.75
Ilford Delta 100 Pro,Ilfotec LC29,1+29,200,10.0,8.5,9.0
Ilford Delta 100 Pro,Ilfotec LC29,1+29,50,5.5,4.67,4.95
Ilford Delta 100 Pro,Kalogen,1+75,100,9.0,7.65,8.1
Ilford Delta 100 Pro,Marathon,1+9,100,6.0,5.1,5.4
Ilford Delta 100 Pro,Microdol-X,1+3,100,22.0,18.7,19.8
Ilford Delta 100 Pro,Microdol-X,1+3,50,16.0,13.6,14.4
Ilford Delta 100 Pro,Microdol-X,stock,100,15.0,12.75,13.5
Ilford Delta 100 Pro,Microdol-X,stock,50,12.0,10.2,10.8
Ilford Delta 100 Pro,Microphen,1+1,100,10.0,8.5,9.0
Ilford Delta 100 Pro,Microphen,1+1,200,14.0,11.9,12.6
Ilford Delta 100 Pro,Microphen,1+3,100,14.0,11.9,12.6
Ilford Delta 100 Pro,Microphen,1+3,200,20.0,17.0,18.0
Ilford Delta 100 Pro,Microphen,stock,100,6.5,5.52,5.85
Ilford Delta 100 Pro,Microphen,stock,200,8.0,6.8,7.2
Ilford Delta 100 Pro,Microphen,stock,400,10.0,8.5,9.0
Ilford Delta 100 Pro,Mocon,1+64,100,12.25,10.41,11.03
Ilford Delta 100 Pro,Moersch eco,2+1+60,80,8.25,7.01,7.42
Ilford Delta 100 Pro,Neofin Blue,1+5,125,8.0,6.8,7.2
Ilford Delta 100 Pro,Neofin Blue,1+9,125,10.0,8.5,9.0
Ilford Delta 100 Pro,Neofin Blue,stock,100,7.0,5.95,6.3
Ilford Delta 100 Pro,Neopress HC,1+15,100,2.5,2.12,2.25
Ilford Delta 100 Pro,Neopress HC,1+15,100,3.0,2.55,2.7
Ilford Delta 100 Pro,Neopress HC,1+31,100,4.0,3.4,3.6
Ilford Delta 100 Pro,Nucleol BF200,20+15+965,100,11.0,9.35,9.9
Ilford Delta 100 Pro,Nucleol BF200,20+15+965,80,9.0,7.65,8.1
Ilford Delta 100 Pro,Ornano Gradual ST20,1+9,100,9.0,7.65,8.1
Ilford Delta 100 Pro,Ornano Gradual ST20,1+9,80,8.0,6.8,7.2
Ilford Delta 100 Pro,Paranol S,1+25,100,14.0,11.9,12.6
Ilford Delta 100 Pro,Paranol S,1+50,100,40.0,34.0,36.0
Ilford Delta 100 Pro,Parvofin,stock,100,4.25,3.61,3.83
Ilford Delta 100 Pro,PC-TEA,1+50,100,10.0,8.5,9.0
Ilford Delta 100 Pro,Perceptol,1+1,100,17.0,14.45,15.3
Ilford Delta 100 Pro,Perceptol,1+1,50,13.0,11.05,11.7
Ilford Delta 100 Pro,Perceptol,1+3,100,22.0,18.7,19.8
Ilford Delta 100 Pro,Perceptol,1+3,50,16.0,13.6,14.4
Ilford Delta 100 Pro,Perceptol,stock,100,15.0,12.75,13.5
Ilford Delta 100 Pro,Perceptol,stock,25,9.0,7.65,8.1
Ilford Delta 100 Pro,Perceptol,stock,50,12.0,10.2,10.8
Ilford Delta 100 Pro,PQ Universal,1+19,80,4.0,3.4,3.6
Ilford Delta 100 Pro,Promicrol,1+14,150,12.0,10.2,10.8
Ilford Delta 100 Pro,Promicrol,1+14,200,12.0,10.2,10.8
Ilford Delta 100 Pro,Promicrol,1+9,150,8.0,6.8,7.2
Ilford Delta 100 Pro,Promicrol,1+9,200,8.0,6.8,7.2
Ilford Delta 100 Pro,Pyrocat-HD,1+1+100,100,16.0,13.6,14.4
Ilford Delta 100 Pro,Pyrocat-HD,1+1+100,100,45.0,38.25,40.5
Ilford Delta 100 Pro,Rodinal,1+100,100,18.0,15.3,16.2
Ilford Delta 100 Pro,Rodinal,1+25,100,9.0,7.65,8.1
Ilford Delta 100 Pro,Rodinal,1+25,50,7.0,5.95,6.3
Ilford Delta 100 Pro,Rodinal,1+50,100,14.0,11.9,12.6
Ilford Delta 100 Pro,Rodinal,1+50,125,16.0,13.6,14.4
Ilford Delta 100 Pro,Rodinal,1+50,200,18.0,15.3,16.2
Ilford Delta 100 Pro,Rodinal,1+50,50,10.0,8.5,9.0
Ilford Delta 100 Pro,Rollei D74,1+15,100,7.0,5.95,6.3
Ilford Delta 100 Pro,Rollei D74,1+9,100,5.0,4.25,4.5
Ilford Delta 100 Pro,Silberra Ascorol,1+29,100,8.0,6.8,7.2
Ilford Delta 100 Pro,SP-76EC,1+10,100,7.0,5.95,6.3
Ilford Delta 100 Pro,SP-Ultra 4LF,1+9,125,6.5,5.52,5.85
Ilford Delta 100 Pro,SPD,1+1,100,7.0,5.95,6.3
Ilford Delta 100 Pro,SPD,stock,100,5.0,4.25,4.5
Ilford Delta 100 Pro,SPD,stock,200,8.0,6.8,7.2
Ilford Delta 100 Pro,Sprint Standard,1+9,100,8.5,7.22,7.65
Ilford Delta 100 Pro,Spur NHC,1+15,125,8.0,6.8,7.2
Ilford Delta 100 Pro,Spur NHC,1+15,160,9.5,8.07,8.55
Ilford Delta 100 Pro,Spur NHC,1+19,100,7.5,6.38,6.75
Ilford Delta 100 Pro,Spur PXD,1+19,100,7.0,5.95,6.3
Ilford Delta 100 Pro,Spur SD 2525,1+12,80,5.0,4.25,4.5
Ilford Delta 100 Pro,Spur SHADOWmax,1+5+44,100,7.5,6.38,6.75
Ilford Delta 100 Pro,Spur SHADOWmax,1+5+44,100,9.0,7.65,8.1
Ilford Delta 100 Pro,Spur SLD,1+24,160,9.5,8.07,8.55
Ilford Delta 100 Pro,Spur SLD,1+9,160,4.0,3.4,3.6
Ilford Delta 100 Pro,Spur Speed-Major,1+14,400,14.0,11.9,12.6
Ilford Delta 100 Pro,Spur Speed-Major,1+20,320,12.0,10.2,10.8
Ilford Delta 100 Pro,Spur Speed-Major,1+20,640,12.0,10.2,10.8
Ilford Delta 100 Pro,Spur Speed-Major,1+27,200,9.0,7.65,8.1
Ilford Delta 100 Pro,Spur Speed-Major,1+35,100,7.0,5.95,6.3
Ilford Delta 100 Pro,Spur Speed-Major,1+7,1000,15.0,12.75,13.5
Ilford Delta 100 Pro,Spur Speed-Major,1+7,1250,15.0,12.75,13.5
Ilford Delta 100 Pro,Spur Speed-Major,1+9,800,13.0,11.05,11.7
Ilford Delta 100 Pro,Spur TRX 2000,1+40,100,10.0,8.5,9.0
Ilford Delta 100 Pro,Spur UFP,1+30,80,8.0,6.8,7.2
Ilford Delta 100 Pro,Studional,1+15,160,3.5,2.98,3.15
Ilford Delta 100 Pro,Suprol,1+19,100,2.75,2.34,2.48
Ilford Delta 100 Pro,Tanol,1+1+100,125,13.0,11.05,11.7
Ilford Delta 100 Pro,Tanol,1+1+100,80,12.5,10.62,11.25
Ilford Delta 100 Pro,TMax Dev,1+4,100,7.0,5.95,6.3
Ilford Delta 100 Pro,TMax Dev,1+4,200,8.0,6.8,7.2
Ilford Delta 100 Pro,TMax Dev,1+4,50,6.0,5.1,5.4
Ilford Delta 100 Pro,Ultrafin,1+20,100,10.0,8.5,9.0
Ilford Delta 100 Pro,Ultrafin,1+20,200,12.0,10.2,10.8
Ilford Delta 100 Pro,Ultrafin T-Plus,1+4,100,6.75,5.74,6.08
Ilford Delta 100 Pro,Ultrafine Endurance,1+9,100,6.0,5.1,5.4
Ilford Delta 100 Pro,Ultrafine Liquid,1+2,100,9.0,7.65,8.1
Ilford Delta 100 Pro,Ultrafine Liquid,1+4,100,12.0,10.2,10.8
Ilford Delta 100 Pro,Ultrafine Powder,1+1,100,12.0,10.2,10.8
Ilford Delta 100 Pro,WD2D+,stock,100,7.0,5.95,6.3
Ilford Delta 100 Pro,XT-3,1+1,100,10.5,8.92,9.45
Ilford Delta 100 Pro,XT-3,1+1,200,12.0,10.2,10.8
Ilford Delta 100 Pro,XT-3,1+1,25,9.0,7.65,8.1
Ilford Delta 100 Pro,XT-3,1+1,400,14.0,11.9,12.6
Ilford Delta 100 Pro,XT-3,1+1,50,9.0,7.65,8.1
Ilford Delta 100 Pro,XT-3,1+1,800,16.75,14.24,15.08
Ilford Delta 100 Pro,XT-3,1+2,100,13.0,11.05,11.7
Ilford Delta 100 Pro,XT-3,1+2,200,15.0,12.75,13.5
Ilford Delta 100 Pro,XT-3,1+2,25,11.0,9.35,9.9
Ilford Delta 100 Pro,XT-3,1+2,400,17.5,14.88,15.75
Ilford Delta 100 Pro,XT-3,1+2,50,11.0,9.35,9.9
Ilford Delta 100 Pro,XT-3,1+2,800,21.5,18.27,19.35
Ilford Delta 100 Pro,XT-3,1+3,100,15.5,13.17,13.95
Ilford Delta 100 Pro,XT-3,1+3,200,17.5,14.88,15.75
Ilford Delta 100 Pro,XT-3,1+3,25,13.5,11.47,12.15
Ilford Delta 100 Pro,XT-3,1+3,400,20.5,17.43,18.45
Ilford Delta 100 Pro,XT-3,1+3,50,13.5,11.47,12.15
Ilford Delta 100 Pro,XT-3,1+3,800,24.25,20.61,21.82
Ilford Delta 100 Pro,XT-3,stock,100,8.0,6.8,7.2
Ilford Delta 100 Pro,XT-3,stock,200,9.5,8.07,8.55
Ilford Delta 100 Pro,XT-3,stock,25,6.75,5.74,6.08
Ilford Delta 100 Pro,XT-3,stock,400,11.5,9.78,10.35
Ilford Delta 100 Pro,XT-3,stock,50,6.75,5.74,6.08
Ilford Delta 100 Pro,XT-3,stock,800,14.5,12.32,13.05
Ilford Delta 100 Pro,Xtol,1+1,100,10.5,8.92,9.45
Ilford Delta 100 Pro,Xtol,1+1,200,12.0,10.2,10.8
Ilford Delta 100 Pro,Xtol,1+1,25,9.0,7.65,8.1
Ilford Delta 100 Pro,Xtol,1+1,400,14.0,11.9,12.6
Ilford Delta 100 Pro,Xtol,1+1,50,9.0,7.65,8.1
Ilford Delta 100 Pro,Xtol,1+1,800,16.75,14.24,15.08
Ilford Delta 100 Pro,Xtol,1+2,100,13.0,11.05,11.7
Ilford Delta 100 Pro,Xtol,1+2,200,15.0,12.75,13.5
Ilford Delta 100 Pro,Xtol,1+2,25,11.0,9.35,9.9
Ilford Delta 100 Pro,Xtol,1+2,400,17.5,14.88,15.75
Ilford Delta 100 Pro,Xtol,1+2,50,11.0,9.35,9.9
Ilford Delta 100 Pro,Xtol,1+2,800,21.5,18.27,19.35
Ilford Delta 100 Pro,Xtol,1+3,100,15.5,13.17,13.95
Ilford Delta 100 Pro,Xtol,1+3,200,17.5,14.88,15.75
Ilford Delta 100 Pro,Xtol,1+3,25,13.5,11.47,12.15
Ilford Delta 100 Pro,Xtol,1+3,400,20.5,17.43,18.45
Ilford Delta 100 Pro,Xtol,1+3,50,13.5,11.47,12.15
Ilford Delta 100 Pro,Xtol,1+3,800,24.25,20.61,21.82
Ilford Delta 100 Pro,Xtol,stock,100,8.0,6.8,7.2
Ilford Delta 100 Pro,Xtol,stock,200,9.5,8.07,8.55
Ilford Delta 100 Pro,Xtol,stock,25,6.75,5.74,6.08
Ilford Delta 100 Pro,Xtol,stock,400,11.5,9.78,10.35
Ilford Delta 100 Pro,Xtol,stock,50,6.75,5.74,6.08
Ilford Delta 100 Pro,Xtol,stock,800,14.5,12.32,13.05
Ilford Delta 3200 Pro,510-Pyro,1+100,1600,13.5,11.47,12.15
Ilford Delta 3200 Pro,510-Pyro,1+100,3200,23.0,19.55,20.7
Ilford Delta 3200 Pro,510-Pyro,1+100,800,11.0,9.35,9.9
Ilford Delta 3200 Pro,Acurol-N,1+100,400,31.0,26.35,27.9
Ilford Delta 3200 Pro,Acurol-N,1+24,25,15.0,12.75,13.5
Ilford Delta 3200 Pro,Acurol-N,1+50,320,10.5,8.92,9.45
Ilford Delta 3200 Pro,Acurol-N,1+50,320,11.5,9.78,10.35
Ilford Delta 3200 Pro,Adox HR-DEV,1+20,800,13.0,11.05,11.7
Ilford Delta 3200 Pro,ADX II,1+24,800,16.0,13.6,14.4
Ilford Delta 3200 Pro,Amaloco AM74,1+7,1600,9.5,8.07,8.55
Ilford Delta 3200 Pro,Amaloco AM74,1+7,3200,10.5,8.92,9.45
Ilford Delta 3200 Pro,Amaloco AM74,1+7,400,6.0,5.1,5.4
Ilford Delta 3200 Pro,Amaloco AM74,1+7,6400,13.0,11.05,11.7
Ilford Delta 3200 Pro,Amaloco AM74,1+7,800,7.0,5.95,6.3
Ilford Delta 3200 Pro,Ars-Imago FD,1+19,1600,8.5,7.22,7.65
Ilford Delta 3200 Pro,Ars-Imago FD,1+19,3200,6.0,5.1,5.4
Ilford Delta 3200 Pro,Ars-Imago FE,1+1,1600,11.0,9.35,9.9
Ilford Delta 3200 Pro,Ars-Imago FE,1+1,3200,13.0,11.05,11.7
Ilford Delta 3200 Pro,Atomal 49,1+1,1600,14.0,11.9,12.6
Ilford Delta 3200 Pro,Atomal 49,stock,3200,17.0,14.45,15.3
Ilford Delta 3200 Pro,Bellini Hydrofen,1+15,1250,6.0,5.1,5.4
Ilford Delta 3200 Pro,Bellini Hydrofen,1+19,3200,8.0,6.8,7.2
Ilford Delta 3200 Pro,Bellini Hydrofen,1+39,3200,18.5,15.72,16.65
Ilford Delta 3200 Pro,Berspeed,1+1,1600,16.0,13.6,14.4
Ilford Delta 3200 Pro,Berspeed,1+1,3200,18.0,15.3,16.2
Ilford Delta 3200 Pro,Berspeed,1+1,800,14.0,11.9,12.6
Ilford Delta 3200 Pro,Black/White & Green,1+49,3200,14.0,11.9,12.6
Ilford Delta 3200 Pro,D-76,1+1,1000,11.0,9.35,9.9
Ilford Delta 3200 Pro,D-76,1+1,3200,12.0,10.2,10.8
Ilford Delta 3200 Pro,D-76,1+1,400,9.5,8.07,8.55
Ilford Delta 3200 Pro,D-76,1+1,6400,26.0,22.1,23.4
Ilford Delta 3200 Pro,D-76,stock,100,5.5,4.67,4.95
Ilford Delta 3200 Pro,D-76,stock,12500,17.0,14.45,15.3
Ilford Delta 3200 Pro,D-76,stock,1600,9.5,8.07,8.55
Ilford Delta 3200 Pro,D-76,stock,3200,10.5,8.92,9.45
Ilford Delta 3200 Pro,D-76,stock,400,7.0,5.95,6.3
Ilford Delta 3200 Pro,D-76,stock,6400,13.0,11.05,11.7
Ilford Delta 3200 Pro,D-76,stock,800,8.0,6.8,7.2
Ilford Delta 3200 Pro,D-96,stock,1600,9.0,7.65,8.1
Ilford Delta 3200 Pro,D-96,stock,3200,10.0,8.5,9.0
Ilford Delta 3200 Pro,Eco Pro,stock,12500,12.5,10.62,11.25
Ilford Delta 3200 Pro,Eco Pro,stock,1600,6.5,5.52,5.85
Ilford Delta 3200 Pro,Eco Pro,stock,3200,7.5,6.38,6.75
Ilford Delta 3200 Pro,Eco Pro,stock,400,5.0,4.25,4.5
Ilford Delta 3200 Pro,Eco Pro,stock,6400,10.0,8.5,9.0
Ilford Delta 3200 Pro,Eco Pro,stock,800,6.0,5.1,5.4
Ilford Delta 3200 Pro,F76+,1+9,3200,10.0,8.5,9.0
Ilford Delta 3200 Pro,FD10,1+14,3200,14.0,11.9,12.6
Ilford Delta 3200 Pro,FD10,1+9,3200,11.0,9.35,9.9
Ilford Delta 3200 Pro,Foma W-17 Hydrofen,stock,3200,8.0,6.8,7.2
Ilford Delta 3200 Pro,FX-19,stock,100,11.0,9.35,9.9
Ilford Delta 3200 Pro,FX-39,1+5,12500,15.0,12.75,13.5
Ilford Delta 3200 Pro,FX-39,1+5,1600,9.0,7.65,8.1
Ilford Delta 3200 Pro,FX-39,1+5,3200,11.0,9.35,9.9
Ilford Delta 3200 Pro,FX-39,1+5,6400,13.0,11.05,11.7
Ilford Delta 3200 Pro,FX-55,1+9,3200,12.5,10.62,11.25
Ilford Delta 3200 Pro,HC-110,A,1600,5.0,4.25,4.5
Ilford Delta 3200 Pro,HC-110,A,3200,8.0,6.8,7.2
Ilford Delta 3200 Pro,HC-110,A,6400,13.0,11.05,11.7
Ilford Delta 3200 Pro,HC-110,A,800,4.5,3.82,4.05
Ilford Delta 3200 Pro,HC-110,B,1600,9.0,7.65,8.1
Ilford Delta 3200 Pro,HC-110,B,3200,14.5,12.32,13.05
Ilford Delta 3200 Pro,HC-110,B,400,6.0,5.1,5.4
Ilford Delta 3200 Pro,HC-110,B,800,7.5,6.38,6.75
Ilford Delta 3200 Pro,ID-11,1+1,1000,11.0,9.35,9.9
Ilford Delta 3200 Pro,ID-11,stock,100,5.5,4.67,4.95
Ilford Delta 3200 Pro,ID-11,stock,12500,17.0,14.45,15.3
Ilford Delta 3200 Pro,ID-11,stock,1600,9.5,8.07,8.55
Ilford Delta 3200 Pro,ID-11,stock,3200,10.5,8.92,9.45
Ilford Delta 3200 Pro,ID-11,stock,400,7.0,5.95,6.3
Ilford Delta 3200 Pro,ID-11,stock,6400,13.0,11.05,11.7
Ilford Delta 3200 Pro,ID-11,stock,800,8.0,6.8,7.2
Ilford Delta 3200 Pro,Ilfosol 3,1+14,1600,15.5,13.17,13.95
Ilford Delta 3200 Pro,Ilfosol 3,1+14,3200,17.0,14.45,15.3
Ilford Delta 3200 Pro,Ilfosol 3,1+14,400,11.0,9.35,9.9
Ilford Delta 3200 Pro,Ilfosol 3,1+14,6400,23.0,19.55,20.7
Ilford Delta 3200 Pro,Ilfosol 3,1+14,800,13.0,11.05,11.7
Ilford Delta 3200 Pro,Ilfosol 3,1+9,1000,9.25,7.86,8.33
Ilford Delta 3200 Pro,Ilfosol 3,1+9,1600,10.0,8.5,9.0
Ilford Delta 3200 Pro,Ilfosol 3,1+9,3200,11.0,9.35,9.9
Ilford Delta 3200 Pro,Ilfosol 3,1+9,400,6.0,5.1,5.4
Ilford Delta 3200 Pro,Ilfosol 3,1+9,6400,18.0,15.3,16.2
Ilford Delta 3200 Pro,Ilfosol 3,1+9,800,7.5,6.38,6.75
Ilford Delta 3200 Pro,Ilfotec DD,stock,3200,12.5,10.62,11.25
Ilford Delta 3200 Pro,Ilfotec DD-X,1+4,12500,17.0,14.45,15.3
Ilford Delta 3200 Pro,Ilfotec DD-X,1+4,1600,8.0,6.8,7.2
Ilford Delta 3200 Pro,Ilfotec DD-X,1+4,25000,25.0,21.25,22.5
Ilford Delta 3200 Pro,Ilfotec DD-X,1+4,3200,9.5,8.07,8.55
Ilford Delta 3200 Pro,Ilfotec DD-X,1+4,400,6.0,5.1,5.4
Ilford Delta 3200 Pro,Ilfotec DD-X,1+4,6400,12.5,10.62,11.25
Ilford Delta 3200 Pro,Ilfotec DD-X,1+4,800,7.0,5.95,6.3
Ilford Delta 3200 Pro,Ilfotec DD-X,1+9,1600,20.0,17.0,18.0
Ilford Delta 3200 Pro,Ilfotec DD-X,1+9,1600,10.75,9.14,9.68
Ilford Delta 3200 Pro,Ilfotec DD-X,1+9,800,13.0,11.05,11.7
Ilford Delta 3200 Pro,Ilfotec HC,1+15,1600,5.0,4.25,4.5
Ilford Delta 3200 Pro,Ilfotec HC,1+15,3200,8.0,6.8,7.2
Ilford Delta 3200 Pro,Ilfotec HC,1+15,6400,13.0,11.05,11.7
Ilford Delta 3200 Pro,Ilfotec HC,1+15,800,4.5,3.82,4.05
Ilford Delta 3200 Pro,Ilfotec HC,1+31,1600,9.0,7.65,8.1
Ilford Delta 3200 Pro,Ilfotec HC,1+31,3200,14.5,12.32,13.05
Ilford Delta 3200 Pro,Ilfotec HC,1+31,400,6.0,5.1,5.4
Ilford Delta 3200 Pro,Ilfotec HC,1+31,800,7.5,6.38,6.75
Ilford Delta 3200 Pro,Ilfotec LC29,1+19,1600,9.0,7.65,8.1
Ilford Delta 3200 Pro,Ilfotec LC29,1+19,3200,14.5,12.32,13.05
Ilford Delta 3200 Pro,Ilfotec LC29,1+19,400,6.0,5.1,5.4
Ilford Delta 3200 Pro,Ilfotec LC29,1+19,800,7.5,6.38,6.75
Ilford Delta 3200 Pro,Ilfotec LC29,1+9,1600,5.0,4.25,4.5
Ilford Delta 3200 Pro,Ilfotec LC29,1+9,3200,8.0,6.8,7.2
Ilford Delta 3200 Pro,Ilfotec LC29,1+9,6400,13.0,11.05,11.7
Ilford Delta 3200 Pro,Ilfotec LC29,1+9,800,4.5,3.82,4.05
Ilford Delta 3200 Pro,Marathon,1+9,3200,9.0,7.65,8.1
Ilford Delta 3200 Pro,Microdol-X,stock,1600,13.0,11.05,11.7
Ilford Delta 3200 Pro,Microdol-X,stock,3200,18.0,15.3,16.2
Ilford Delta 3200 Pro,Microdol-X,stock,400,10.0,8.5,9.0
Ilford Delta 3200 Pro,Microdol-X,stock,800,11.5,9.78,10.35
Ilford Delta 3200 Pro,Microphen,stock,12500,16.5,14.03,14.85
Ilford Delta 3200 Pro,Microphen,stock,1600,8.0,6.8,7.2
Ilford Delta 3200 Pro,Microphen,stock,3200,9.0,7.65,8.1
Ilford Delta 3200 Pro,Microphen,stock,400,6.0,5.1,5.4
Ilford Delta 3200 Pro,Microphen,stock,6400,12.0,10.2,10.8
Ilford Delta 3200 Pro,Microphen,stock,800,7.0,5.95,6.3
Ilford Delta 3200 Pro,Mocon,1+64,3200,25.0,21.25,22.5
Ilford Delta 3200 Pro,Neopress HC,1+15,12800,7.0,5.95,6.3
Ilford Delta 3200 Pro,Neopress HC,1+15,3200,3.0,2.55,2.7
Ilford Delta 3200 Pro,Neopress HC,1+15,3200,4.5,3.82,4.05
Ilford Delta 3200 Pro,Neopress HC,1+15,6400,4.5,3.82,4.05
Ilford Delta 3200 Pro,Neopress HC,1+31,3200,4.0,3.4,3.6
Ilford Delta 3200 Pro,Neopress HC,1+31,3200,7.5,6.38,6.75
Ilford Delta 3200 Pro,Nucleol BF200,40+25+935,3200,16.0,13.6,14.4
Ilford Delta 3200 Pro,Ornano Gradual ST20,1+9,1600,15.0,12.75,13.5
Ilford Delta 3200 Pro,Ornano Gradual ST20,1+9,3200,16.5,14.03,14.85
Ilford Delta 3200 Pro,Paranol S,1+25,3200,23.0,19.55,20.7
Ilford Delta 3200 Pro,Perceptol,stock,1600,15.0,12.75,13.5
Ilford Delta 3200 Pro,Perceptol,stock,3200,18.0,15.3,16.2
Ilford Delta 3200 Pro,Perceptol,stock,400,11.0,9.35,9.9
Ilford Delta 3200 Pro,Perceptol,stock,800,13.0,11.05,11.7
Ilford Delta 3200 Pro,Promicrol,1+14,4800,21.0,17.85,18.9
Ilford Delta 3200 Pro,Promicrol,1+14,6400,21.0,17.85,18.9
Ilford Delta 3200 Pro,Promicrol,1+9,4800,14.0,11.9,12.6
Ilford Delta 3200 Pro,Promicrol,1+9,6400,14.0,11.9,12.6
Ilford Delta 3200 Pro,Rodinal,1+15,6400,18.0,15.3,16.2
Ilford Delta 3200 Pro,Rodinal,1+25,1000,8.5,7.22,7.65
Ilford Delta 3200 Pro,Rodinal,1+25,12800,40.0,34.0,36.0
Ilford Delta 3200 Pro,Rodinal,1+25,1600,9.0,7.65,8.1
Ilford Delta 3200 Pro,Rodinal,1+25,3200,11.0,9.35,9.9
Ilford Delta 3200 Pro,Rodinal,1+25,400,5.5,4.67,4.95
Ilford Delta 3200 Pro,Rodinal,1+25,6400,20.0,17.0,18.0
Ilford Delta 3200 Pro,Rodinal,1+25,800,7.0,5.95,6.3
Ilford Delta 3200 Pro,Rodinal,1+63,1600,28.0,23.8,25.2
Ilford Delta 3200 Pro,Rollei D74,1+15,3200,17.5,14.88,15.75
Ilford Delta 3200 Pro,Rollei D74,1+9,3200,12.0,10.2,10.8
Ilford Delta 3200 Pro,Rollei RHS DC,1+15,3200,17.5,14.88,15.75
Ilford Delta 3200 Pro,Silberra Ascorol,1+29,3200,11.0,9.35,9.9
Ilford Delta 3200 Pro,Spur HRX,1+8,800,15.0,12.75,13.5
Ilford Delta 3200 Pro,Spur NHC,1+9,1000,11.0,9.35,9.9
Ilford Delta 3200 Pro,Spur NHC,1+9,1600,14.0,11.9,12.6
Ilford Delta 3200 Pro,Spur SLD,1+7,800,5.5,4.67,4.95
Ilford Delta 3200 Pro,Spur SLD,1+9,1000,14.0,11.9,12.6
Ilford Delta 3200 Pro,Spur Speed-Major,1+20,1000,12.0,10.2,10.8
Ilford Delta 3200 Pro,Spur TRX 2000,1+20,800,13.0,11.05,11.7
Ilford Delta 3200 Pro,Spur UFP,1+15,800,13.0,11.05,11.7
Ilford Delta 3200 Pro,Studional,1+15,1250,6.0,5.1,5.4
Ilford Delta 3200 Pro,Suprol,1+19,3200,6.0,5.1,5.4
Ilford Delta 3200 Pro,TMax Dev,1+4,1250,7.0,5.95,6.3
Ilford Delta 3200 Pro,TMax Dev,1+4,12500,14.0,11.9,12.6
Ilford Delta 3200 Pro,TMax Dev,1+4,1600,7.5,6.38,6.75
Ilford Delta 3200 Pro,TMax Dev,1+4,3200,8.5,7.22,7.65
Ilford Delta 3200 Pro,TMax Dev,1+4,400,5.5,4.67,4.95
Ilford Delta 3200 Pro,TMax Dev,1+4,6400,11.0,9.35,9.9
Ilford Delta 3200 Pro,TMax Dev,1+4,800,6.5,5.52,5.85
Ilford Delta 3200 Pro,Ultrafin,1+10,3200,8.5,7.22,7.65
Ilford Delta 3200 Pro,Ultrafin,1+20,1000,13.25,11.26,11.93
Ilford Delta 3200 Pro,Ultrafin T-Plus,1+4,3200,12.5,10.62,11.25
Ilford Delta 3200 Pro,Ultrafine Endurance,1+9,3200,9.0,7.65,8.1
Ilford Delta 3200 Pro,XT-3,stock,12500,12.5,10.62,11.25
Ilford Delta 3200 Pro,XT-3,stock,1600,6.5,5.52,5.85
Ilford Delta 3200 Pro,XT-3,stock,3200,7.5,6.38,6.75
Ilford Delta 3200 Pro,XT-3,stock,400,5.0,4.25,4.5
Ilford Delta 3200 Pro,XT-3,stock,6400,10.0,8.5,9.0
Ilford Delta 3200 Pro,XT-3,stock,800,6.0,5.1,5.4
Ilford Delta 3200 Pro,Xtol,stock,12500,12.5,10.62,11.25
Ilford Delta 3200 Pro,Xtol,stock,1600,6.5,5.52,5.85
Ilford Delta 3200 Pro,Xtol,stock,3200,7.5,6.38,6.75
Ilford Delta 3200 Pro,Xtol,stock,400,5.0,4.25,4.5
Ilford Delta 3200 Pro,Xtol,stock,6400,10.0,8.5,9.0
Ilford Delta 3200 Pro,Xtol,stock,800,6.0,5.1,5.4
Ilford Delta 400 Pro,510-Pyro,1+100,250,7.0,5.95,6.3
Ilford Delta 400 Pro,510-Pyro,1+100,400,12.25,10.41,11.03
Ilford Delta 400 Pro,510-Pyro,1+100,400,22.0,18.7,19.8
Ilford Delta 400 Pro,510-Pyro,1+300,400,27.0,22.95,24.3
Ilford Delta 400 Pro,Acufine,stock,1600,16.0,13.6,14.4
Ilford Delta 400 Pro,Acufine,stock,200,7.0,5.95,6.3
Ilford Delta 400 Pro,Acufine,stock,400,9.0,7.65,8.1
Ilford Delta 400 Pro,Acufine,stock,500,11.0,9.35,9.9
Ilford Delta 400 Pro,Acufine,stock,800,13.0,11.05,11.7
Ilford Delta 400 Pro,Acurol-N,1+100,400,31.0,26.35,27.9
Ilford Delta 400 Pro,Acurol-N,1+25,100,5.5,4.67,4.95
Ilford Delta 400 Pro,Acurol-N,1+25,125,5.5,4.67,4.95
Ilford Delta 400 Pro,Acurol-N,1+50,200,10.5,8.92,9.45
Ilford Delta 400 Pro,Adox HR-DEV,1+30,400,13.0,11.05,11.7
Ilford Delta 400 Pro,ADX II,1+24,400,9.5,8.07,8.55
Ilford Delta 400 Pro,Amaloco AM74,1+7,400,7.5,6.38,6.75
Ilford Delta 400 Pro,Amaloco AM74,1+7,800,10.0,8.5,9.0
Ilford Delta 400 Pro,Arista® Liquid,1+9,1600,14.0,11.9,12.6
Ilford Delta 400 Pro,Arista® Liquid,1+9,400,7.5,6.38,6.75
Ilford Delta 400 Pro,Arista® Liquid,1+9,800,10.0,8.5,9.0
Ilford Delta 400 Pro,Arista® Premium,1+9,400,7.5,6.38,6.75
Ilford Delta 400 Pro,Ars-Imago FD,1+39,200,5.5,4.67,4.95
Ilford Delta 400 Pro,Ars-Imago FD,1+39,400,7.5,6.38,6.75
Ilford Delta 400 Pro,Ars-Imago FD,1+39,800,13.0,11.05,11.7
Ilford Delta 400 Pro,Ars-Imago FE,1+1,200,6.0,5.1,5.4
Ilford Delta 400 Pro,Ars-Imago FE,1+1,400,7.0,5.95,6.3
Ilford Delta 400 Pro,Ars-Imago FE,1+1,800,8.0,6.8,7.2
Ilford Delta 400 Pro,Atomal 49,stock,1600,11.5,9.78,10.35
Ilford Delta 400 Pro,Atomal 49,stock,200,8.0,6.8,7.2
Ilford Delta 400 Pro,Atomal 49,stock,250,9.0,7.65,8.1
Ilford Delta 400 Pro,Bellini Hydrofen,1+15,400,4.5,3.82,4.05
Ilford Delta 400 Pro,Bellini Hydrofen,1+39,400,9.25,7.86,8.33
Ilford Delta 400 Pro,Berspeed,1+1,400,11.5,9.78,10.35
Ilford Delta 400 Pro,Beutler,1+1+10,320,16.0,13.6,14.4
Ilford Delta 400 Pro,Black/White & Green,1+49,400,16.25,13.81,14.62
Ilford Delta 400 Pro,BW-TNEG,1+6,400,6.0,5.1,5.4
Ilford Delta 400 Pro,Caffenol C-L,stock,400,60.0,51.0,54.0
Ilford Delta 400 Pro,Cawanol,stock,400,18.5,15.72,16.65
Ilford Delta 400 Pro,D-23,1+1,200,10.0,8.5,9.0
Ilford Delta 400 Pro,D-23,1+1,400,10.5,8.92,9.45
Ilford Delta 400 Pro,D-23,1+1,400,13.0,11.05,11.7
Ilford Delta 400 Pro,D-23,1+3,400,16.5,14.03,14.85
Ilford Delta 400 Pro,D-23,stock,400,7.0,5.95,6.3
Ilford Delta 400 Pro,D-23,stock,800,8.75,7.44,7.88
Ilford Delta 400 Pro,D-76,1+1,200,10.0,8.5,9.0
Ilford Delta 400 Pro,D-76,1+1,320,12.5,10.62,11.25
Ilford Delta 400 Pro,D-76,1+1,400,14.0,11.9,12.6
Ilford Delta 400 Pro,D-76,1+1,800,17.5,14.88,15.75
Ilford Delta 400 Pro,D-76,1+2,1600,30.0,25.5,27.0
Ilford Delta 400 Pro,D-76,1+2,400,17.0,14.45,15.3
Ilford Delta 400 Pro,D-76,1+3,200,18.0,15.3,16.2
Ilford Delta 400 Pro,D-76,1+3,400,19.5,16.57,17.55
Ilford Delta 400 Pro,D-76,1+3,800,32.0,27.2,28.8
Ilford Delta 400 Pro,D-76,stock,1600,14.5,12.32,13.05
Ilford Delta 400 Pro,D-76,stock,200,7.0,5.95,6.3
Ilford Delta 400 Pro,D-76,stock,3200,19.0,16.15,17.1
Ilford Delta 400 Pro,D-76,stock,400,9.5,8.07,8.55
Ilford Delta 400 Pro,D-76,stock,800,11.5,9.78,10.35
Ilford Delta 400 Pro,DK-76,1+3,400,14.5,12.32,13.05
Ilford Delta 400 Pro,DK-76b,1+3,400,17.5,14.88,15.75
Ilford Delta 400 Pro,Eco Pro,1+1,1600,20.0,17.0,18.0
Ilford Delta 400 Pro,Eco Pro,1+1,200,9.0,7.65,8.1
Ilford Delta 400 Pro,Eco Pro,1+1,400,11.5,9.78,10.35
Ilford Delta 400 Pro,Eco Pro,1+1,500,13.0,11.05,11.7
Ilford Delta 400 Pro,Eco Pro,1+1,800,15.5,13.17,13.95
Ilford Delta 400 Pro,Eco Pro,stock,1600,13.0,11.05,11.7
Ilford Delta 400 Pro,Eco Pro,stock,200,6.0,5.1,5.4
Ilford Delta 400 Pro,Eco Pro,stock,3200,17.0,14.45,15.3
Ilford Delta 400 Pro,Eco Pro,stock,400,7.5,6.38,6.75
Ilford Delta 400 Pro,Eco Pro,stock,400,5.5,4.67,4.95
Ilford Delta 400 Pro,Eco Pro,stock,500,8.5,7.22,7.65
Ilford Delta 400 Pro,Eco Pro,stock,800,10.0,8.5,9.0
Ilford Delta 400 Pro,F76+,1+14,200,11.0,9.35,9.9
Ilford Delta 400 Pro,F76+,1+14,400,13.5,11.47,12.15
Ilford Delta 400 Pro,F76+,1+9,1600,13.0,11.05,11.7
Ilford Delta 400 Pro,F76+,1+9,400,7.0,5.95,6.3
Ilford Delta 400 Pro,F76+,1+9,800,9.5,8.07,8.55
Ilford Delta 400 Pro,FA-1027,1+14,400,15.0,12.75,13.5
Ilford Delta 400 Pro,FA-1027,1+9,400,8.0,6.8,7.2
Ilford Delta 400 Pro,FD10,1+14,400,12.0,10.2,10.8
Ilford Delta 400 Pro,FD10,1+9,400,8.0,6.8,7.2
Ilford Delta 400 Pro,Fomadon LQR,1+10,400,10.0,8.5,9.0
Ilford Delta 400 Pro,Fomadon P,stock,400,10.0,8.5,9.0
Ilford Delta 400 Pro,Fomadon R09,1+25,400,8.0,6.8,7.2
Ilford Delta 400 Pro,Fomadon R09,1+50,400,18.0,15.3,16.2
Ilford Delta 400 Pro,FX-19,stock,100,10.0,8.5,9.0
Ilford Delta 400 Pro,FX-2,1+1+8,320,15.25,12.96,13.72
Ilford Delta 400 Pro,FX-37,1+3,400,7.5,6.38,6.75
Ilford Delta 400 Pro,FX-39,1+9,400,10.0,8.5,9.0
Ilford Delta 400 Pro,FX-55,1+9,400,12.5,10.62,11.25
Ilford Delta 400 Pro,HC-110,1+250,400,90.0,76.5,81.0
Ilford Delta 400 Pro,HC-110,A,1600,7.5,6.38,6.75
Ilford Delta 400 Pro,HC-110,A,320,4.0,3.4,3.6
Ilford Delta 400 Pro,HC-110,A,3200,13.0,11.05,11.7
Ilford Delta 400 Pro,HC-110,A,800,5.5,4.67,4.95
Ilford Delta 400 Pro,HC-110,B,100,4.5,3.82,4.05
Ilford Delta 400 Pro,HC-110,B,1600,13.5,11.47,12.15
Ilford Delta 400 Pro,HC-110,B,200,5.0,4.25,4.5
Ilford Delta 400 Pro,HC-110,B,400,7.5,6.38,6.75
Ilford Delta 400 Pro,HC-110,B,800,10.0,8.5,9.0
Ilford Delta 400 Pro,Hubl Glycin Paste,1+60,400,26.0,22.1,23.4
Ilford Delta 400 Pro,ID-11,1+1,200,10.0,8.5,9.0
Ilford Delta 400 Pro,ID-11,1+1,400,14.0,11.9,12.6
Ilford Delta 400 Pro,ID-11,1+1,800,17.5,14.88,15.75
Ilford Delta 400 Pro,ID-11,1+2,1600,30.0,25.5,27.0
Ilford Delta 400 Pro,ID-11,1+3,200,18.0,15.3,16.2
Ilford Delta 400 Pro,ID-11,1+3,400,20.0,17.0,18.0
Ilford Delta 400 Pro,ID-11,1+3,800,32.0,27.2,28.8
Ilford Delta 400 Pro,ID-11,stock,1600,14.5,12.32,13.05
Ilford Delta 400 Pro,ID-11,stock,200,7.0,5.95,6.3
Ilford Delta 400 Pro,ID-11,stock,3200,19.0,16.15,17.1
Ilford Delta 400 Pro,ID-11,stock,400,9.5,8.07,8.55
Ilford Delta 400 Pro,ID-11,stock,800,11.5,9.78,10.35
Ilford Delta 400 Pro,Ilfosol 3,1+14,200,8.0,6.8,7.2
Ilford Delta 400 Pro,Ilfosol 3,1+14,400,12.0,10.2,10.8
Ilford Delta 400 Pro,Ilfosol 3,1+14,800,20.5,17.43,18.45
Ilford Delta 400 Pro,Ilfosol 3,1+9,200,5.5,4.67,4.95
Ilford Delta 400 Pro,Ilfosol 3,1+9,400,7.0,5.95,6.3
Ilford Delta 400 Pro,Ilfosol 3,1+9,800,14.0,11.9,12.6
Ilford Delta 400 Pro,Ilfotec DD,stock,400,11.0,9.35,9.9
Ilford Delta 400 Pro,Ilfotec DD-X,1+4,1600,13.5,11.47,12.15
Ilford Delta 400 Pro,Ilfotec DD-X,1+4,200,6.0,5.1,5.4
Ilford Delta 400 Pro,Ilfotec DD-X,1+4,3200,18.0,15.3,16.2
Ilford Delta 400 Pro,Ilfotec DD-X,1+4,400,8.0,6.8,7.2
Ilford Delta 400 Pro,Ilfotec DD-X,1+4,500,9.5,8.07,8.55
Ilford Delta 400 Pro,Ilfotec DD-X,1+4,800,10.5,8.92,9.45
Ilford Delta 400 Pro,Ilfotec DD-X,1+9,400,14.0,11.9,12.6
Ilford Delta 400 Pro,Ilfotec DD-X,1+9,400,10.75,9.14,9.68
Ilford Delta 400 Pro,Ilfotec HC,1+15,1600,7.5,6.38,6.75
Ilford Delta 400 Pro,Ilfotec HC,1+15,320,4.0,3.4,3.6
Ilford Delta 400 Pro,Ilfotec HC,1+15,3200,13.0,11.05,11.7
Ilford Delta 400 Pro,Ilfotec HC,1+15,800,5.5,4.67,4.95
Ilford Delta 400 Pro,Ilfotec HC,1+31,1600,13.5,11.47,12.15
Ilford Delta 400 Pro,Ilfotec HC,1+31,200,5.0,4.25,4.5
Ilford Delta 400 Pro,Ilfotec HC,1+31,400,7.5,6.38,6.75
Ilford Delta 400 Pro,Ilfotec HC,1+31,800,10.0,8.5,9.0
Ilford Delta 400 Pro,Ilfotec HC,1+47,400,11.5,9.78,10.35
Ilford Delta 400 Pro,Ilfotec LC29,1+19,1600,13.5,11.47,12.15
Ilford Delta 400 Pro,Ilfotec LC29,1+19,200,5.0,4.25,4.5
Ilford Delta 400 Pro,Ilfotec LC29,1+19,400,7.5,6.38,6.75
Ilford Delta 400 Pro,Ilfotec LC29,1+19,800,10.0,8.5,9.0
Ilford Delta 400 Pro,Ilfotec LC29,1+29,200,8.5,7.22,7.65
Ilford Delta 400 Pro,Ilfotec LC29,1+29,400,11.5,9.78,10.35
Ilford Delta 400 Pro,Ilfotec LC29,1+29,800,17.0,14.45,15.3
Ilford Delta 400 Pro,Ilfotec LC29,1+9,1600,7.5,6.38,6.75
Ilford Delta 400 Pro,Ilfotec LC29,1+9,320,4.0,3.4,3.6
Ilford Delta 400 Pro,Ilfotec LC29,1+9,3200,13.0,11.05,11.7
Ilford Delta 400 Pro,Ilfotec LC29,1+9,800,5.5,4.67,4.95
Ilford Delta 400 Pro,Marathon,1+9,400,6.0,5.1,5.4
Ilford Delta 400 Pro,Microdol-X,1+1,200,14.5,12.32,13.05
Ilford Delta 400 Pro,Microdol-X,1+1,320,16.5,14.03,14.85
Ilford Delta 400 Pro,Microdol-X,stock,200,11.0,9.35,9.9
Ilford Delta 400 Pro,Microdol-X,stock,320,13.5,11.47,12.15
Ilford Delta 400 Pro,Microphen,1+1,1600,19.0,16.15,17.1
Ilford Delta 400 Pro,Microphen,1+1,200,8.5,7.22,7.65
Ilford Delta 400 Pro,Microphen,1+1,400,11.5,9.78,10.35
Ilford Delta 400 Pro,Microphen,1+1,500,13.5,11.47,12.15
Ilford Delta 400 Pro,Microphen,1+1,800,15.5,13.17,13.95
Ilford Delta 400 Pro,Microphen,1+3,200,16.0,13.6,14.4
Ilford Delta 400 Pro,Microphen,stock,1600,10.5,8.92,9.45
Ilford Delta 400 Pro,Microphen,stock,200,5.0,4.25,4.5
Ilford Delta 400 Pro,Microphen,stock,3200,14.0,11.9,12.6
Ilford Delta 400 Pro,Microphen,stock,400,6.5,5.52,5.85
Ilford Delta 400 Pro,Microphen,stock,500,7.5,6.38,6.75
Ilford Delta 400 Pro,Microphen,stock,6400,17.5,14.88,15.75
Ilford Delta 400 Pro,Microphen,stock,800,8.5,7.22,7.65
Ilford Delta 400 Pro,Mocon,1+64,400,18.0,15.3,16.2
Ilford Delta 400 Pro,Moersch eco,1+1+40,500,13.0,11.05,11.7
Ilford Delta 400 Pro,Neopress HC,1+15,1600,5.5,4.67,4.95
Ilford Delta 400 Pro,Neopress HC,1+15,400,2.5,2.12,2.25
Ilford Delta 400 Pro,Neopress HC,1+15,400,3.5,2.98,3.15
Ilford Delta 400 Pro,Neopress HC,1+15,800,4.0,3.4,3.6
Ilford Delta 400 Pro,Neopress HC,1+31,400,5.0,4.25,4.5
Ilford Delta 400 Pro,Neopress HC,1+31,400,7.0,5.95,6.3
Ilford Delta 400 Pro,Nucleol BF200,20+15+965,200,9.25,7.86,8.33
Ilford Delta 400 Pro,Ornano Gradual ST20,1+9,160,9.5,8.07,8.55
Ilford Delta 400 Pro,Paranol S,1+25,400,12.0,10.2,10.8
Ilford Delta 400 Pro,Paranol S,1+50,400,40.0,34.0,36.0
Ilford Delta 400 Pro,Parvofin,stock,400,8.0,6.8,7.2
Ilford Delta 400 Pro,Perceptol,1+1,200,12.5,10.62,11.25
Ilford Delta 400 Pro,Perceptol,1+1,320,15.5,13.17,13.95
Ilford Delta 400 Pro,Perceptol,1+3,200,18.5,15.72,16.65
Ilford Delta 400 Pro,Perceptol,1+3,400,22.0,18.7,19.8
Ilford Delta 400 Pro,Perceptol,stock,200,10.0,8.5,9.0
Ilford Delta 400 Pro,Perceptol,stock,250,12.0,10.2,10.8
Ilford Delta 400 Pro,PMK,1+2+100,200,11.0,9.35,9.9
Ilford Delta 400 Pro,Promicrol,1+14,600,16.0,13.6,14.4
Ilford Delta 400 Pro,Promicrol,1+14,800,16.0,13.6,14.4
Ilford Delta 400 Pro,Promicrol,1+9,600,11.0,9.35,9.9
Ilford Delta 400 Pro,Promicrol,1+9,800,11.0,9.35,9.9
Ilford Delta 400 Pro,Pyrocat-HD,1+1+100,200,10.0,8.5,9.0
Ilford Delta 400 Pro,Pyrocat-HD,1+1+100,400,18.0,15.3,16.2
Ilford Delta 400 Pro,Rodinal,1+100,200,120.0,102.0,108.0
Ilford Delta 400 Pro,Rodinal,1+100,400,36.0,30.6,32.4
Ilford Delta 400 Pro,Rodinal,1+16,1600,20.0,17.0,18.0
Ilford Delta 400 Pro,Rodinal,1+200,400,105.0,89.25,94.5
Ilford Delta 400 Pro,Rodinal,1+24,250,7.5,6.38,6.75
Ilford Delta 400 Pro,Rodinal,1+25,100,5.5,4.67,4.95
Ilford Delta 400 Pro,Rodinal,1+25,200,6.5,5.52,5.85
Ilford Delta 400 Pro,Rodinal,1+25,3200,40.0,34.0,36.0
Ilford Delta 400 Pro,Rodinal,1+25,400,9.0,7.65,8.1
Ilford Delta 400 Pro,Rodinal,1+25,800,18.5,15.72,16.65
Ilford Delta 400 Pro,Rodinal,1+50,200,11.0,9.35,9.9
Ilford Delta 400 Pro,Rodinal,1+50,400,20.0,17.0,18.0
Ilford Delta 400 Pro,Rollei D74,1+15,400,10.5,8.92,9.45
Ilford Delta 400 Pro,Rollei D74,1+9,400,8.0,6.8,7.2
Ilford Delta 400 Pro,Rollei Supergrain,1+15,400,7.5,6.38,6.75
Ilford Delta 400 Pro,Silberra Aphenol,stock,1600,13.0,11.05,11.7
Ilford Delta 400 Pro,Silberra Ascorol,1+29,400,10.0,8.5,9.0
Ilford Delta 400 Pro,Silvermax,1+30,400,28.0,23.8,25.2
Ilford Delta 400 Pro,SP-76EC,1+10,400,7.0,5.95,6.3
Ilford Delta 400 Pro,Sprint Standard,1+9,400,11.5,9.78,10.35
Ilford Delta 400 Pro,Spur HRX,1+15,250,13.0,11.05,11.7
Ilford Delta 400 Pro,Spur NHC,1+15,400,9.0,7.65,8.1
Ilford Delta 400 Pro,Spur NHC,1+9,800,12.0,10.2,10.8
Ilford Delta 400 Pro,Spur Omega X,1+13,400,15.0,12.75,13.5
Ilford Delta 400 Pro,Spur SD 2525,1+12,250,6.5,5.52,5.85
Ilford Delta 400 Pro,Spur SD 2525,1+14,400,14.0,11.9,12.6
Ilford Delta 400 Pro,Spur SHADOWmax,1+1+29,400,11.5,9.78,10.35
Ilford Delta 400 Pro,Spur SHADOWmax,1+1+29,500,13.0,11.05,11.7
Ilford Delta 400 Pro,Spur SHADOWmax,1+2+16,640,12.0,10.2,10.8
Ilford Delta 400 Pro,Spur SHADOWmax,10+13+107,1250,13.0,11.05,11.7
Ilford Delta 400 Pro,Spur SHADOWmax,5+8+67,800,13.0,11.05,11.7
Ilford Delta 400 Pro,Spur SLD,1+17,400,11.0,9.35,9.9
Ilford Delta 400 Pro,Spur SLD,1+19,400,9.0,7.65,8.1
Ilford Delta 400 Pro,Spur SLD,1+9,500,5.0,4.25,4.5
Ilford Delta 400 Pro,Spur Speed-Major,1+12,1000,12.0,10.2,10.8
Ilford Delta 400 Pro,Spur Speed-Major,1+20,640,11.0,9.35,9.9
Ilford Delta 400 Pro,Spur Speed-Major,1+30,400,12.0,10.2,10.8
Ilford Delta 400 Pro,Spur Speed-Major,1+40,320,10.0,8.5,9.0
Ilford Delta 400 Pro,Spur Speed-Major,1+9,1600,13.0,11.05,11.7
Ilford Delta 400 Pro,Spur TRX 2000,1+30,400,13.0,11.05,11.7
Ilford Delta 400 Pro,Spur UFP,1+20,400,10.0,8.5,9.0
Ilford Delta 400 Pro,Studional,1+15,400,4.5,3.82,4.05
Ilford Delta 400 Pro,Suprol,1+19,400,4.5,3.82,4.05
Ilford Delta 400 Pro,TMax Dev,1+4,1600,10.5,8.92,9.45
Ilford Delta 400 Pro,TMax Dev,1+4,200,5.0,4.25,4.5
Ilford Delta 400 Pro,TMax Dev,1+4,3200,13.5,11.47,12.15
Ilford Delta 400 Pro,TMax Dev,1+4,400,6.5,5.52,5.85
Ilford Delta 400 Pro,TMax Dev,1+4,500,7.0,5.95,6.3
Ilford Delta 400 Pro,TMax Dev,1+4,800,8.5,7.22,7.65
Ilford Delta 400 Pro,Ultrafin T-Plus,1+4,400,8.25,7.01,7.42
Ilford Delta 400 Pro,Ultrafine Endurance,1+9,400,6.0,5.1,5.4
Ilford Delta 400 Pro,Ultrafine Liquid,1+2,400,7.0,5.95,6.3
Ilford Delta 400 Pro,Ultrafine Liquid,1+4,400,10.5,8.92,9.45
Ilford Delta 400 Pro,Ultrafine Powder,1+1,400,14.0,11.9,12.6
Ilford Delta 400 Pro,WD2D+,stock,400,9.0,7.65,8.1
Ilford Delta 400 Pro,XT-3,1+1,1600,20.0,17.0,18.0
Ilford Delta 400 Pro,XT-3,1+1,200,9.0,7.65,8.1
Ilford Delta 400 Pro,XT-3,1+1,400,11.5,9.78,10.35
Ilford Delta 400 Pro,XT-3,1+1,500,13.0,11.05,11.7
Ilford Delta 400 Pro,XT-3,1+1,800,15.5,13.17,13.95
Ilford Delta 400 Pro,XT-3,1+3,400,16.5,14.03,14.85
Ilford Delta 400 Pro,XT-3,stock,1600,13.0,11.05,11.7
Ilford Delta 400 Pro,XT-3,stock,200,6.0,5.1,5.4
Ilford Delta 400 Pro,XT-3,stock,3200,10.5,8.92,9.45
Ilford Delta 400 Pro,XT-3,stock,3200,17.0,14.45,15.3
Ilford Delta 400 Pro,XT-3,stock,400,7.5,6.38,6.75
Ilford Delta 400 Pro,XT-3,stock,400,5.5,4.67,4.95
Ilford Delta 400 Pro,XT-3,stock,500,8.5,7.22,7.65
Ilford Delta 400 Pro,XT-3,stock,800,10.0,8.5,9.0
Ilford Delta 400 Pro,Xtol,1+1,1600,20.0,17.0,18.0
Ilford Delta 400 Pro,Xtol,1+1,200,9.0,7.65,8.1
Ilford Delta 400 Pro,Xtol,1+1,400,11.5,9.78,10.35
Ilford Delta 400 Pro,Xtol,1+1,400,12.0,10.2,10.8
Ilford Delta 400 Pro,Xtol,1+1,500,13.0,11.05,11.7
Ilford Delta 400 Pro,Xtol,1+1,800,15.5,13.17,13.95
Ilford Delta 400 Pro,Xtol,1+3,400,16.5,14.03,14.85
Ilford Delta 400 Pro,Xtol,stock,1600,13.0,11.05,11.7
Ilford Delta 400 Pro,Xtol,stock,200,6.0,5.1,5.4
Ilford Delta 400 Pro,Xtol,stock,3200,17.0,14.45,15.3
Ilford Delta 400 Pro,Xtol,stock,400,7.5,6.38,6.75
Ilford Delta 400 Pro,Xtol,stock,400,5.5,4.67,4.95
Ilford Delta 400 Pro,Xtol,stock,500,8.5,7.22,7.65
Ilford Delta 400 Pro,Xtol,stock,800,10.0,8.5,9.0
Ilford FP4 Type 517 Cine Film,FX-55,1+9,100,11.0,9.35,9.9
Ilford FP4 Type 517 Cine Film,Ilfosol 3,1+14,50,9.0,7.65,8.1
Ilford FP4 Type 517 Cine Film,Ilfosol 3,1+9,50,5.0,4.25,4.5
Ilford FP4 Type 517 Cine Film,Ilfotec DD-X,1+4,100,14.5,12.32,13.05
Ilford FP4 Type 517 Cine Film,Ilfotec DD-X,1+4,200,22.0,18.7,19.8
Ilford FP4 Type 517 Cine Film,Ilfotec DD-X,1+4,50,12.0,10.2,10.8
Ilford FP4 Type 517 Cine Film,Xtol,stock,100,12.0,10.2,10.8
Ilford FP4+,123-Pyro,1+100,100,9.0,7.65,8.1
Ilford FP4+,510-Pyro,1+100,125,10.0,8.5,9.0
Ilford FP4+,510-Pyro,1+100,125,17.25,14.66,15.53
Ilford FP4+,510-Pyro,1+100,400,14.5,12.32,13.05
Ilford FP4+,510-Pyro,1+200,64,7.0,5.95,6.3
Ilford FP4+,Acufine,stock,125,4.0,3.4,3.6
Ilford FP4+,Acufine,stock,200,6.0,5.1,5.4
Ilford FP4+,Acurol-N,1+70,50,10.5,8.92,9.45
Ilford FP4+,Adox HR-DEV,1+35,200,9.0,7.65,8.1
Ilford FP4+,ADX II,1+24,100,6.5,5.52,5.85
Ilford FP4+,Agfa Ansco 72,1+19,100,8.0,6.8,7.2
Ilford FP4+,Amaloco AM74,1+15,125,4.75,4.04,4.28
Ilford FP4+,Amaloco AM74,1+7,125,3.0,2.55,2.7
Ilford FP4+,Amaloco AM74,1+7,200,4.0,3.4,3.6
Ilford FP4+,Amaloco AM74,1+7,400,5.0,4.25,4.5
Ilford FP4+,Arista® Liquid,1+9,125,5.5,4.67,4.95
Ilford FP4+,Arista® Premium,1+9,125,5.5,4.67,4.95
Ilford FP4+,Ars-Imago FD,1+39,125,5.0,4.25,4.5
Ilford FP4+,Ars-Imago FD,1+39,250,6.5,5.52,5.85
Ilford FP4+,Ars-Imago FD,1+39,400,8.0,6.8,7.2
Ilford FP4+,Ars-Imago FE,1+1,125,7.0,5.95,6.3
Ilford FP4+,Ars-Imago FE,1+1,50,6.0,5.1,5.4
Ilford FP4+,Atomal 49,1+1,125,11.0,9.35,9.9
Ilford FP4+,Atomal 49,stock,125,8.0,6.8,7.2
Ilford FP4+,Bellini FX6a Monobath,stock,125,8.5,7.22,7.65
Ilford FP4+,Bellini Hydrofen,1+15,100,3.5,2.98,3.15
Ilford FP4+,Bellini Hydrofen,1+39,125,5.25,4.46,4.73
Ilford FP4+,Bellini Hydrofen,1+39,125,6.5,5.52,5.85
Ilford FP4+,Bellini Hydrofen,1+39,250,6.5,5.52,5.85
Ilford FP4+,Bellini Hydrofen,1+39,250,8.0,6.8,7.2
Ilford FP4+,Berspeed,1+1,125,10.0,8.5,9.0
Ilford FP4+,Beutler,1+1+8,125,6.75,5.74,6.08
Ilford FP4+,Black/White & Green,1+49,125,12.75,10.84,11.47
Ilford FP4+,Caffenol C,stock,125,12.0,10.2,10.8
Ilford FP4+,Caffenol C-L,stock,125,70.0,59.5,63.0
Ilford FP4+,Caffenol Delta STD,stock,125,10.0,8.5,9.0
Ilford FP4+,Cawanol,stock,125,16.5,14.03,14.85
Ilford FP4+,D-23,1+1,100,8.0,6.8,7.2
Ilford FP4+,D-23,1+3,100,13.0,11.05,11.7
Ilford FP4+,D-23,stock,100,6.0,5.1,5.4
Ilford FP4+,D-23,stock,125,12.0,10.2,10.8
Ilford FP4+,D-76,1+1,125,11.0,9.35,9.9
Ilford FP4+,D-76,1+1,200,15.0,12.75,13.5
Ilford FP4+,D-76,1+1,400,18.0,15.3,16.2
Ilford FP4+,D-76,1+1,50,8.0,6.8,7.2
Ilford FP4+,D-76,1+3,125,20.0,17.0,18.0
Ilford FP4+,D-76,1+3,50,17.0,14.45,15.3
Ilford FP4+,D-76,1+5,125,23.0,19.55,20.7
Ilford FP4+,D-76,stock,125,8.5,7.22,7.65
Ilford FP4+,D-76,stock,200,10.0,8.5,9.0
Ilford FP4+,D-76,stock,400,12.0,10.2,10.8
Ilford FP4+,D-76,stock,50,6.5,5.52,5.85
Ilford FP4+,D-96,stock,125,8.0,6.8,7.2
Ilford FP4+,DK-50,1+1,125,5.0,4.25,4.5
Ilford FP4+,DK-50,1+3,125,8.0,6.8,7.2
Ilford FP4+,DK-50,stock,125,4.0,3.4,3.6
Ilford FP4+,Eco Pro,1+1,1000,17.5,14.88,15.75
Ilford FP4+,Eco Pro,1+1,125,10.0,8.5,9.0
Ilford FP4+,Eco Pro,1+1,250,12.0,10.2,10.8
Ilford FP4+,Eco Pro,1+1,32,8.5,7.22,7.65
Ilford FP4+,Eco Pro,1+1,500,14.5,12.32,13.05
Ilford FP4+,Eco Pro,1+1,64,8.5,7.22,7.65
Ilford FP4+,Eco Pro,1+2,1000,21.0,17.85,18.9
Ilford FP4+,Eco Pro,1+2,125,11.5,9.78,10.35
Ilford FP4+,Eco Pro,1+2,250,13.75,11.69,12.38
Ilford FP4+,Eco Pro,1+2,32,10.0,8.5,9.0
Ilford FP4+,Eco Pro,1+2,500,17.25,14.66,15.53
Ilford FP4+,Eco Pro,1+2,64,10.0,8.5,9.0
Ilford FP4+,Eco Pro,1+3,1000,23.5,19.97,21.15
Ilford FP4+,Eco Pro,1+3,125,14.75,12.54,13.28
Ilford FP4+,Eco Pro,1+3,250,17.0,14.45,15.3
Ilford FP4+,Eco Pro,1+3,32,12.5,10.62,11.25
Ilford FP4+,Eco Pro,1+3,500,20.0,17.0,18.0
Ilford FP4+,Eco Pro,1+3,64,12.5,10.62,11.25
Ilford FP4+,Eco Pro,stock,1000,14.0,11.9,12.6
Ilford FP4+,Eco Pro,stock,125,8.0,6.8,7.2
Ilford FP4+,Eco Pro,stock,250,9.0,7.65,8.1
Ilford FP4+,Eco Pro,stock,32,6.5,5.52,5.85
Ilford FP4+,Eco Pro,stock,500,11.0,9.35,9.9
Ilford FP4+,Eco Pro,stock,64,6.5,5.52,5.85
Ilford FP4+,Extend Plus,1+15,125,8.0,6.8,7.2
Ilford FP4+,F76+,1+9,125,5.5,4.67,4.95
Ilford FP4+,FA-1027,1+14,125,9.0,7.65,8.1
Ilford FP4+,FA-1027,1+19,100,9.5,8.07,8.55
Ilford FP4+,FA-1027,1+9,125,6.5,5.52,5.85
Ilford FP4+,FD10,1+14,125,9.0,7.65,8.1
Ilford FP4+,FD10,1+9,125,6.0,5.1,5.4
Ilford FP4+,Fomadon Excel,stock,125,10.0,8.5,9.0
Ilford FP4+,Fomadon LQN,1+14,125,11.0,9.35,9.9
Ilford FP4+,Fomadon LQR,1+10,125,5.0,4.25,4.5
Ilford FP4+,Fomadon LQR,1+10,400,11.0,9.35,9.9
Ilford FP4+,Fomadon P,stock,125,10.0,8.5,9.0
Ilford FP4+,Fomadon R09,1+24,400,22.0,18.7,19.8
Ilford FP4+,Fomadon R09,1+25,125,8.0,6.8,7.2
Ilford FP4+,Fomadon R09,1+50,125,15.0,12.75,13.5
Ilford FP4+,Fomadon R09,1+50,125,18.0,15.3,16.2
Ilford FP4+,FX-1,1+1+8,250,16.0,13.6,14.4
Ilford FP4+,FX-15,1+1,125,11.5,9.78,10.35
Ilford FP4+,FX-15,stock,125,6.5,5.52,5.85
Ilford FP4+,FX-19,stock,100,9.0,7.65,8.1
Ilford FP4+,FX-2,1+1+8,64,9.0,7.65,8.1
Ilford FP4+,FX-37,1+3,160,4.5,3.82,4.05
Ilford FP4+,FX-37,1+9,200,10.5,8.92,9.45
Ilford FP4+,FX-39,1+14,250,11.5,9.78,10.35
Ilford FP4+,FX-39,1+19,125,15.0,12.75,13.5
Ilford FP4+,FX-39,1+9,125,6.0,5.1,5.4
Ilford FP4+,FX-55,1+9,125,8.5,7.22,7.65
Ilford FP4+,HC-110,1+31,125,6.0,5.1,5.4
Ilford FP4+,HC-110,A,125,4.5,3.82,4.05
Ilford FP4+,HC-110,A,200,6.0,5.1,5.4
Ilford FP4+,HC-110,B,200,12.0,10.2,10.8
Ilford FP4+,HC-110,B,50,6.0,5.1,5.4
Ilford FP4+,HC-110,B,800,24.0,20.4,21.6
Ilford FP4+,HC-110,E,100,10.5,8.92,9.45
Ilford FP4+,HC-110,G,125,18.0,15.3,16.2
Ilford FP4+,HC-110,G,125,60.0,51.0,54.0
Ilford FP4+,HC-110,G,65,14.0,11.9,12.6
Ilford FP4+,HC-110,G,80,14.0,11.9,12.6
Ilford FP4+,HC-110,H,125,18.0,15.3,16.2
Ilford FP4+,ID-11,1+1,125,11.0,9.35,9.9
Ilford FP4+,ID-11,1+1,200,15.0,12.75,13.5
Ilford FP4+,ID-11,1+1,400,18.0,15.3,16.2
Ilford FP4+,ID-11,1+1,50,8.0,6.8,7.2
Ilford FP4+,ID-11,1+3,125,20.0,17.0,18.0
Ilford FP4+,ID-11,1+3,50,17.0,14.45,15.3
Ilford FP4+,ID-11,stock,125,8.5,7.22,7.65
Ilford FP4+,ID-11,stock,200,10.0,8.5,9.0
Ilford FP4+,ID-11,stock,400,12.0,10.2,10.8
Ilford FP4+,ID-11,stock,50,6.5,5.52,5.85
Ilford FP4+,Ilfosol 3,1+14,100,7.0,5.95,6.3
Ilford FP4+,Ilfosol 3,1+14,125,7.5,6.38,6.75
Ilford FP4+,Ilfosol 3,1+14,125,10.0,8.5,9.0
Ilford FP4+,Ilfosol 3,1+9,100,4.0,3.4,3.6
Ilford FP4+,Ilfosol 3,1+9,125,7.0,5.95,6.3
Ilford FP4+,Ilfosol 3,1+9,125,4.25,3.61,3.83
Ilford FP4+,Ilfosol 3,1+9,200,7.5,6.38,6.75
Ilford FP4+,Ilfotec DD,stock,125,13.0,11.05,11.7
Ilford FP4+,Ilfotec DD-X,1+4,125,10.0,8.5,9.0
Ilford FP4+,Ilfotec DD-X,1+4,200,12.0,10.2,10.8
Ilford FP4+,Ilfotec DD-X,1+4,400,18.0,15.3,16.2
Ilford FP4+,Ilfotec DD-X,1+4,50,8.0,6.8,7.2
Ilford FP4+,Ilfotec DD-X,1+4,64,8.5,7.22,7.65
Ilford FP4+,Ilfotec HC,1+15,200,5.0,4.25,4.5
Ilford FP4+,Ilfotec HC,1+31,125,8.0,6.8,7.2
Ilford FP4+,Ilfotec HC,1+31,200,9.0,7.65,8.1
Ilford FP4+,Ilfotec HC,1+31,50,6.0,5.1,5.4
Ilford FP4+,Ilfotec HC,1+47,125,12.0,10.2,10.8
Ilford FP4+,Ilfotec HC,1+47,50,8.0,6.8,7.2
Ilford FP4+,Ilfotec LC29,1+19,125,8.0,6.8,7.2
Ilford FP4+,Ilfotec LC29,1+19,200,9.0,7.65,8.1
Ilford FP4+,Ilfotec LC29,1+19,50,6.0,5.1,5.4
Ilford FP4+,Ilfotec LC29,1+29,125,12.0,10.2,10.8
Ilford FP4+,Ilfotec LC29,1+29,400,14.0,11.9,12.6
Ilford FP4+,Ilfotec LC29,1+29,50,8.0,6.8,7.2
Ilford FP4+,Ilfotec LC29,1+9,200,5.0,4.25,4.5
Ilford FP4+,Ilfotec LC29,1+9,400,7.5,6.38,6.75
Ilford FP4+,Marathon,1+9,125,4.25,3.61,3.83
Ilford FP4+,Microdol-X,1+3,125,23.0,19.55,20.7
Ilford FP4+,Microdol-X,1+3,25,11.0,9.35,9.9
Ilford FP4+,Microdol-X,1+3,50,17.0,14.45,15.3
Ilford FP4+,Microdol-X,stock,125,15.0,12.75,13.5
Ilford FP4+,Microdol-X,stock,50,10.0,8.5,9.0
Ilford FP4+,Microphen,1+1,125,10.0,8.5,9.0
Ilford FP4+,Microphen,1+1,200,14.0,11.9,12.6
Ilford FP4+,Microphen,1+3,125,14.0,11.9,12.6
Ilford FP4+,Microphen,1+3,200,18.0,15.3,16.2
Ilford FP4+,Microphen,stock,125,8.0,6.8,7.2
Ilford FP4+,Microphen,stock,160,8.5,7.22,7.65
Ilford FP4+,Microphen,stock,200,9.0,7.65,8.1
Ilford FP4+,Microphen,stock,400,15.5,13.17,13.95
Ilford FP4+,Microphen,stock,800,20.0,17.0,18.0
Ilford FP4+,Mikratol-2,1+100,125,25.0,21.25,22.5
Ilford FP4+,Mikratol-2,1+50,125,11.0,9.35,9.9
Ilford FP4+,Mikratol-2,1+50,250,11.0,9.35,9.9
Ilford FP4+,Mocon,1+64,125,16.0,13.6,14.4
Ilford FP4+,Neofin Blue,1+5,125,8.0,6.8,7.2
Ilford FP4+,Neofin Blue,1+9,125,10.0,8.5,9.0
Ilford FP4+,Neofin Blue,stock,125,4.0,3.4,3.6
Ilford FP4+,Neofin Blue,stock,200,9.0,7.65,8.1
Ilford FP4+,Neopress HC,1+15,125,2.5,2.12,2.25
Ilford FP4+,Neopress HC,1+15,125,4.5,3.82,4.05
Ilford FP4+,Neopress HC,1+15,400,2.5,2.12,2.25
Ilford FP4+,Neopress HC,1+31,125,3.0,2.55,2.7
Ilford FP4+,Neopress HC,1+31,125,7.0,5.95,6.3
Ilford FP4+,Nucleol BF200,2+1+100,125,7.0,5.95,6.3
Ilford FP4+,Nucleol BF200,20+15+965,125,7.0,5.95,6.3
Ilford FP4+,Nucleol BF200,20+15+965,250,11.0,9.35,9.9
Ilford FP4+,Nucleol BF200,35+20+945,400,12.0,10.2,10.8
Ilford FP4+,Ornano Gradual ST20,1+9,125,6.5,5.52,5.85
Ilford FP4+,Ornano Gradual ST20,1+9,250,8.0,6.8,7.2
Ilford FP4+,Ornano Gradual ST20,1+9,500,10.5,8.92,9.45
Ilford FP4+,Paranol S,1+25,125,11.0,9.35,9.9
Ilford FP4+,Paranol S,1+50,125,30.0,25.5,27.0
Ilford FP4+,Parvofin,stock,125,5.5,4.67,4.95
Ilford FP4+,PC-TEA,1+50,125,13.0,11.05,11.7
Ilford FP4+,Perceptol,1+1,125,15.0,12.75,13.5
Ilford FP4+,Perceptol,1+1,50,13.0,11.05,11.7
Ilford FP4+,Perceptol,1+3,125,21.0,17.85,18.9
Ilford FP4+,Perceptol,1+3,50,17.0,14.45,15.3
Ilford FP4+,Perceptol,stock,125,12.0,10.2,10.8
Ilford FP4+,Perceptol,stock,400,17.0,14.45,15.3
Ilford FP4+,Perceptol,stock,50,9.0,7.65,8.1
Ilford FP4+,PMK,1+2+100,125,10.0,8.5,9.0
Ilford FP4+,PQ Universal,1+19,64,4.0,3.4,3.6
Ilford FP4+,Promicrol,1+14,185,9.0,7.65,8.1
Ilford FP4+,Promicrol,1+14,250,9.0,7.65,8.1
Ilford FP4+,Promicrol,1+9,185,6.0,5.1,5.4
Ilford FP4+,Promicrol,1+9,250,6.0,5.1,5.4
Ilford FP4+,Pyrocat-HD,1+1+100,100,18.0,15.3,16.2
Ilford FP4+,Pyrocat-HD,1+1+100,125,20.0,17.0,18.0
Ilford FP4+,Pyrocat-HD,1+1+100,64,8.0,6.8,7.2
Ilford FP4+,Rodinal,1+100,125,60.0,51.0,54.0
Ilford FP4+,Rodinal,1+100,125,20.0,17.0,18.0
Ilford FP4+,Rodinal,1+100,200,42.0,35.7,37.8
Ilford FP4+,Rodinal,1+100,50,19.0,16.15,17.1
Ilford FP4+,Rodinal,1+100,64,21.0,17.85,18.9
Ilford FP4+,Rodinal,1+24,400,20.0,17.0,18.0
Ilford FP4+,Rodinal,1+24,80,7.5,6.38,6.75
Ilford FP4+,Rodinal,1+25,125,9.0,7.65,8.1
Ilford FP4+,Rodinal,1+25,200,13.0,11.05,11.7
Ilford FP4+,Rodinal,1+25,25,4.0,3.4,3.6
Ilford FP4+,Rodinal,1+25,250,15.0,12.75,13.5
Ilford FP4+,Rodinal,1+25,800,35.0,29.75,31.5
Ilford FP4+,Rodinal,1+50,100,12.0,10.2,10.8
Ilford FP4+,Rodinal,1+50,125,15.0,12.75,13.5
Ilford FP4+,Rodinal,1+50,200,20.0,17.0,18.0
Ilford FP4+,Rodinal,1+50,250,26.0,22.1,23.4
Ilford FP4+,Rodinal,1+50,50,7.5,6.38,6.75
Ilford FP4+,Rodinal,1+60,125,25.0,21.25,22.5
Ilford FP4+,Rollei D74,1+15,125,5.5,4.67,4.95
Ilford FP4+,Silberra Ascorol,1+29,125,9.0,7.65,8.1
Ilford FP4+,Silberra Microl,stock,1600,11.0,9.35,9.9
Ilford FP4+,Silvermax,1+24,125,8.0,6.8,7.2
Ilford FP4+,SP-76EC,1+10,100,6.0,5.1,5.4
Ilford FP4+,SP-Ultra 4LF,1+9,160,7.0,5.95,6.3
Ilford FP4+,Sprint Standard,1+9,125,8.5,7.22,7.65
Ilford FP4+,Spur HRX,1+20,100,9.5,8.07,8.55
Ilford FP4+,Spur NHC,1+15,160,10.0,8.5,9.0
Ilford FP4+,Spur NHC,1+9,200,10.0,8.5,9.0
Ilford FP4+,Spur NHC,1+9,250,12.0,10.2,10.8
Ilford FP4+,Spur SHADOWmax,1+0+35,100,7.5,6.38,6.75
Ilford FP4+,Spur SHADOWmax,1+2+28,200,11.5,9.78,10.35
Ilford FP4+,Spur SHADOWmax,2+5+43,200,10.0,8.5,9.0
Ilford FP4+,Spur SLD,1+24,200,8.5,7.22,7.65
Ilford FP4+,Spur SLD,1+9,125,3.5,2.98,3.15
Ilford FP4+,Spur SLD,1+9,160,3.5,2.98,3.15
Ilford FP4+,Spur Speed-Major,1+14,640,13.0,11.05,11.7
Ilford FP4+,Spur Speed-Major,1+20,500,12.0,10.2,10.8
Ilford FP4+,Spur Speed-Major,1+27,400,11.0,9.35,9.9
Ilford FP4+,Spur Speed-Major,1+35,200,7.0,5.95,6.3
Ilford FP4+,Spur Speed-Major,1+35,250,8.0,6.8,7.2
Ilford FP4+,Spur Speed-Major,1+44,160,6.0,5.1,5.4
Ilford FP4+,Spur Speed-Major,1+9,800,13.0,11.05,11.7
Ilford FP4+,Spur TRX 2000,1+35,200,9.0,7.65,8.1
Ilford FP4+,Spur UFP,1+24,100,7.0,5.95,6.3
Ilford FP4+,Studional,1+15,100,3.5,2.98,3.15
Ilford FP4+,Suprol,1+19,125,2.75,2.34,2.48
Ilford FP4+,Tanol,1+1+100,125,13.0,11.05,11.7
Ilford FP4+,TMax Dev,1+4,100,6.0,5.1,5.4
Ilford FP4+,TMax Dev,1+4,100,4.5,3.82,4.05
Ilford FP4+,TMax Dev,1+4,125,8.0,6.8,7.2
Ilford FP4+,TMax Dev,1+4,125,5.5,4.67,4.95
Ilford FP4+,TMax Dev,1+4,200,9.0,7.65,8.1
Ilford FP4+,TMax Dev,1+4,320,12.0,10.2,10.8
Ilford FP4+,TMax Dev,1+4,400,14.0,11.9,12.6
Ilford FP4+,TMax Dev,1+9,100,14.0,11.9,12.6
Ilford FP4+,Ultrafin,1+10,200,9.0,7.65,8.1
Ilford FP4+,Ultrafin,1+20,125,11.0,9.35,9.9
Ilford FP4+,Ultrafin,1+20,200,14.0,11.9,12.6
Ilford FP4+,Ultrafin T-Plus,1+4,125,9.25,7.86,8.33
Ilford FP4+,Ultrafine Endurance,1+9,125,4.25,3.61,3.83
Ilford FP4+,Ultrafine Liquid,1+2,125,5.5,4.67,4.95
Ilford FP4+,Ultrafine Liquid,1+4,125,8.5,7.22,7.65
Ilford FP4+,Ultrafine Powder,1+1,125,11.0,9.35,9.9
Ilford FP4+,Uncle Mort's,1+9,125,6.0,5.1,5.4
Ilford FP4+,WD2D+,stock,100,8.0,6.8,7.2
Ilford FP4+,Wehner Developer,27+27+430,125,11.0,9.35,9.9
Ilford FP4+,XT-3,1+1,1000,17.5,14.88,15.75
Ilford FP4+,XT-3,1+1,125,10.0,8.5,9.0
Ilford FP4+,XT-3,1+1,250,12.0,10.2,10.8
Ilford FP4+,XT-3,1+1,32,8.5,7.22,7.65
Ilford FP4+,XT-3,1+1,500,14.5,12.32,13.05
Ilford FP4+,XT-3,1+1,64,8.5,7.22,7.65
Ilford FP4+,XT-3,1+2,1000,21.0,17.85,18.9
Ilford FP4+,XT-3,1+2,125,11.5,9.78,10.35
Ilford FP4+,XT-3,1+2,250,13.75,11.69,12.38
Ilford FP4+,XT-3,1+2,32,10.0,8.5,9.0
Ilford FP4+,XT-3,1+2,500,17.25,14.66,15.53
Ilford FP4+,XT-3,1+2,64,10.0,8.5,9.0
Ilford FP4+,XT-3,1+3,1000,23.5,19.97,21.15
Ilford FP4+,XT-3,1+3,125,14.75,12.54,13.28
Ilford FP4+,XT-3,1+3,250,17.0,14.45,15.3
Ilford FP4+,XT-3,1+3,32,12.5,10.62,11.25
Ilford FP4+,XT-3,1+3,500,20.0,17.0,18.0
Ilford FP4+,XT-3,1+3,64,12.5,10.62,11.25
Ilford FP4+,XT-3,stock,1000,14.0,11.9,12.6
Ilford FP4+,XT-3,stock,125,8.0,6.8,7.2
Ilford FP4+,XT-3,stock,250,9.0,7.65,8.1
Ilford FP4+,XT-3,stock,32,6.5,5.52,5.85
Ilford FP4+,XT-3,stock,500,11.0,9.35,9.9
Ilford FP4+,XT-3,stock,64,6.5,5.52,5.85
Ilford FP4+,Xtol,1+1,1000,17.5,14.88,15.75
Ilford FP4+,Xtol,1+1,125,10.0,8.5,9.0
Ilford FP4+,Xtol,1+1,250,12.0,10.2,10.8
Ilford FP4+,Xtol,1+1,32,8.5,7.22,7.65
Ilford FP4+,Xtol,1+1,500,14.5,12.32,13.05
Ilford FP4+,Xtol,1+1,64,8.5,7.22,7.65
Ilford FP4+,Xtol,1+2,1000,21.0,17.85,18.9
Ilford FP4+,Xtol,1+2,125,11.5,9.78,10.35
Ilford FP4+,Xtol,1+2,250,13.75,11.69,12.38
Ilford FP4+,Xtol,1+2,32,10.0,8.5,9.0
Ilford FP4+,Xtol,1+2,500,17.25,14.66,15.53
Ilford FP4+,Xtol,1+2,64,10.0,8.5,9.0
Ilford FP4+,Xtol,1+3,1000,23.5,19.97,21.15
Ilford FP4+,Xtol,1+3,125,14.75,12.54,13.28
Ilford FP4+,Xtol,1+3,250,17.0,14.45,15.3
Ilford FP4+,Xtol,1+3,32,12.5,10.62,11.25
Ilford FP4+,Xtol,1+3,500,20.0,17.0,18.0
Ilford FP4+,Xtol,1+3,64,12.5,10.62,11.25
Ilford FP4+,Xtol,stock,1000,14.0,11.9,12.6
Ilford FP4+,Xtol,stock,125,8.0,6.8,7.2
Ilford FP4+,Xtol,stock,250,9.0,7.65,8.1
Ilford FP4+,Xtol,stock,32,6.5,5.52,5.85
Ilford FP4+,Xtol,stock,500,11.0,9.35,9.9
Ilford FP4+,Xtol,stock,64,6.5,5.52,5.85
Ilford HP5+,510-Pyro,1+100,1600,28.0,23.8,25.2
Ilford HP5+,510-Pyro,1+100,320,8.75,7.44,7.88
Ilford HP5+,510-Pyro,1+100,400,8.25,7.01,7.42
Ilford HP5+,510-Pyro,1+100,400,13.75,11.69,12.38
Ilford HP5+,510-Pyro,1+100,500,8.75,7.44,7.88
Ilford HP5+,510-Pyro,1+100,800,13.5,11.47,12.15
Ilford HP5+,Acufine,stock,1600,9.5,8.07,8.55
Ilford HP5+,Acufine,stock,400,4.5,3.82,4.05
Ilford HP5+,Acurol-N,1+50,200,12.0,10.2,10.8
Ilford HP5+,Adox HR-DEV,1+14,1000,15.0,12.75,13.5
Ilford HP5+,Adox HR-DEV,1+30,400,12.0,10.2,10.8
Ilford HP5+,ADX II,1+24,400,8.0,6.8,7.2
Ilford HP5+,Agfa 12,stock,800,8.0,6.8,7.2
Ilford HP5+,Agfa Ansco 48M,1+1,250,5.0,4.25,4.5
Ilford HP5+,Agfa Ansco 72,1+19,250,5.5,4.67,4.95
Ilford HP5+,Amaloco AM74,1+7,400,5.0,4.25,4.5
Ilford HP5+,Amaloco AM74,1+7,800,7.0,5.95,6.3
Ilford HP5+,Arista® Liquid,1+9,400,7.0,5.95,6.3
Ilford HP5+,Arista® Premium,1+9,400,7.0,5.95,6.3
Ilford HP5+,Ars-Imago FD,1+39,1600,13.0,11.05,11.7
Ilford HP5+,Ars-Imago FD,1+39,200,4.0,3.4,3.6
Ilford HP5+,Ars-Imago FD,1+39,3200,18.0,15.3,16.2
Ilford HP5+,Ars-Imago FD,1+39,400,5.25,4.46,4.73
Ilford HP5+,Ars-Imago FD,1+39,800,8.0,6.8,7.2
Ilford HP5+,Ars-Imago FE,1+1,1600,12.5,10.62,11.25
Ilford HP5+,Ars-Imago FE,1+1,200,6.5,5.52,5.85
Ilford HP5+,Ars-Imago FE,1+1,400,8.0,6.8,7.2
Ilford HP5+,Ars-Imago FE,1+1,800,10.0,8.5,9.0
Ilford HP5+,Atomal 49,1+1,1600,18.0,15.3,16.2
Ilford HP5+,Atomal 49,1+1,400,12.0,10.2,10.8
Ilford HP5+,Atomal 49,stock,400,7.5,6.38,6.75
Ilford HP5+,Atomal 49,stock,800,9.0,7.65,8.1
Ilford HP5+,Bellini FX6a Monobath,stock,400,9.0,7.65,8.1
Ilford HP5+,Bellini Hydrofen,1+15,400,4.0,3.4,3.6
Ilford HP5+,Bellini Hydrofen,1+31,400,8.0,6.8,7.2
Ilford HP5+,Bellini Hydrofen,1+39,1600,13.0,11.05,11.7
Ilford HP5+,Bellini Hydrofen,1+39,400,5.25,4.46,4.73
Ilford HP5+,Bellini Hydrofen,1+39,800,8.0,6.8,7.2
Ilford HP5+,Berspeed,1+1,1600,22.0,18.7,19.8
Ilford HP5+,Berspeed,1+1,400,12.0,10.2,10.8
Ilford HP5+,Berspeed,1+1,800,17.0,14.45,15.3
Ilford HP5+,Black/White & Green,1+100,3200,60.0,51.0,54.0
Ilford HP5+,Black/White & Green,1+49,1600,22.0,18.7,19.8
Ilford HP5+,Black/White & Green,1+49,400,15.25,12.96,13.72
Ilford HP5+,Black/White & Green,1+49,800,19.5,16.57,17.55
Ilford HP5+,Caffenol C,stock,12800,40.0,34.0,36.0
Ilford HP5+,Caffenol C,stock,200,9.0,7.65,8.1
Ilford HP5+,Caffenol C,stock,400,10.0,8.5,9.0
Ilford HP5+,Caffenol C-H,stock,1600,18.0,15.3,16.2
Ilford HP5+,Caffenol C-H (rs),stock,100,12.5,10.62,11.25
Ilford HP5+,Caffenol C-H (rs),stock,400,15.0,12.75,13.5
Ilford HP5+,Caffenol C-H (rs),stock,800,17.0,14.45,15.3
Ilford HP5+,Caffenol C-L,stock,1600,70.0,59.5,63.0
Ilford HP5+,D-23,1+1,200,10.0,8.5,9.0
Ilford HP5+,D-23,1+1,400,13.0,11.05,11.7
Ilford HP5+,D-23,1+1,800,20.0,17.0,18.0
Ilford HP5+,D-23,1+3,200,18.0,15.3,16.2
Ilford HP5+,D-23,1+3,400,20.0,17.0,18.0
Ilford HP5+,D-23,stock,400,7.5,6.38,6.75
Ilford HP5+,D-76,1+1,100,6.0,5.1,5.4
Ilford HP5+,D-76,1+1,1600,18.0,15.3,16.2
Ilford HP5+,D-76,1+1,3200,25.0,21.25,22.5
Ilford HP5+,D-76,1+1,400,13.0,11.05,11.7
Ilford HP5+,D-76,1+1,800,13.0,11.05,11.7
Ilford HP5+,D-76,1+1,800,16.5,14.03,14.85
Ilford HP5+,D-76,1+2,1600,21.5,18.27,19.35
Ilford HP5+,D-76,1+2,200,12.5,10.62,11.25
Ilford HP5+,D-76,1+2,400,15.25,12.96,13.72
Ilford HP5+,D-76,1+2,800,19.0,16.15,17.1
Ilford HP5+,D-76,1+3,200,14.0,11.9,12.6
Ilford HP5+,D-76,1+3,400,20.0,17.0,18.0
Ilford HP5+,D-76,1+3,800,25.0,21.25,22.5
Ilford HP5+,D-76,1+5,3200,60.0,51.0,54.0
Ilford HP5+,D-76,1+5,400,30.0,25.5,27.0
Ilford HP5+,D-76,stock,1600,14.0,11.9,12.6
Ilford HP5+,D-76,stock,200,6.75,5.74,6.08
Ilford HP5+,D-76,stock,400,7.5,6.38,6.75
Ilford HP5+,D-76,stock,6400,34.0,28.9,30.6
Ilford HP5+,D-76,stock,800,10.5,8.92,9.45
Ilford HP5+,D-76D,stock,400,8.5,7.22,7.65
Ilford HP5+,D-96,stock,400,7.5,6.38,6.75
Ilford HP5+,Dektol,1+9,400,7.0,5.95,6.3
Ilford HP5+,DK-50,1+1,250,5.5,4.67,4.95
Ilford HP5+,DK-50,1+1,800,7.5,6.38,6.75
Ilford HP5+,DK-50,stock,400,6.0,5.1,5.4
Ilford HP5+,DK-60a,1+3,400,8.0,6.8,7.2
Ilford HP5+,Eco Pro,1+1,100,10.25,8.71,9.22
Ilford HP5+,Eco Pro,1+1,1600,18.0,15.3,16.2
Ilford HP5+,Eco Pro,1+1,200,10.25,8.71,9.22
Ilford HP5+,Eco Pro,1+1,3200,22.5,19.12,20.25
Ilford HP5+,Eco Pro,1+1,400,12.0,10.2,10.8
Ilford HP5+,Eco Pro,1+1,800,14.25,12.11,12.83
Ilford HP5+,Eco Pro,1+2,100,12.75,10.84,11.47
Ilford HP5+,Eco Pro,1+2,1600,21.0,17.85,18.9
Ilford HP5+,Eco Pro,1+2,200,12.75,10.84,11.47
Ilford HP5+,Eco Pro,1+2,3200,28.0,23.8,25.2
Ilford HP5+,Eco Pro,1+2,400,15.5,13.17,13.95
Ilford HP5+,Eco Pro,1+2,800,18.0,15.3,16.2
Ilford HP5+,Eco Pro,1+3,100,14.5,12.32,13.05
Ilford HP5+,Eco Pro,1+3,1600,27.5,23.38,24.75
Ilford HP5+,Eco Pro,1+3,200,14.5,12.32,13.05
Ilford HP5+,Eco Pro,1+3,400,18.0,15.3,16.2
Ilford HP5+,Eco Pro,1+3,800,23.0,19.55,20.7
Ilford HP5+,Eco Pro,stock,1600,13.0,11.05,11.7
Ilford HP5+,Eco Pro,stock,200,7.5,6.38,6.75
Ilford HP5+,Eco Pro,stock,3200,17.5,14.88,15.75
Ilford HP5+,Eco Pro,stock,400,8.5,7.22,7.65
Ilford HP5+,Eco Pro,stock,400,6.0,5.1,5.4
Ilford HP5+,Eco Pro,stock,800,10.5,8.92,9.45
Ilford HP5+,Extend Plus,1+15,400,10.0,8.5,9.0
Ilford HP5+,F76+,1+14,250,9.0,7.65,8.1
Ilford HP5+,F76+,1+9,400,7.0,5.95,6.3
Ilford HP5+,FA-1027,1+14,400,9.0,7.65,8.1
Ilford HP5+,FA-1027,1+20,400,9.0,7.65,8.1
Ilford HP5+,FA-1027,1+9,1600,16.5,14.03,14.85
Ilford HP5+,FA-1027,1+9,800,12.5,10.62,11.25
Ilford HP5+,FD10,1+14,400,11.0,9.35,9.9
Ilford HP5+,FD10,1+9,400,7.0,5.95,6.3
Ilford HP5+,FD10,1+9,800,9.0,7.65,8.1
Ilford HP5+,Foma Universal,1+3,400,9.5,8.07,8.55
Ilford HP5+,Fomadon Excel,1+1,800,14.5,12.32,13.05
Ilford HP5+,Fomadon Excel,stock,400,8.0,6.8,7.2
Ilford HP5+,Fomadon LQN,1+10,400,9.5,8.07,8.55
Ilford HP5+,Fomadon P,stock,400,14.0,11.9,12.6
Ilford HP5+,Fomadon R09,1+50,400,15.0,12.75,13.5
Ilford HP5+,Fuji Microfine,stock,400,11.0,9.35,9.9
Ilford HP5+,FX-15,1+1,400,14.0,11.9,12.6
Ilford HP5+,FX-15,1+3,640,24.0,20.4,21.6
Ilford HP5+,FX-15,stock,400,9.0,7.65,8.1
Ilford HP5+,FX-19,stock,100,10.0,8.5,9.0
Ilford HP5+,FX-37,1+3,640,6.5,5.52,5.85
Ilford HP5+,FX-39,1+9,1600,24.0,20.4,21.6
Ilford HP5+,FX-39,1+9,400,14.0,11.9,12.6
Ilford HP5+,FX-39,1+9,400,11.0,9.35,9.9
Ilford HP5+,FX-39,1+9,800,18.5,15.72,16.65
Ilford HP5+,FX-55,1+9,400,13.5,11.47,12.15
Ilford HP5+,HC-110,A,1000,4.0,3.4,3.6
Ilford HP5+,HC-110,A,1600,5.5,4.67,4.95
Ilford HP5+,HC-110,A,3200,9.5,8.07,8.55
Ilford HP5+,HC-110,A,400,2.5,2.12,2.25
Ilford HP5+,HC-110,A,800,3.5,2.98,3.15
Ilford HP5+,HC-110,B,12800,140.0,119.0,126.0
Ilford HP5+,HC-110,B,12800,120.0,102.0,108.0
Ilford HP5+,HC-110,B,1600,11.0,9.35,9.9
Ilford HP5+,HC-110,B,3200,16.0,13.6,14.4
Ilford HP5+,HC-110,B,400,5.0,4.25,4.5
Ilford HP5+,HC-110,B,800,7.5,6.38,6.75
Ilford HP5+,HC-110,D,800,9.5,8.07,8.55
Ilford HP5+,HC-110,E,400,7.5,6.38,6.75
Ilford HP5+,HC-110,H,3200,38.0,32.3,34.2
Ilford HP5+,HC-110,H,400,11.0,9.35,9.9
Ilford HP5+,ID-11,1+1,100,6.0,5.1,5.4
Ilford HP5+,ID-11,1+1,1600,21.0,17.85,18.9
Ilford HP5+,ID-11,1+1,3200,25.0,21.25,22.5
Ilford HP5+,ID-11,1+1,400,13.0,11.05,11.7
Ilford HP5+,ID-11,1+1,800,16.5,14.03,14.85
Ilford HP5+,ID-11,1+2,1600,21.5,18.27,19.35
Ilford HP5+,ID-11,1+2,250,15.0,12.75,13.5
Ilford HP5+,ID-11,1+2,400,15.25,12.96,13.72
Ilford HP5+,ID-11,1+2,800,19.0,16.15,17.1
Ilford HP5+,ID-11,1+3,1600,30.0,25.5,27.0
Ilford HP5+,ID-11,1+3,200,14.0,11.9,12.6
Ilford HP5+,ID-11,1+3,400,20.0,17.0,18.0
Ilford HP5+,ID-11,1+3,800,25.0,21.25,22.5
Ilford HP5+,ID-11,1+5,3200,60.0,51.0,54.0
Ilford HP5+,ID-11,1+5,400,30.0,25.5,27.0
Ilford HP5+,ID-11,1+7,1600,60.0,51.0,54.0
Ilford HP5+,ID-11,stock,1600,14.0,11.9,12.6
Ilford HP5+,ID-11,stock,200,6.75,5.74,6.08
Ilford HP5+,ID-11,stock,400,7.5,6.38,6.75
Ilford HP5+,ID-11,stock,6400,34.0,28.9,30.6
Ilford HP5+,ID-11,stock,800,10.5,8.92,9.45
Ilford HP5+,ID-68,stock,400,6.5,5.52,5.85
Ilford HP5+,Ilfosol 3,1+14,200,7.0,5.95,6.3
Ilford HP5+,Ilfosol 3,1+14,400,11.0,9.35,9.9
Ilford HP5+,Ilfosol 3,1+14,800,19.5,16.57,17.55
Ilford HP5+,Ilfosol 3,1+9,1600,17.0,14.45,15.3
Ilford HP5+,Ilfosol 3,1+9,200,5.0,4.25,4.5
Ilford HP5+,Ilfosol 3,1+9,400,6.5,5.52,5.85
Ilford HP5+,Ilfosol 3,1+9,800,13.5,11.47,12.15
Ilford HP5+,Ilfotec DD,stock,400,10.0,8.5,9.0
Ilford HP5+,Ilfotec DD-X,1+4,1600,13.0,11.05,11.7
Ilford HP5+,Ilfotec DD-X,1+4,200,7.0,5.95,6.3
Ilford HP5+,Ilfotec DD-X,1+4,3200,20.0,17.0,18.0
Ilford HP5+,Ilfotec DD-X,1+4,400,9.0,7.65,8.1
Ilford HP5+,Ilfotec DD-X,1+4,800,10.0,8.5,9.0
Ilford HP5+,Ilfotec DD-X,1+9,400,15.75,13.39,14.18
Ilford HP5+,Ilfotec DD-X,1+9,800,40.0,34.0,36.0
Ilford HP5+,Ilfotec HC,1+15,1600,7.5,6.38,6.75
Ilford HP5+,Ilfotec HC,1+15,3200,11.0,9.35,9.9
Ilford HP5+,Ilfotec HC,1+15,800,5.0,4.25,4.5
Ilford HP5+,Ilfotec HC,1+31,1600,14.0,11.9,12.6
Ilford HP5+,Ilfotec HC,1+31,400,6.5,5.52,5.85
Ilford HP5+,Ilfotec HC,1+31,800,9.5,8.07,8.55
Ilford HP5+,Ilfotec HC,1+47,400,9.0,7.65,8.1
Ilford HP5+,Ilfotec LC29,1+19,1600,14.0,11.9,12.6
Ilford HP5+,Ilfotec LC29,1+19,200,5.0,4.25,4.5
Ilford HP5+,Ilfotec LC29,1+19,400,6.5,5.52,5.85
Ilford HP5+,Ilfotec LC29,1+19,800,9.5,8.07,8.55
Ilford HP5+,Ilfotec LC29,1+29,100,7.0,5.95,6.3
Ilford HP5+,Ilfotec LC29,1+29,400,9.0,7.65,8.1
Ilford HP5+,Ilfotec LC29,1+9,1600,7.5,6.38,6.75
Ilford HP5+,Ilfotec LC29,1+9,3200,12.5,10.62,11.25
Ilford HP5+,Ilfotec LC29,1+9,3200,20.0,17.0,18.0
Ilford HP5+,Ilfotec LC29,1+9,800,5.0,4.25,4.5
Ilford HP5+,Marathon,1+3,400,16.0,13.6,14.4
Ilford HP5+,Marathon,1+9,100,4.25,3.61,3.83
Ilford HP5+,Microdol-X,1+1,50,9.5,8.07,8.55
Ilford HP5+,Microdol-X,1+3,400,25.0,21.25,22.5
Ilford HP5+,Microdol-X,stock,400,11.0,9.35,9.9
Ilford HP5+,Microphen,1+1,1600,21.0,17.85,18.9
Ilford HP5+,Microphen,1+1,400,12.0,10.2,10.8
Ilford HP5+,Microphen,1+1,800,15.0,12.75,13.5
Ilford HP5+,Microphen,1+3,200,16.0,13.6,14.4
Ilford HP5+,Microphen,1+3,400,23.0,19.55,20.7
Ilford HP5+,Microphen,stock,1600,11.0,9.35,9.9
Ilford HP5+,Microphen,stock,3200,16.0,13.6,14.4
Ilford HP5+,Microphen,stock,400,6.5,5.52,5.85
Ilford HP5+,Microphen,stock,6400,20.5,17.43,18.45
Ilford HP5+,Microphen,stock,800,8.0,6.8,7.2
Ilford HP5+,Mocon,1+64,400,15.0,12.75,13.5
Ilford HP5+,Moersch eco,2+1+40,400,13.5,11.47,12.15
Ilford HP5+,Neofin Blue,1+10,400,4.5,3.82,4.05
Ilford HP5+,Neofin Blue,stock,400,18.0,15.3,16.2
Ilford HP5+,Neopress HC,1+15,1600,6.0,5.1,5.4
Ilford HP5+,Neopress HC,1+15,400,3.0,2.55,2.7
Ilford HP5+,Neopress HC,1+15,800,3.5,2.98,3.15
Ilford HP5+,Neopress HC,1+31,400,4.0,3.4,3.6
Ilford HP5+,Neopress HC,1+31,400,6.0,5.1,5.4
Ilford HP5+,Nucleol BF200,20+15+965,400,10.5,8.92,9.45
Ilford HP5+,Nucleol BF200,20+15+965,800,12.5,10.62,11.25
Ilford HP5+,Nucleol BF200,35+20+945,1600,16.0,13.6,14.4
Ilford HP5+,Nucleol BF200,60+35+905,3200,27.0,22.95,24.3
Ilford HP5+,Obsidian Aqua,1+500,400,12.0,10.2,10.8
Ilford HP5+,Ornano Gradual ST20,1+9,1600,18.5,15.72,16.65
Ilford HP5+,Ornano Gradual ST20,1+9,400,12.5,10.62,11.25
Ilford HP5+,Ornano Gradual ST20,1+9,800,15.0,12.75,13.5
Ilford HP5+,Paranol S,1+25,400,11.0,9.35,9.9
Ilford HP5+,Paranol S,1+25,800,14.0,11.9,12.6
Ilford HP5+,Paranol S,1+50,400,25.0,21.25,22.5
Ilford HP5+,Parodinal,1+25,400,6.0,5.1,5.4
Ilford HP5+,Parodinal,1+25,800,8.0,6.8,7.2
Ilford HP5+,Parvofin,stock,400,7.5,6.38,6.75
Ilford HP5+,PC-TEA,1+50,200,8.0,6.8,7.2
Ilford HP5+,PC-TEA,1+50,320,10.0,8.5,9.0
Ilford HP5+,PC-TEA,1+50,400,13.5,11.47,12.15
Ilford HP5+,PC-TEA,1+50,400,9.5,8.07,8.55
Ilford HP5+,Perceptol,1+1,320,18.0,15.3,16.2
Ilford HP5+,Perceptol,1+1,400,15.0,12.75,13.5
Ilford HP5+,Perceptol,1+2,200,14.5,12.32,13.05
Ilford HP5+,Perceptol,1+3,320,20.0,17.0,18.0
Ilford HP5+,Perceptol,1+3,400,25.0,21.25,22.5
Ilford HP5+,Perceptol,stock,100,9.0,7.65,8.1
Ilford HP5+,Perceptol,stock,125,10.0,8.5,9.0
Ilford HP5+,Perceptol,stock,1600,22.0,18.7,19.8
Ilford HP5+,Perceptol,stock,200,11.0,9.35,9.9
Ilford HP5+,Perceptol,stock,400,11.0,9.35,9.9
Ilford HP5+,Perceptol,stock,50,9.0,7.65,8.1
Ilford HP5+,PMK,1+2+100,400,12.5,10.62,11.25
Ilford HP5+,PMK,1+2+100,400,12.0,10.2,10.8
Ilford HP5+,PQ Universal,1+19,320,4.5,3.82,4.05
Ilford HP5+,Promicrol,1+14,600,16.0,13.6,14.4
Ilford HP5+,Promicrol,1+14,800,16.0,13.6,14.4
Ilford HP5+,Promicrol,1+9,600,11.0,9.35,9.9
Ilford HP5+,Promicrol,1+9,800,11.0,9.35,9.9
Ilford HP5+,Pyrocat-HD,1+1+100,200,9.0,7.65,8.1
Ilford HP5+,Pyrocat-HD,1+1+100,400,20.0,17.0,18.0
Ilford HP5+,Pyrocat-HD,1+1+100,400,15.0,12.75,13.5
Ilford HP5+,Pyrocat-HD,1+1+90,400,17.0,14.45,15.3
Ilford HP5+,Pyrocat-HD,2+3+200,200,12.5,10.62,11.25
Ilford HP5+,Rodinal,1+100,160,20.0,17.0,18.0
Ilford HP5+,Rodinal,1+100,1600,120.0,102.0,108.0
Ilford HP5+,Rodinal,1+100,400,16.0,13.6,14.4
Ilford HP5+,Rodinal,1+100,400,80.0,68.0,72.0
Ilford HP5+,Rodinal,1+100,6400,270.0,229.5,243.0
Ilford HP5+,Rodinal,1+200,1600,240.0,204.0,216.0
Ilford HP5+,Rodinal,1+25,100,6.0,5.1,5.4
Ilford HP5+,Rodinal,1+25,1600,12.0,10.2,10.8
Ilford HP5+,Rodinal,1+25,200,5.0,4.25,4.5
Ilford HP5+,Rodinal,1+25,200,4.75,4.04,4.28
Ilford HP5+,Rodinal,1+25,320,8.0,6.8,7.2
Ilford HP5+,Rodinal,1+25,400,6.0,5.1,5.4
Ilford HP5+,Rodinal,1+25,800,8.0,6.8,7.2
Ilford HP5+,Rodinal,1+36,200,7.5,6.38,6.75
Ilford HP5+,Rodinal,1+50,100,9.0,7.65,8.1
Ilford HP5+,Rodinal,1+50,1600,24.0,20.4,21.6
Ilford HP5+,Rodinal,1+50,1600,5.0,4.25,4.5
Ilford HP5+,Rodinal,1+50,25,7.0,5.95,6.3
Ilford HP5+,Rodinal,1+50,400,11.0,9.35,9.9
Ilford HP5+,Rodinal,1+50,6400,52.0,44.2,46.8
Ilford HP5+,Rodinal,1+50,800,16.0,13.6,14.4
Ilford HP5+,Rodinal,1+60,400,20.0,17.0,18.0
Ilford HP5+,Rodinal,1+75,200,17.0,14.45,15.3
Ilford HP5+,Rodinal,23+1000,400,13.5,11.47,12.15
Ilford HP5+,Rollei D74,1+15,400,8.5,7.22,7.65
Ilford HP5+,Rollei D74,1+9,400,6.0,5.1,5.4
Ilford HP5+,Rollei Supergrain,1+15,1600,11.75,9.99,10.58
Ilford HP5+,Rollei Supergrain,1+15,400,7.0,5.95,6.3
Ilford HP5+,Romek PQ7,1+3,400,12.0,10.2,10.8
Ilford HP5+,Silberra Ascorol,1+29,3200,20.0,17.0,18.0
Ilford HP5+,Silberra Ascorol,1+29,400,8.0,6.8,7.2
Ilford HP5+,Silvermax,1+19,400,10.0,8.5,9.0
Ilford HP5+,SP-76EC,1+10,400,6.5,5.52,5.85
Ilford HP5+,Sprint Standard,1+1,1600,10.0,8.5,9.0
Ilford HP5+,Sprint Standard,1+9,1600,17.0,14.45,15.3
Ilford HP5+,Sprint Standard,1+9,400,10.0,8.5,9.0
Ilford HP5+,Sprint Standard,1+9,800,13.0,11.05,11.7
Ilford HP5+,Spur HRX,1+17,400,11.0,9.35,9.9
Ilford HP5+,Spur NHC,1+12,640,9.0,7.65,8.1
Ilford HP5+,Spur NHC,1+9,1000,14.0,11.9,12.6
Ilford HP5+,Spur NHC,1+9,800,11.0,9.35,9.9
Ilford HP5+,Spur Omega X,1+14,400,15.0,12.75,13.5
Ilford HP5+,Spur SD 2525,1+15,250,6.5,5.52,5.85
Ilford HP5+,Spur SHADOWmax,1+1+29,500,10.0,8.5,9.0
Ilford HP5+,Spur SHADOWmax,1+1+29,640,13.0,11.05,11.7
Ilford HP5+,Spur SHADOWmax,1+1+34,400,11.0,9.35,9.9
Ilford HP5+,Spur SHADOWmax,1+1+34,400,9.0,7.65,8.1
Ilford HP5+,Spur SHADOWmax,1+2+18,1250,15.0,12.75,13.5
Ilford HP5+,Spur SHADOWmax,1+2+22,800,14.0,11.9,12.6
Ilford HP5+,Spur SLD,1+20,500,11.0,9.35,9.9
Ilford HP5+,Spur SLD,1+9,640,6.0,5.1,5.4
Ilford HP5+,Spur Speed-Major,1+14,1250,12.0,10.2,10.8
Ilford HP5+,Spur Speed-Major,1+14,1600,13.0,11.05,11.7
Ilford HP5+,Spur Speed-Major,1+20,1000,12.0,10.2,10.8
Ilford HP5+,Spur Speed-Major,1+24,800,11.0,9.35,9.9
Ilford HP5+,Spur Speed-Major,1+30,400,10.0,8.5,9.0
Ilford HP5+,Spur Speed-Major,1+40,400,8.0,6.8,7.2
Ilford HP5+,Spur Speed-Major,1+7,2000,15.0,12.75,13.5
Ilford HP5+,Spur Speed-Major,1+7,3200,15.0,12.75,13.5
Ilford HP5+,Spur Speed-Major,1+9,2000,14.0,11.9,12.6
Ilford HP5+,Spur Speed-Major,1+9,3200,14.0,11.9,12.6
Ilford HP5+,Spur TRX 2000,1+14,1000,15.0,12.75,13.5
Ilford HP5+,Spur TRX 2000,1+30,400,12.0,10.2,10.8
Ilford HP5+,Spur UFP,1+24,400,9.0,7.65,8.1
Ilford HP5+,Studional,1+15,400,4.0,3.4,3.6
Ilford HP5+,Studional,1+29,200,6.25,5.31,5.62
Ilford HP5+,Studional,1+30,320,6.5,5.52,5.85
Ilford HP5+,Suprol,1+19,400,3.25,2.76,2.93
Ilford HP5+,Tanol,1+1+100,250,12.0,10.2,10.8
Ilford HP5+,Tanol,1+1+100,400,14.0,11.9,12.6
Ilford HP5+,TMax Dev,1+4,125,4.5,3.82,4.05
Ilford HP5+,TMax Dev,1+4,1600,9.5,8.07,8.55
Ilford HP5+,TMax Dev,1+4,3200,11.5,9.78,10.35
Ilford HP5+,TMax Dev,1+4,400,6.5,5.52,5.85
Ilford HP5+,TMax Dev,1+4,800,8.0,6.8,7.2
Ilford HP5+,TMax RS,stock,250,5.0,4.25,4.5
Ilford HP5+,TMax RS,stock,400,6.5,5.52,5.85
Ilford HP5+,Ultrafin,1+10,400,4.5,3.82,4.05
Ilford HP5+,Ultrafin,1+20,400,13.0,11.05,11.7
Ilford HP5+,Ultrafin,1+20,400,8.0,6.8,7.2
Ilford HP5+,Ultrafin T-Plus,1+10,800,23.0,19.55,20.7
Ilford HP5+,Ultrafin T-Plus,1+4,1600,16.0,13.6,14.4
Ilford HP5+,Ultrafin T-Plus,1+4,3200,23.0,19.55,20.7
Ilford HP5+,Ultrafin T-Plus,1+4,400,9.25,7.86,8.33
Ilford HP5+,Ultrafine Endurance,1+9,400,5.25,4.46,4.73
Ilford HP5+,Ultrafine Liquid,1+2,400,7.5,6.38,6.75
Ilford HP5+,Ultrafine Liquid,1+4,400,11.0,9.35,9.9
Ilford HP5+,Ultrafine Powder,1+1,400,11.0,9.35,9.9
Ilford HP5+,Uncle Mort's,1+9,400,11.0,9.35,9.9
Ilford HP5+,WD2D+,stock,400,9.0,7.65,8.1
Ilford HP5+,XT-3,1+1,100,10.25,8.71,9.22
Ilford HP5+,XT-3,1+1,1600,18.0,15.3,16.2
Ilford HP5+,XT-3,1+1,200,10.25,8.71,9.22
Ilford HP5+,XT-3,1+1,3200,22.5,19.12,20.25
Ilford HP5+,XT-3,1+1,400,12.0,10.2,10.8
Ilford HP5+,XT-3,1+1,800,14.25,12.11,12.83
Ilford HP5+,XT-3,1+2,100,12.75,10.84,11.47
Ilford HP5+,XT-3,1+2,1600,21.0,17.85,18.9
Ilford HP5+,XT-3,1+2,200,12.75,10.84,11.47
Ilford HP5+,XT-3,1+2,3200,28.0,23.8,25.2
Ilford HP5+,XT-3,1+2,400,15.5,13.17,13.95
Ilford HP5+,XT-3,1+2,800,18.0,15.3,16.2
Ilford HP5+,XT-3,1+3,100,14.5,12.32,13.05
Ilford HP5+,XT-3,1+3,1600,27.5,23.38,24.75
Ilford HP5+,XT-3,1+3,200,14.5,12.32,13.05
Ilford HP5+,XT-3,1+3,400,18.0,15.3,16.2
Ilford HP5+,XT-3,1+3,800,23.0,19.55,20.7
Ilford HP5+,XT-3,stock,1600,13.0,11.05,11.7
Ilford HP5+,XT-3,stock,200,7.5,6.38,6.75
Ilford HP5+,XT-3,stock,3200,17.5,14.88,15.75
Ilford HP5+,XT-3,stock,400,8.5,7.22,7.65
Ilford HP5+,XT-3,stock,400,6.0,5.1,5.4
Ilford HP5+,XT-3,stock,800,10.5,8.92,9.45
Ilford HP5+,Xtol,1+1,100,10.25,8.71,9.22
Ilford HP5+,Xtol,1+1,1600,18.0,15.3,16.2
Ilford HP5+,Xtol,1+1,200,10.25,8.71,9.22
Ilford HP5+,Xtol,1+1,3200,22.5,19.12,20.25
Ilford HP5+,Xtol,1+1,400,12.0,10.2,10.8
Ilford HP5+,Xtol,1+1,800,14.25,12.11,12.83
Ilford HP5+,Xtol,1+2,100,12.75,10.84,11.47
Ilford HP5+,Xtol,1+2,1600,21.0,17.85,18.9
Ilford HP5+,Xtol,1+2,200,12.75,10.84,11.47
Ilford HP5+,Xtol,1+2,3200,28.0,23.8,25.2
Ilford HP5+,Xtol,1+2,400,15.5,13.17,13.95
Ilford HP5+,Xtol,1+2,800,18.0,15.3,16.2
Ilford HP5+,Xtol,1+3,100,14.5,12.32,13.05
Ilford HP5+,Xtol,1+3,1600,27.5,23.38,24.75
Ilford HP5+,Xtol,1+3,200,14.5,12.32,13.05
Ilford HP5+,Xtol,1+3,400,18.0,15.3,16.2
Ilford HP5+,Xtol,1+3,800,23.0,19.55,20.7
Ilford HP5+,Xtol,stock,1600,13.0,11.05,11.7
Ilford HP5+,Xtol,stock,200,7.5,6.38,6.75
Ilford HP5+,Xtol,stock,3200,17.5,14.88,15.75
Ilford HP5+,Xtol,stock,400,8.5,7.22,7.65
Ilford HP5+,Xtol,stock,400,6.0,5.1,5.4
Ilford HP5+,Xtol,stock,800,10.5,8.92,9.45
Ilford Ortho Plus,510-Pyro,1+100,80,9.0,7.65,8.1
Ilford Ortho Plus,Acufine,stock,80,4.75,4.04,4.28
Ilford Ortho Plus,Bellini Hydrofen,1+15,80,5.0,4.25,4.5
Ilford Ortho Plus,Bellini Hydrofen,1+31,80,10.0,8.5,9.0
Ilford Ortho Plus,Black/White & Green,1+49,80,12.25,10.41,11.03
Ilford Ortho Plus,Caffenol,stock,80,8.0,6.8,7.2
Ilford Ortho Plus,D-76,1+1,40,10.5,8.92,9.45
Ilford Ortho Plus,D-76,1+1,80,10.5,8.92,9.45
Ilford Ortho Plus,D-76,1+3,40,16.0,13.6,14.4
Ilford Ortho Plus,D-76,1+3,80,16.0,13.6,14.4
Ilford Ortho Plus,D-76,stock,40,8.0,6.8,7.2
Ilford Ortho Plus,D-76,stock,80,8.0,6.8,7.2
Ilford Ortho Plus,DK-50,1+1,80,6.5,5.52,5.85
Ilford Ortho Plus,HC-110,B,80,6.0,5.1,5.4
Ilford Ortho Plus,HC-110,B,80,8.0,6.8,7.2
Ilford Ortho Plus,ID-11,1+1,40,10.5,8.92,9.45
Ilford Ortho Plus,ID-11,1+1,80,10.5,8.92,9.45
Ilford Ortho Plus,ID-11,1+3,40,16.0,13.6,14.4
Ilford Ortho Plus,ID-11,1+3,80,16.0,13.6,14.4
Ilford Ortho Plus,ID-11,stock,40,8.0,6.8,7.2
Ilford Ortho Plus,ID-11,stock,80,8.0,6.8,7.2
Ilford Ortho Plus,Ilfosol 3,1+14,40,7.0,5.95,6.3
Ilford Ortho Plus,Ilfosol 3,1+14,80,7.0,5.95,6.3
Ilford Ortho Plus,Ilfosol 3,1+9,40,5.0,4.25,4.5
Ilford Ortho Plus,Ilfosol 3,1+9,80,5.0,4.25,4.5
Ilford Ortho Plus,Ilfotec DD-X,1+4,40,10.5,8.92,9.45
Ilford Ortho Plus,Ilfotec DD-X,1+4,80,10.5,8.92,9.45
Ilford Ortho Plus,Ilfotec HC,1+15,40,4.0,3.4,3.6
Ilford Ortho Plus,Ilfotec HC,1+15,80,4.0,3.4,3.6
Ilford Ortho Plus,Ilfotec HC,1+31,40,6.0,5.1,5.4
Ilford Ortho Plus,Ilfotec HC,1+31,80,6.0,5.1,5.4
Ilford Ortho Plus,Ilfotec LC29,1+19,40,6.0,5.1,5.4
Ilford Ortho Plus,Ilfotec LC29,1+19,40,8.0,6.8,7.2
Ilford Ortho Plus,Ilfotec LC29,1+19,80,6.0,5.1,5.4
Ilford Ortho Plus,Ilfotec LC29,1+19,80,8.0,6.8,7.2
Ilford Ortho Plus,Ilfotec LC29,1+9,40,4.0,3.4,3.6
Ilford Ortho Plus,Ilfotec LC29,1+9,40,5.0,4.25,4.5
Ilford Ortho Plus,Ilfotec LC29,1+9,80,4.0,3.4,3.6
Ilford Ortho Plus,Ilfotec LC29,1+9,80,5.0,4.25,4.5
Ilford Ortho Plus,Kalogen,1+50,80,7.5,6.38,6.75
Ilford Ortho Plus,Microphen,1+1,40,11.5,9.78,10.35
Ilford Ortho Plus,Microphen,1+1,80,11.5,9.78,10.35
Ilford Ortho Plus,Microphen,1+3,40,13.5,11.47,12.15
Ilford Ortho Plus,Microphen,1+3,80,13.5,11.47,12.15
Ilford Ortho Plus,Microphen,stock,40,9.0,7.65,8.1
Ilford Ortho Plus,Microphen,stock,80,9.0,7.65,8.1
Ilford Ortho Plus,Neofin Blue,1+9,80,11.5,9.78,10.35
Ilford Ortho Plus,Nucleol BF200,20+15+965,80,9.75,8.29,8.78
Ilford Ortho Plus,Perceptol,stock,40,13.0,11.05,11.7
Ilford Ortho Plus,Perceptol,stock,80,13.0,11.05,11.7
Ilford Ortho Plus,PMK,1+2+100,40,12.0,10.2,10.8
Ilford Ortho Plus,POTA,stock,40,9.5,8.07,8.55
Ilford Ortho Plus,POTA,stock,80,9.5,8.07,8.55
Ilford Ortho Plus,PQ Universal,1+9,50,12.0,10.2,10.8
Ilford Ortho Plus,Pyrocat-HD,1+1+100,80,14.5,12.32,13.05
Ilford Ortho Plus,Rodinal,1+100,40,10.0,8.5,9.0
Ilford Ortho Plus,Rodinal,1+25,80,7.0,5.95,6.3
Ilford Ortho Plus,Rodinal,1+50,80,15.0,12.75,13.5
Ilford Ortho Plus,Spur SHADOWmax,1+2+47,80,9.0,7.65,8.1
Ilford Ortho Plus,Spur SHADOWmax,10+31+269,320,15.0,12.75,13.5
Ilford Ortho Plus,Spur SHADOWmax,2+9+79,125,10.0,8.5,9.0
Ilford Ortho Plus,Spur SHADOWmax,5+19+16,200,12.0,10.2,10.8
Ilford Ortho Plus,TMax Dev,1+4,100,7.5,6.38,6.75
Ilford Ortho Plus,TMax Dev,1+9,100,15.0,12.75,13.5
Ilford Ortho Plus,XT-3,1+1,80,10.0,8.5,9.0
Ilford Ortho Plus,XT-3,stock,80,7.5,6.38,6.75
Ilford Ortho Plus,Xtol,1+1,80,10.0,8.5,9.0
Ilford Ortho Plus,Xtol,stock,80,7.5,6.38,6.75
Ilford Pan 100,510-Pyro,1+100,100,11.5,9.78,10.35
Ilford Pan 100,Acufine,stock,100,4.0,3.4,3.6
Ilford Pan 100,Acufine,stock,200,6.0,5.1,5.4
Ilford Pan 100,Bellini Hydrofen,1+31,100,6.75,5.74,6.08
Ilford Pan 100,Bellini Hydrofen,1+39,100,5.25,4.46,4.73
Ilford Pan 100,Caffenol C-L,stock,100,20.0,17.0,18.0
Ilford Pan 100,D-76,1+1,100,10.0,8.5,9.0
Ilford Pan 100,D-76,1+1,200,15.0,12.75,13.5
Ilford Pan 100,D-76,1+1,400,20.0,17.0,18.0
Ilford Pan 100,D-76,1+1,50,7.0,5.95,6.3
Ilford Pan 100,D-76,1+3,100,16.0,13.6,14.4
Ilford Pan 100,D-76,1+3,50,14.0,11.9,12.6
Ilford Pan 100,D-76,stock,100,7.0,5.95,6.3
Ilford Pan 100,D-76,stock,200,9.0,7.65,8.1
Ilford Pan 100,D-76,stock,50,6.0,5.1,5.4
Ilford Pan 100,D-9,1+9,100,20.0,17.0,18.0
Ilford Pan 100,Eco Pro,1+1,100,11.5,9.78,10.35
Ilford Pan 100,Eco Pro,1+1,400,12.0,10.2,10.8
Ilford Pan 100,Eco Pro,stock,100,8.5,7.22,7.65
Ilford Pan 100,FD10,1+9,100,8.0,6.8,7.2
Ilford Pan 100,Fomadon P,stock,100,13.0,11.05,11.7
Ilford Pan 100,HC-110,A,100,4.0,3.4,3.6
Ilford Pan 100,HC-110,A,200,5.0,4.25,4.5
Ilford Pan 100,HC-110,B,100,8.0,6.8,7.2
Ilford Pan 100,HC-110,B,200,9.0,7.65,8.1
Ilford Pan 100,HC-110,B,50,6.0,5.1,5.4
Ilford Pan 100,ID-11,1+1,100,10.0,8.5,9.0
Ilford Pan 100,ID-11,1+1,200,15.0,12.75,13.5
Ilford Pan 100,ID-11,1+1,400,20.0,17.0,18.0
Ilford Pan 100,ID-11,1+1,50,7.0,5.95,6.3
Ilford Pan 100,ID-11,1+3,100,16.0,13.6,14.4
Ilford Pan 100,ID-11,1+3,50,14.0,11.9,12.6
Ilford Pan 100,ID-11,stock,100,7.0,5.95,6.3
Ilford Pan 100,ID-11,stock,200,9.0,7.65,8.1
Ilford Pan 100,ID-11,stock,50,6.0,5.1,5.4
Ilford Pan 100,Ilfosol 3,1+14,100,5.5,4.67,4.95
Ilford Pan 100,Ilfosol 3,1+9,100,5.0,4.25,4.5
Ilford Pan 100,Ilfotec DD-X,1+4,100,9.0,7.65,8.1
Ilford Pan 100,Ilfotec DD-X,1+4,200,11.0,9.35,9.9
Ilford Pan 100,Ilfotec DD-X,1+4,50,7.0,5.95,6.3
Ilford Pan 100,Ilfotec HC,1+15,100,4.0,3.4,3.6
Ilford Pan 100,Ilfotec HC,1+15,200,5.0,4.25,4.5
Ilford Pan 100,Ilfotec HC,1+31,100,8.0,6.8,7.2
Ilford Pan 100,Ilfotec HC,1+31,200,9.0,7.65,8.1
Ilford Pan 100,Ilfotec HC,1+31,50,6.0,5.1,5.4
Ilford Pan 100,Ilfotec LC29,1+19,100,8.0,6.8,7.2
Ilford Pan 100,Ilfotec LC29,1+19,200,9.0,7.65,8.1
Ilford Pan 100,Ilfotec LC29,1+19,50,6.0,5.1,5.4
Ilford Pan 100,Ilfotec LC29,1+29,100,12.0,10.2,10.8
Ilford Pan 100,Ilfotec LC29,1+29,50,8.0,6.8,7.2
Ilford Pan 100,Ilfotec LC29,1+9,100,4.0,3.4,3.6
Ilford Pan 100,Ilfotec LC29,1+9,200,5.0,4.25,4.5
Ilford Pan 100,Microdol-X,1+3,50,16.0,13.6,14.4
Ilford Pan 100,Microdol-X,stock,50,8.0,6.8,7.2
Ilford Pan 100,Microphen,1+1,100,9.0,7.65,8.1
Ilford Pan 100,Microphen,1+1,200,12.0,10.2,10.8
Ilford Pan 100,Microphen,1+3,100,12.0,10.2,10.8
Ilford Pan 100,Microphen,1+3,200,16.0,13.6,14.4
Ilford Pan 100,Microphen,stock,100,7.0,5.95,6.3
Ilford Pan 100,Microphen,stock,200,8.0,6.8,7.2
Ilford Pan 100,Paranol S,1+50,100,13.0,11.05,11.7
Ilford Pan 100,Perceptol,1+1,50,12.0,10.2,10.8
Ilford Pan 100,Perceptol,1+3,50,16.0,13.6,14.4
Ilford Pan 100,Perceptol,stock,50,8.0,6.8,7.2
Ilford Pan 100,PQ Universal,1+29,100,5.5,4.67,4.95
Ilford Pan 100,Rodinal,1+25,100,9.0,7.65,8.1
Ilford Pan 100,Rodinal,1+25,200,13.0,11.05,11.7
Ilford Pan 100,Rodinal,1+50,100,15.0,12.75,13.5
Ilford Pan 100,Rodinal,1+50,200,20.0,17.0,18.0
Ilford Pan 100,Silberra Ascorol,1+29,100,7.0,5.95,6.3
Ilford Pan 100,TMax Dev,1+4,100,8.0,6.8,7.2
Ilford Pan 100,TMax Dev,1+4,200,9.0,7.65,8.1
Ilford Pan 100,Ultrafin,1+10,100,7.0,5.95,6.3
Ilford Pan 100,Ultrafin,1+10,200,9.0,7.65,8.1
Ilford Pan 100,Ultrafin,1+20,100,11.0,9.35,9.9
Ilford Pan 100,Ultrafin,1+20,200,14.0,11.9,12.6
Ilford Pan 100,Ultrafin T-Plus,1+4,100,10.0,8.5,9.0
Ilford Pan 100,Ultrafine Liquid,1+2,100,5.5,4.67,4.95
Ilford Pan 100,Ultrafine Liquid,1+4,100,8.5,7.22,7.65
Ilford Pan 100,XT-3,1+1,100,11.5,9.78,10.35
Ilford Pan 100,XT-3,1+1,400,12.0,10.2,10.8
Ilford Pan 100,XT-3,1+3,100,14.75,12.54,13.28
Ilford Pan 100,XT-3,stock,100,8.5,7.22,7.65
Ilford Pan 100,Xtol,1+1,100,11.5,9.78,10.35
Ilford Pan 100,Xtol,1+1,400,12.0,10.2,10.8
Ilford Pan 100,Xtol,1+3,100,14.75,12.54,13.28
Ilford Pan 100,Xtol,stock,100,8.5,7.22,7.65
Ilford Pan 100,Xtol,stock,400,20.0,17.0,18.0
Ilford Pan 400,510-Pyro,1+100,400,9.25,7.86,8.33
Ilford Pan 400,Acufine,stock,1600,9.0,7.65,8.1
Ilford Pan 400,Acufine,stock,200,4.0,3.4,3.6
Ilford Pan 400,Acufine,stock,400,5.0,4.25,4.5
Ilford Pan 400,Acufine,stock,800,7.0,5.95,6.3
Ilford Pan 400,AVR-3,1+50,400,12.0,10.2,10.8
Ilford Pan 400,Bellini Hydrofen,1+39,400,5.0,4.25,4.5
Ilford Pan 400,D-23,1+2,400,28.0,23.8,25.2
Ilford Pan 400,D-23,stock,400,9.0,7.65,8.1
Ilford Pan 400,D-76,1+1,200,12.0,10.2,10.8
Ilford Pan 400,D-76,1+1,400,13.0,11.05,11.7
Ilford Pan 400,D-76,1+1,800,16.0,13.6,14.4
Ilford Pan 400,D-76,1+3,200,18.0,15.3,16.2
Ilford Pan 400,D-76,1+3,400,20.0,17.0,18.0
Ilford Pan 400,D-76,stock,1600,14.0,11.9,12.6
Ilford Pan 400,D-76,stock,200,6.0,5.1,5.4
Ilford Pan 400,D-76,stock,3200,28.0,23.8,25.2
Ilford Pan 400,D-76,stock,400,7.0,5.95,6.3
Ilford Pan 400,D-76,stock,800,10.0,8.5,9.0
Ilford Pan 400,Eco Pro,1+1,400,9.0,7.65,8.1
Ilford Pan 400,Eco Pro,1+1,800,14.5,12.32,13.05
Ilford Pan 400,Foma Universal,1+3,800,17.0,14.45,15.3
Ilford Pan 400,Fomadon LQN,1+10,400,11.0,9.35,9.9
Ilford Pan 400,Fomadon LQR,1+10,400,8.5,7.22,7.65
Ilford Pan 400,Fomadon P,stock,800,15.0,12.75,13.5
Ilford Pan 400,Fomadon R09,1+50,400,10.5,8.92,9.45
Ilford Pan 400,FX-39,1+9,400,13.0,11.05,11.7
Ilford Pan 400,HC-110,A,1600,7.0,5.95,6.3
Ilford Pan 400,HC-110,A,400,3.0,2.55,2.7
Ilford Pan 400,HC-110,A,800,5.0,4.25,4.5
Ilford Pan 400,HC-110,B,1600,14.0,11.9,12.6
Ilford Pan 400,HC-110,B,3200,21.0,17.85,18.9
Ilford Pan 400,HC-110,B,400,6.0,5.1,5.4
Ilford Pan 400,HC-110,B,800,9.0,7.65,8.1
Ilford Pan 400,ID-11,1+1,200,12.0,10.2,10.8
Ilford Pan 400,ID-11,1+1,400,13.0,11.05,11.7
Ilford Pan 400,ID-11,1+1,800,16.0,13.6,14.4
Ilford Pan 400,ID-11,1+3,200,18.0,15.3,16.2
Ilford Pan 400,ID-11,1+3,400,20.0,17.0,18.0
Ilford Pan 400,ID-11,stock,1600,14.0,11.9,12.6
Ilford Pan 400,ID-11,stock,200,6.0,5.1,5.4
Ilford Pan 400,ID-11,stock,3200,28.0,23.8,25.2
Ilford Pan 400,ID-11,stock,400,7.0,5.95,6.3
Ilford Pan 400,ID-11,stock,800,10.0,8.5,9.0
Ilford Pan 400,Ilfosol 3,1+9,1600,19.0,16.15,17.1
Ilford Pan 400,Ilfosol 3,1+9,400,6.5,5.52,5.85
Ilford Pan 400,Ilfosol 3,1+9,800,13.5,11.47,12.15
Ilford Pan 400,Ilfotec DD-X,1+4,1600,12.0,10.2,10.8
Ilford Pan 400,Ilfotec DD-X,1+4,200,7.0,5.95,6.3
Ilford Pan 400,Ilfotec DD-X,1+4,3200,18.0,15.3,16.2
Ilford Pan 400,Ilfotec DD-X,1+4,400,8.0,6.8,7.2
Ilford Pan 400,Ilfotec DD-X,1+4,400,11.5,9.78,10.35
Ilford Pan 400,Ilfotec DD-X,1+4,800,9.0,7.65,8.1
Ilford Pan 400,Ilfotec HC,1+15,1600,7.0,5.95,6.3
Ilford Pan 400,Ilfotec HC,1+15,3200,11.0,9.35,9.9
Ilford Pan 400,Ilfotec HC,1+15,400,3.0,2.55,2.7
Ilford Pan 400,Ilfotec HC,1+15,800,5.0,4.25,4.5
Ilford Pan 400,Ilfotec HC,1+31,1600,14.0,11.9,12.6
Ilford Pan 400,Ilfotec HC,1+31,200,5.0,4.25,4.5
Ilford Pan 400,Ilfotec HC,1+31,400,6.0,5.1,5.4
Ilford Pan 400,Ilfotec HC,1+31,800,9.0,7.65,8.1
Ilford Pan 400,Ilfotec HC,1+47,400,9.0,7.65,8.1
Ilford Pan 400,Ilfotec LC29,1+19,1600,14.0,11.9,12.6
Ilford Pan 400,Ilfotec LC29,1+19,200,5.0,4.25,4.5
Ilford Pan 400,Ilfotec LC29,1+19,400,6.0,5.1,5.4
Ilford Pan 400,Ilfotec LC29,1+19,800,9.0,7.65,8.1
Ilford Pan 400,Ilfotec LC29,1+29,200,7.0,5.95,6.3
Ilford Pan 400,Ilfotec LC29,1+29,400,9.0,7.65,8.1
Ilford Pan 400,Ilfotec LC29,1+9,1600,7.0,5.95,6.3
Ilford Pan 400,Ilfotec LC29,1+9,3200,11.0,9.35,9.9
Ilford Pan 400,Ilfotec LC29,1+9,400,3.0,2.55,2.7
Ilford Pan 400,Ilfotec LC29,1+9,800,5.0,4.25,4.5
Ilford Pan 400,Kalogen,1+50,400,7.0,5.95,6.3
Ilford Pan 400,Microdol-X,stock,400,12.0,10.2,10.8
Ilford Pan 400,Microphen,1+1,400,12.0,10.2,10.8
Ilford Pan 400,Microphen,1+1,800,13.0,11.05,11.7
Ilford Pan 400,Microphen,1+3,1600,44.0,37.4,39.6
Ilford Pan 400,Microphen,1+3,400,23.0,19.55,20.7
Ilford Pan 400,Microphen,stock,1600,12.0,10.2,10.8
Ilford Pan 400,Microphen,stock,200,5.0,4.25,4.5
Ilford Pan 400,Microphen,stock,3200,16.0,13.6,14.4
Ilford Pan 400,Microphen,stock,400,6.0,5.1,5.4
Ilford Pan 400,Microphen,stock,800,7.0,5.95,6.3
Ilford Pan 400,PC-TEA,1+100,800,30.0,25.5,27.0
Ilford Pan 400,PC-TEA,1+50,1600,30.0,25.5,27.0
Ilford Pan 400,Perceptol,1+1,200,14.0,11.9,12.6
Ilford Pan 400,Perceptol,1+1,320,23.0,19.55,20.7
Ilford Pan 400,Perceptol,1+1,400,16.0,13.6,14.4
Ilford Pan 400,Perceptol,1+3,200,22.0,18.7,19.8
Ilford Pan 400,Perceptol,stock,200,10.0,8.5,9.0
Ilford Pan 400,Perceptol,stock,400,11.0,9.35,9.9
Ilford Pan 400,Rodinal,1+100,400,35.0,29.75,31.5
Ilford Pan 400,Rodinal,1+100,400,120.0,102.0,108.0
Ilford Pan 400,Rodinal,1+25,1600,12.0,10.2,10.8
Ilford Pan 400,Rodinal,1+25,200,5.0,4.25,4.5
Ilford Pan 400,Rodinal,1+25,400,6.0,5.1,5.4
Ilford Pan 400,Rodinal,1+25,800,8.0,6.8,7.2
Ilford Pan 400,Rodinal,1+50,200,9.0,7.65,8.1
Ilford Pan 400,Rodinal,1+50,400,17.5,14.88,15.75
Ilford Pan 400,Rodinal,1+50,400,11.0,9.35,9.9
Ilford Pan 400,Romek PQ7,1+3,400,18.0,15.3,16.2
Ilford Pan 400,Silberra Ascorol,1+29,400,7.0,5.95,6.3
Ilford Pan 400,TMax Dev,1+4,1600,9.0,7.65,8.1
Ilford Pan 400,TMax Dev,1+4,200,5.0,4.25,4.5
Ilford Pan 400,TMax Dev,1+4,400,6.0,5.1,5.4
Ilford Pan 400,TMax Dev,1+4,800,8.0,6.8,7.2
Ilford Pan 400,Ultrafin,1+10,200,6.0,5.1,5.4
Ilford Pan 400,Ultrafin,1+10,400,7.0,5.95,6.3
Ilford Pan 400,Ultrafin,1+10,800,10.0,8.5,9.0
Ilford Pan 400,Ultrafin,1+20,200,13.0,11.05,11.7
Ilford Pan 400,Ultrafin,1+20,400,16.0,13.6,14.4
Ilford Pan 400,Ultrafin T-Plus,1+4,400,8.75,7.44,7.88
Ilford Pan 400,XT-3,1+1,400,9.0,7.65,8.1
Ilford Pan 400,XT-3,1+1,800,14.5,12.32,13.05
Ilford Pan 400,Xtol,1+1,400,9.0,7.65,8.1
Ilford Pan 400,Xtol,1+1,800,14.5,12.32,13.05
Ilford Pan F+,510-Pyro,1+100,32,11.5,9.78,10.35
Ilford Pan F+,510-Pyro,1+100,50,8.5,7.22,7.65
Ilford Pan F+,Acufine,stock,50,3.5,2.98,3.15
Ilford Pan F+,Acurol-N,1+100,16,15.0,12.75,13.5
Ilford Pan F+,Acurol-N,1+100,20,15.0,12.75,13.5
Ilford Pan F+,Acurol-N,1+100,25,20.0,17.0,18.0
Ilford Pan F+,Acurol-N,1+100,25,30.0,25.5,27.0
Ilford Pan F+,Acurol-N,1+70,12,11.0,9.35,9.9
Ilford Pan F+,Adox HR-DEV,1+49,25,10.0,8.5,9.0
Ilford Pan F+,ADX II,1+24,25,5.0,4.25,4.5
Ilford Pan F+,Amaloco AM74,1+7,100,3.5,2.98,3.15
Ilford Pan F+,Amaloco AM74,1+7,50,3.0,2.55,2.7
Ilford Pan F+,Arista® Liquid,1+14,50,5.5,4.67,4.95
Ilford Pan F+,Ars-Imago FD,1+39,50,6.0,5.1,5.4
Ilford Pan F+,Ars-Imago FE,1+1,50,6.5,5.52,5.85
Ilford Pan F+,Atomal 49,stock,50,7.5,6.38,6.75
Ilford Pan F+,Bellini Hydrofen,1+15,25,3.0,2.55,2.7
Ilford Pan F+,Black/White & Green,1+49,50,10.0,8.5,9.0
Ilford Pan F+,D-19,1+1,50,5.5,4.67,4.95
Ilford Pan F+,D-23,1+1,50,8.5,7.22,7.65
Ilford Pan F+,D-23,1+3,50,15.0,12.75,13.5
Ilford Pan F+,D-23,stock,50,6.5,5.52,5.85
Ilford Pan F+,D-76,1+1,25,6.0,5.1,5.4
Ilford Pan F+,D-76,1+1,50,8.5,7.22,7.65
Ilford Pan F+,D-76,1+3,12,9.0,7.65,8.1
Ilford Pan F+,D-76,1+3,25,12.5,10.62,11.25
Ilford Pan F+,D-76,1+3,50,15.0,12.75,13.5
Ilford Pan F+,D-76,stock,12,4.0,3.4,3.6
Ilford Pan F+,D-76,stock,25,4.5,3.82,4.05
Ilford Pan F+,D-76,stock,50,6.5,5.52,5.85
Ilford Pan F+,DK-50,1+1,50,5.0,4.25,4.5
Ilford Pan F+,DK-50,1+3,50,9.0,7.65,8.1
Ilford Pan F+,Eco Pro,1+1,100,9.5,8.07,8.55
Ilford Pan F+,Eco Pro,1+1,200,11.25,9.56,10.12
Ilford Pan F+,Eco Pro,1+1,25,6.75,5.74,6.08
Ilford Pan F+,Eco Pro,1+1,400,13.0,11.05,11.7
Ilford Pan F+,Eco Pro,1+1,50,7.75,6.59,6.98
Ilford Pan F+,Eco Pro,1+2,100,11.5,9.78,10.35
Ilford Pan F+,Eco Pro,1+2,200,13.25,11.26,11.93
Ilford Pan F+,Eco Pro,1+2,25,8.75,7.44,7.88
Ilford Pan F+,Eco Pro,1+2,400,15.5,13.17,13.95
Ilford Pan F+,Eco Pro,1+2,50,10.0,8.5,9.0
Ilford Pan F+,Eco Pro,1+3,100,13.5,11.47,12.15
Ilford Pan F+,Eco Pro,1+3,200,15.75,13.39,14.18
Ilford Pan F+,Eco Pro,1+3,25,10.5,8.92,9.45
Ilford Pan F+,Eco Pro,1+3,400,18.5,15.72,16.65
Ilford Pan F+,Eco Pro,1+3,50,12.0,10.2,10.8
Ilford Pan F+,Eco Pro,stock,100,8.0,6.8,7.2
Ilford Pan F+,Eco Pro,stock,200,9.0,7.65,8.1
Ilford Pan F+,Eco Pro,stock,25,6.0,5.1,5.4
Ilford Pan F+,Eco Pro,stock,400,10.0,8.5,9.0
Ilford Pan F+,Eco Pro,stock,50,7.0,5.95,6.3
Ilford Pan F+,F76+,1+14,50,5.5,4.67,4.95
Ilford Pan F+,FA-1027,1+14,50,5.0,4.25,4.5
Ilford Pan F+,FD10,1+14,50,6.0,5.1,5.4
Ilford Pan F+,FD10,1+9,50,4.0,3.4,3.6
Ilford Pan F+,Foma W-17 Hydrofen,1+1,50,7.5,6.38,6.75
Ilford Pan F+,Foma W-17 Hydrofen,1+3,50,15.0,12.75,13.5
Ilford Pan F+,Fomadon Excel,1+1,50,10.5,8.92,9.45
Ilford Pan F+,Fomadon Excel,stock,50,7.5,6.38,6.75
Ilford Pan F+,Fomadon R09,1+25,12,1.75,1.49,1.57
Ilford Pan F+,Fomadon R09,1+25,50,6.0,5.1,5.4
Ilford Pan F+,Fomadon R09,1+50,50,12.0,10.2,10.8
Ilford Pan F+,FX-19,stock,100,7.0,5.95,6.3
Ilford Pan F+,FX-37,1+3,80,4.0,3.4,3.6
Ilford Pan F+,FX-39,1+19,50,11.0,9.35,9.9
Ilford Pan F+,FX-39,1+9,50,5.0,4.25,4.5
Ilford Pan F+,FX-55,1+9,50,7.0,5.95,6.3
Ilford Pan F+,HC-110,B,50,4.0,3.4,3.6
Ilford Pan F+,HC-110,D,125,9.0,7.65,8.1
Ilford Pan F+,HC-110,E,50,5.5,4.67,4.95
Ilford Pan F+,HC-110,F,100,11.5,9.78,10.35
Ilford Pan F+,HC-110,F,50,9.5,8.07,8.55
Ilford Pan F+,ID-11,1+1,25,6.0,5.1,5.4
Ilford Pan F+,ID-11,1+1,50,8.5,7.22,7.65
Ilford Pan F+,ID-11,1+3,12,9.0,7.65,8.1
Ilford Pan F+,ID-11,1+3,25,12.5,10.62,11.25
Ilford Pan F+,ID-11,1+3,50,15.0,12.75,13.5
Ilford Pan F+,ID-11,stock,12,4.0,3.4,3.6
Ilford Pan F+,ID-11,stock,25,4.5,3.82,4.05
Ilford Pan F+,ID-11,stock,50,6.5,5.52,5.85
Ilford Pan F+,Ilfosol 3,1+14,100,5.5,4.67,4.95
Ilford Pan F+,Ilfosol 3,1+14,50,4.5,3.82,4.05
Ilford Pan F+,Ilfotec DD,stock,50,10.0,8.5,9.0
Ilford Pan F+,Ilfotec DD-X,1+4,100,9.0,7.65,8.1
Ilford Pan F+,Ilfotec DD-X,1+4,25,7.0,5.95,6.3
Ilford Pan F+,Ilfotec DD-X,1+4,50,8.0,6.8,7.2
Ilford Pan F+,Ilfotec HC,1+31,50,4.0,3.4,3.6
Ilford Pan F+,Ilfotec HC,1+47,50,5.5,4.67,4.95
Ilford Pan F+,Ilfotec LC29,1+19,50,4.0,3.4,3.6
Ilford Pan F+,Ilfotec LC29,1+29,50,5.5,4.67,4.95
Ilford Pan F+,Marathon,1+9,50,4.25,3.61,3.83
Ilford Pan F+,Microdol-X,1+3,25,15.0,12.75,13.5
Ilford Pan F+,Microdol-X,1+3,50,18.0,15.3,16.2
Ilford Pan F+,Microdol-X,stock,25,12.0,10.2,10.8
Ilford Pan F+,Microdol-X,stock,50,15.0,12.75,13.5
Ilford Pan F+,Microphen,1+1,25,6.0,5.1,5.4
Ilford Pan F+,Microphen,1+1,50,6.0,5.1,5.4
Ilford Pan F+,Microphen,1+3,25,11.0,9.35,9.9
Ilford Pan F+,Microphen,1+3,50,11.0,9.35,9.9
Ilford Pan F+,Microphen,stock,100,8.0,6.8,7.2
Ilford Pan F+,Microphen,stock,200,12.0,10.2,10.8
Ilford Pan F+,Microphen,stock,25,4.5,3.82,4.05
Ilford Pan F+,Microphen,stock,50,4.5,3.82,4.05
Ilford Pan F+,Mocon,1+64,50,12.25,10.41,11.03
Ilford Pan F+,Moersch eco,2+1+70,32,9.5,8.07,8.55
Ilford Pan F+,Neofin Blue,1+5,100,10.0,8.5,9.0
Ilford Pan F+,Neofin Blue,1+9,100,15.0,12.75,13.5
Ilford Pan F+,Neofin Blue,stock,50,4.5,3.82,4.05
Ilford Pan F+,Neopress HC,1+15,50,2.5,2.12,2.25
Ilford Pan F+,Neopress HC,1+31,50,3.5,2.98,3.15
Ilford Pan F+,Neopress HC,1+31,50,4.5,3.82,4.05
Ilford Pan F+,Nucleol BF200,20+15+965,50,5.0,4.25,4.5
Ilford Pan F+,Ornano Gradual ST20,1+9,100,8.0,6.8,7.2
Ilford Pan F+,Ornano Gradual ST20,1+9,50,6.0,5.1,5.4
Ilford Pan F+,Paranol S,1+25,50,17.0,14.45,15.3
Ilford Pan F+,Paranol S,1+50,50,36.0,30.6,32.4
Ilford Pan F+,Parvofin,stock,50,4.0,3.4,3.6
Ilford Pan F+,Perceptol,1+1,25,10.5,8.92,9.45
Ilford Pan F+,Perceptol,1+1,50,15.0,12.75,13.5
Ilford Pan F+,Perceptol,1+2,25,16.0,13.6,14.4
Ilford Pan F+,Perceptol,1+2,32,13.5,11.47,12.15
Ilford Pan F+,Perceptol,1+3,25,15.0,12.75,13.5
Ilford Pan F+,Perceptol,1+3,32,17.0,14.45,15.3
Ilford Pan F+,Perceptol,1+3,50,17.0,14.45,15.3
Ilford Pan F+,Perceptol,stock,25,9.0,7.65,8.1
Ilford Pan F+,Perceptol,stock,50,14.0,11.9,12.6
Ilford Pan F+,PMK,1+2+100,50,7.5,6.38,6.75
Ilford Pan F+,Promicrol,1+14,100,7.0,5.95,6.3
Ilford Pan F+,Promicrol,1+14,75,7.0,5.95,6.3
Ilford Pan F+,Promicrol,1+9,100,5.0,4.25,4.5
Ilford Pan F+,Promicrol,1+9,75,5.0,4.25,4.5
Ilford Pan F+,Pyrocat-M,1+1+100,50,15.0,12.75,13.5
Ilford Pan F+,Rodinal,1+100,25,15.0,12.75,13.5
Ilford Pan F+,Rodinal,1+100,50,60.0,51.0,54.0
Ilford Pan F+,Rodinal,1+150,100,60.0,51.0,54.0
Ilford Pan F+,Rodinal,1+19,50,5.0,4.25,4.5
Ilford Pan F+,Rodinal,1+24,40,5.0,4.25,4.5
Ilford Pan F+,Rodinal,1+25,100,12.0,10.2,10.8
Ilford Pan F+,Rodinal,1+25,200,12.5,10.62,11.25
Ilford Pan F+,Rodinal,1+25,25,4.25,3.61,3.83
Ilford Pan F+,Rodinal,1+25,50,6.0,5.1,5.4
Ilford Pan F+,Rodinal,1+25,800,25.0,21.25,22.5
Ilford Pan F+,Rodinal,1+50,50,11.0,9.35,9.9
Ilford Pan F+,Rodinal,1+50,64,12.0,10.2,10.8
Ilford Pan F+,Rodinal,1+50,80,13.5,11.47,12.15
Ilford Pan F+,Rodinal,1+80,50,17.0,14.45,15.3
Ilford Pan F+,Rollei D74,1+15,50,5.5,4.67,4.95
Ilford Pan F+,Silberra Ascorol,1+29,50,7.0,5.95,6.3
Ilford Pan F+,Sprint Standard,1+9,50,8.5,7.22,7.65
Ilford Pan F+,Spur HRX,1+20,32,8.5,7.22,7.65
Ilford Pan F+,Spur NHC,1+15,64,13.0,11.05,11.7
Ilford Pan F+,Spur NHC,1+19,50,7.5,6.38,6.75
Ilford Pan F+,Spur NHC,1+19,64,11.0,9.35,9.9
Ilford Pan F+,Spur SD 2525,1+15,32,4.5,3.82,4.05
Ilford Pan F+,Spur SHADOWmax,1+1+48,25,7.0,5.95,6.3
Ilford Pan F+,Spur SHADOWmax,1+2+38,40,8.0,6.8,7.2
Ilford Pan F+,Spur SHADOWmax,5+18+157,50,9.0,7.65,8.1
Ilford Pan F+,Spur SLD,1+30,40,8.0,6.8,7.2
Ilford Pan F+,Spur TRX 2000,1+49,25,10.0,8.5,9.0
Ilford Pan F+,Spur UFP,1+40,20,8.0,6.8,7.2
Ilford Pan F+,Studional,1+15,50,3.0,2.55,2.7
Ilford Pan F+,Suprol,1+19,50,2.25,1.91,2.02
Ilford Pan F+,TMax Dev,1+4,125,7.0,5.95,6.3
Ilford Pan F+,TMax Dev,1+4,50,4.0,3.4,3.6
Ilford Pan F+,TMax RS,stock,50,4.0,3.4,3.6
Ilford Pan F+,Ultrafin,1+10,50,3.0,2.55,2.7
Ilford Pan F+,Ultrafin,1+20,50,5.5,4.67,4.95
Ilford Pan F+,Ultrafin,1+30,50,9.0,7.65,8.1
Ilford Pan F+,Ultrafin T-Plus,1+4,50,11.25,9.56,10.12
Ilford Pan F+,Ultrafine Endurance,1+9,50,4.25,3.61,3.83
Ilford Pan F+,Ultrafine Liquid,1+2,50,6.5,5.52,5.85
Ilford Pan F+,Ultrafine Liquid,1+4,50,10.5,8.92,9.45
Ilford Pan F+,Ultrafine Powder,1+1,50,10.5,8.92,9.45
Ilford Pan F+,Uncle Mort's,1+9,50,5.0,4.25,4.5
Ilford Pan F+,WD2D+,stock,50,7.0,5.95,6.3
Ilford Pan F+,Windisch,stock,50,6.75,5.74,6.08
Ilford Pan F+,XT-3,1+1,100,9.5,8.07,8.55
Ilford Pan F+,XT-3,1+1,200,11.25,9.56,10.12
Ilford Pan F+,XT-3,1+1,25,6.75,5.74,6.08
Ilford Pan F+,XT-3,1+1,400,13.0,11.05,11.7
Ilford Pan F+,XT-3,1+1,50,7.75,6.59,6.98
Ilford Pan F+,XT-3,1+2,100,11.5,9.78,10.35
Ilford Pan F+,XT-3,1+2,200,13.25,11.26,11.93
Ilford Pan F+,XT-3,1+2,25,8.75,7.44,7.88
Ilford Pan F+,XT-3,1+2,400,15.5,13.17,13.95
Ilford Pan F+,XT-3,1+2,50,10.0,8.5,9.0
Ilford Pan F+,XT-3,1+3,100,13.5,11.47,12.15
Ilford Pan F+,XT-3,1+3,200,15.75,13.39,14.18
Ilford Pan F+,XT-3,1+3,25,10.5,8.92,9.45
Ilford Pan F+,XT-3,1+3,400,18.5,15.72,16.65
Ilford Pan F+,XT-3,1+3,50,12.0,10.2,10.8
Ilford Pan F+,XT-3,stock,100,8.0,6.8,7.2
Ilford Pan F+,XT-3,stock,200,9.0,7.65,8.1
Ilford Pan F+,XT-3,stock,25,6.0,5.1,5.4
Ilford Pan F+,XT-3,stock,400,10.0,8.5,9.0
Ilford Pan F+,XT-3,stock,50,7.0,5.95,6.3
Ilford Pan F+,Xtol,1+1,100,9.5,8.07,8.55
Ilford Pan F+,Xtol,1+1,200,11.25,9.56,10.12
Ilford Pan F+,Xtol,1+1,25,6.75,5.74,6.08
Ilford Pan F+,Xtol,1+1,400,13.0,11.05,11.7
Ilford Pan F+,Xtol,1+1,50,7.75,6.59,6.98
Ilford Pan F+,Xtol,1+2,100,11.5,9.78,10.35
Ilford Pan F+,Xtol,1+2,200,13.25,11.26,11.93
Ilford Pan F+,Xtol,1+2,25,8.75,7.44,7.88
Ilford Pan F+,Xtol,1+2,400,15.5,13.17,13.95
Ilford Pan F+,Xtol,1+2,50,10.0,8.5,9.0
Ilford Pan F+,Xtol,1+3,100,13.5,11.47,12.15
Ilford Pan F+,Xtol,1+3,200,15.75,13.39,14.18
Ilford Pan F+,Xtol,1+3,25,10.5,8.92,9.45
Ilford Pan F+,Xtol,1+3,400,18.5,15.72,16.65
Ilford Pan F+,Xtol,1+3,50,12.0,10.2,10.8
Ilford Pan F+,Xtol,stock,100,8.0,6.8,7.2
Ilford Pan F+,Xtol,stock,200,9.0,7.65,8.1
Ilford Pan F+,Xtol,stock,25,6.0,5.1,5.4
Ilford Pan F+,Xtol,stock,400,10.0,8.5,9.0
Ilford Pan F+,Xtol,stock,50,7.0,5.95,6.3
Ilford SFX 200,510-Pyro,1+100,200,12.75,10.84,11.47
Ilford SFX 200,Adox HR-DEV,1+30,100,10.5,8.92,9.45
Ilford SFX 200,ADX II,1+17,80,10.0,8.5,9.0
Ilford SFX 200,Amaloco AM74,1+7,200,8.0,6.8,7.2
Ilford SFX 200,Arista® Liquid,1+9,200,8.5,7.22,7.65
Ilford SFX 200,Arista® Liquid,1+9,400,10.5,8.92,9.45
Ilford SFX 200,Arista® Liquid,1+9,800,12.5,10.62,11.25
Ilford SFX 200,Ars-Imago FD,1+39,200,6.5,5.52,5.85
Ilford SFX 200,Atomal 49,stock,12,13.0,11.05,11.7
Ilford SFX 200,Bellini FX6a Monobath,stock,200,8.0,6.8,7.2
Ilford SFX 200,Bellini Hydrofen,1+15,125,4.0,3.4,3.6
Ilford SFX 200,Berspeed,1+1,200,15.5,13.17,13.95
Ilford SFX 200,Black/White & Green,1+49,200,20.0,17.0,18.0
Ilford SFX 200,D-19,1+1,200,9.0,7.65,8.1
Ilford SFX 200,D-19,stock,400,5.0,4.25,4.5
Ilford SFX 200,D-76,1+1,200,17.0,14.45,15.3
Ilford SFX 200,D-76,1+1,400,17.0,14.45,15.3
Ilford SFX 200,D-76,stock,200,10.0,8.5,9.0
Ilford SFX 200,D-76,stock,400,14.0,11.9,12.6
Ilford SFX 200,D-76,stock,800,18.0,15.3,16.2
Ilford SFX 200,Eco Pro,1+1,200,9.0,7.65,8.1
Ilford SFX 200,Eco Pro,1+3,200,14.0,11.9,12.6
Ilford SFX 200,Eco Pro,stock,200,7.0,5.95,6.3
Ilford SFX 200,Eco Pro,stock,400,11.0,9.35,9.9
Ilford SFX 200,F76+,1+14,200,12.5,10.62,11.25
Ilford SFX 200,F76+,1+14,400,18.5,15.72,16.65
Ilford SFX 200,F76+,1+9,200,8.0,6.8,7.2
Ilford SFX 200,F76+,1+9,400,10.0,8.5,9.0
Ilford SFX 200,F76+,1+9,800,11.5,9.78,10.35
Ilford SFX 200,FA-1027,1+9,200,11.0,9.35,9.9
Ilford SFX 200,FD10,1+14,200,14.0,11.9,12.6
Ilford SFX 200,FD10,1+9,200,10.0,8.5,9.0
Ilford SFX 200,Fomadon LQN,1+10,200,9.0,7.65,8.1
Ilford SFX 200,FX-19,stock,100,12.0,10.2,10.8
Ilford SFX 200,FX-39,1+9,200,5.5,4.67,4.95
Ilford SFX 200,FX-55,1+9,200,14.0,11.9,12.6
Ilford SFX 200,HC-110,A,200,5.0,4.25,4.5
Ilford SFX 200,HC-110,A,400,7.0,5.95,6.3
Ilford SFX 200,HC-110,A,800,10.5,8.92,9.45
Ilford SFX 200,HC-110,B,200,9.0,7.65,8.1
Ilford SFX 200,HC-110,B,400,13.0,11.05,11.7
Ilford SFX 200,HC-110,B,800,19.0,16.15,17.1
Ilford SFX 200,ID-11,1+1,200,17.0,14.45,15.3
Ilford SFX 200,ID-11,1+1,400,17.0,14.45,15.3
Ilford SFX 200,ID-11,stock,200,10.0,8.5,9.0
Ilford SFX 200,ID-11,stock,400,14.0,11.9,12.6
Ilford SFX 200,ID-11,stock,800,18.0,15.3,16.2
Ilford SFX 200,Ilfosol 3,1+14,200,9.0,7.65,8.1
Ilford SFX 200,Ilfosol 3,1+14,400,13.5,11.47,12.15
Ilford SFX 200,Ilfosol 3,1+9,200,6.0,5.1,5.4
Ilford SFX 200,Ilfosol 3,1+9,400,8.5,7.22,7.65
Ilford SFX 200,Ilfotec DD-X,1+4,200,10.0,8.5,9.0
Ilford SFX 200,Ilfotec DD-X,1+4,400,14.0,11.9,12.6
Ilford SFX 200,Ilfotec DD-X,1+9,200,14.0,11.9,12.6
Ilford SFX 200,Ilfotec HC,1+15,200,5.0,4.25,4.5
Ilford SFX 200,Ilfotec HC,1+15,400,7.0,5.95,6.3
Ilford SFX 200,Ilfotec HC,1+15,800,10.5,8.92,9.45
Ilford SFX 200,Ilfotec HC,1+31,200,9.0,7.65,8.1
Ilford SFX 200,Ilfotec HC,1+31,400,13.0,11.05,11.7
Ilford SFX 200,Ilfotec HC,1+31,800,19.0,16.15,17.1
Ilford SFX 200,Ilfotec LC29,1+19,200,9.0,7.65,8.1
Ilford SFX 200,Ilfotec LC29,1+19,400,13.0,11.05,11.7
Ilford SFX 200,Ilfotec LC29,1+29,200,11.0,9.35,9.9
Ilford SFX 200,Ilfotec LC29,1+9,200,5.0,4.25,4.5
Ilford SFX 200,Ilfotec LC29,1+9,400,7.0,5.95,6.3
Ilford SFX 200,Marathon,1+9,100,9.0,7.65,8.1
Ilford SFX 200,Microphen,1+1,200,15.5,13.17,13.95
Ilford SFX 200,Microphen,1+1,400,19.0,16.15,17.1
Ilford SFX 200,Microphen,stock,200,8.5,7.22,7.65
Ilford SFX 200,Microphen,stock,400,10.5,8.92,9.45
Ilford SFX 200,Microphen,stock,800,14.5,12.32,13.05
Ilford SFX 200,Moersch eco,2+1+40,125,10.75,9.14,9.68
Ilford SFX 200,Neofin Blue,1+5,100,10.0,8.5,9.0
Ilford SFX 200,Neofin Blue,1+9,100,15.0,12.75,13.5
Ilford SFX 200,Nucleol BF200,20+15+965,200,9.5,8.07,8.55
Ilford SFX 200,Nucleol BF200,20+15+965,250,10.5,8.92,9.45
Ilford SFX 200,Nucleol BF200,20+15+965,400,11.0,9.35,9.9
Ilford SFX 200,Ornano Gradual ST20,1+9,100,10.5,8.92,9.45
Ilford SFX 200,Ornano Gradual ST20,1+9,200,12.0,10.2,10.8
Ilford SFX 200,Ornano Gradual ST20,1+9,400,15.0,12.75,13.5
Ilford SFX 200,Paranol S,1+25,200,5.0,4.25,4.5
Ilford SFX 200,Paranol S,1+50,200,12.0,10.2,10.8
Ilford SFX 200,Perceptol,1+1,200,20.0,17.0,18.0
Ilford SFX 200,Perceptol,stock,200,14.5,12.32,13.05
Ilford SFX 200,Pyrocat-HD,1+1+100,200,18.0,15.3,16.2
Ilford SFX 200,Rodinal,1+25,200,6.0,5.1,5.4
Ilford SFX 200,Rodinal,1+49,200,15.0,12.75,13.5
Ilford SFX 200,Rodinal,1+50,200,10.0,8.5,9.0
Ilford SFX 200,Rollei Supergrain,1+9,200,8.5,7.22,7.65
Ilford SFX 200,Silberra Ascorol,1+29,200,10.0,8.5,9.0
Ilford SFX 200,Sprint Standard,1+9,200,10.0,8.5,9.0
Ilford SFX 200,Spur HRX,1+17,80,10.0,8.5,9.0
Ilford SFX 200,Spur SD 2525,1+12,125,5.0,4.25,4.5
Ilford SFX 200,Spur SD 2525,1+12,160,5.0,4.25,4.5
Ilford SFX 200,Spur SLD,1+20,160,9.0,7.65,8.1
Ilford SFX 200,Spur Speed-Major,1+14,640,13.0,11.05,11.7
Ilford SFX 200,Spur Speed-Major,1+20,400,12.0,10.2,10.8
Ilford SFX 200,Spur Speed-Major,1+24,200,10.0,8.5,9.0
Ilford SFX 200,Spur Speed-Major,1+30,160,8.0,6.8,7.2
Ilford SFX 200,Spur Speed-Major,1+9,800,15.0,12.75,13.5
Ilford SFX 200,Spur TRX 2000,1+30,100,10.5,8.92,9.45
Ilford SFX 200,Spur UFP,1+24,80,7.5,6.38,6.75
Ilford SFX 200,Studional,1+15,125,4.0,3.4,3.6
Ilford SFX 200,Suprol,1+19,200,2.75,2.34,2.48
Ilford SFX 200,TMax Dev,1+4,200,8.5,7.22,7.65
Ilford SFX 200,TMax Dev,1+4,400,10.5,8.92,9.45
Ilford SFX 200,TMax Dev,1+4,800,12.5,10.62,11.25
Ilford SFX 200,Ultrafin,1+10,200,10.0,8.5,9.0
Ilford SFX 200,Ultrafin,1+10,400,13.0,11.05,11.7
Ilford SFX 200,Ultrafin,1+20,200,15.0,12.75,13.5
Ilford SFX 200,Ultrafin T-Plus,1+4,200,7.0,5.95,6.3
Ilford SFX 200,XT-3,1+1,200,9.0,7.65,8.1
Ilford SFX 200,XT-3,1+3,200,14.0,11.9,12.6
Ilford SFX 200,XT-3,stock,200,7.0,5.95,6.3
Ilford SFX 200,XT-3,stock,400,11.0,9.35,9.9
Ilford SFX 200,Xtol,1+1,200,9.0,7.65,8.1
Ilford SFX 200,Xtol,1+3,200,14.0,11.9,12.6
Ilford SFX 200,Xtol,stock,200,7.0,5.95,6.3
Ilford SFX 200,Xtol,stock,400,11.0,9.35,9.9
Ilford Surveillance P3,Rodinal,1+50,400,14.0,11.9,12.6
Ilford Surveillance P4,Atomal 49,1+1,400,15.0,12.75,13.5
Ilford Surveillance P4,D-76,stock,1600,16.0,13.6,14.4
Ilford Surveillance P4,D-76,stock,400,8.5,7.22,7.65
Ilford Surveillance P4,D-76,stock,800,12.0,10.2,10.8
Ilford Surveillance P4,Foma Retro Special,stock,400,6.5,5.52,5.85
Ilford Surveillance P4,FX-39,1+9,400,10.0,8.5,9.0
Ilford Surveillance P4,Hubl Glycin Paste,1+30,400,26.0,22.1,23.4
Ilford Surveillance P4,ID-11,stock,1600,16.0,13.6,14.4
Ilford Surveillance P4,ID-11,stock,400,8.5,7.22,7.65
Ilford Surveillance P4,ID-11,stock,800,12.0,10.2,10.8
Ilford Surveillance P4,ID-68,1+3,400,14.0,11.9,12.6
Ilford Surveillance P4,Ilfotec DD-X,1+4,1600,15.0,12.75,13.5
Ilford Surveillance P4,Microphen,stock,1600,12.0,10.2,10.8
Ilford Surveillance P4,Microphen,stock,400,7.0,5.95,6.3
Ilford Surveillance P4,Microphen,stock,800,9.0,7.65,8.1
Ilford Surveillance P4,Rodinal,1+50,125,10.0,8.5,9.0
Ilford Surveillance P4,Rodinal,1+50,400,12.0,10.2,10.8
Ilford Surveillance P4,Rollei D74,1+15,125,5.0,4.25,4.5
Ilford Surveillance P4,Rollei RHS DC,1+15,125,5.0,4.25,4.5
Ilford XP2 Super,510-Pyro,1+100,200,10.0,8.5,9.0
Ilford XP2 Super,510-Pyro,1+100,400,12.0,10.2,10.8
Ilford XP2 Super,Atomal 49,1+1,400,16.0,13.6,14.4
Ilford XP2 Super,Atomal 49,stock,800,13.5,11.47,12.15
Ilford XP2 Super,Caffenol C-H (rs),stock,400,15.0,12.75,13.5
Ilford XP2 Super,D-76,stock,1600,20.0,17.0,18.0
Ilford XP2 Super,D-76,stock,200,10.5,8.92,9.45
Ilford XP2 Super,D-76,stock,400,13.5,11.47,12.15
Ilford XP2 Super,D-76,stock,800,17.0,14.45,15.3
Ilford XP2 Super,Fomadon R09,1+50,400,15.0,12.75,13.5
Ilford XP2 Super,FX-39,1+9,200,12.0,10.2,10.8
Ilford XP2 Super,HC-110,B,400,5.5,4.67,4.95
Ilford XP2 Super,HC-110,E,1600,18.0,15.3,16.2
Ilford XP2 Super,HC-110,E,200,9.0,7.65,8.1
Ilford XP2 Super,HC-110,E,3200,24.0,20.4,21.6
Ilford XP2 Super,HC-110,E,400,10.0,8.5,9.0
Ilford XP2 Super,HC-110,E,800,13.5,11.47,12.15
Ilford XP2 Super,ID-11,1+1,400,20.0,17.0,18.0
Ilford XP2 Super,ID-11,stock,1600,20.0,17.0,18.0
Ilford XP2 Super,ID-11,stock,200,10.5,8.92,9.45
Ilford XP2 Super,ID-11,stock,400,13.5,11.47,12.15
Ilford XP2 Super,ID-11,stock,800,17.0,14.45,15.3
Ilford XP2 Super,Ilfosol 3,1+9,400,21.0,17.85,18.9
Ilford XP2 Super,Ilfotec DD-X,1+4,400,12.0,10.2,10.8
Ilford XP2 Super,Rodinal,1+100,200,60.0,51.0,54.0
Ilford XP2 Super,Rodinal,1+100,800,120.0,102.0,108.0
Ilford XP2 Super,Rodinal,1+25,400,18.0,15.3,16.2
Ilford XP2 Super,Rodinal,1+50,200,15.0,12.75,13.5
Ilford XP2 Super,Silberra Ascorol,1+29,400,14.0,11.9,12.6
Ilford XP2 Super,Xtol,1+1,400,10.0,8.5,9.0
Ilford XP2 Super,Xtol,stock,400,8.0,6.8,7.2
Imago 320,Ars-Imago FD,1+39,200,7.0,5.95,6.3
Imago 320,Ars-Imago FD,1+39,320,8.5,7.22,7.65
Imago 320,Ars-Imago FD,1+39,640,10.0,8.5,9.0
Imago 320,Ars-Imago FE,1+1,320,7.5,6.38,6.75
Imago 320,Ars-Imago FE,1+1,640,9.0,7.65,8.1
Imago 320,Ars-Imago Monobath,stock,320,8.0,6.8,7.2
Imago 320,Berspeed,1+1,320,10.5,8.92,9.45
Imago 320,Caffenol,stock,320,11.0,9.35,9.9
Imago 320,D-76,1+1,320,12.0,10.2,10.8
Imago 320,D-76,stock,320,7.0,5.95,6.3
Imago 320,HC-110,B,320,5.5,4.67,4.95
Imago 320,ID-11,1+1,320,11.5,9.78,10.35
Imago 320,ID-11,stock,320,7.0,5.95,6.3
Imago 320,Microphen,1+1,320,11.0,9.35,9.9
Imago 320,Microphen,stock,320,6.0,5.1,5.4
Imago 320,Rodinal,1+25,320,7.5,6.38,6.75
Imago 320,Rodinal,1+50,320,13.0,11.05,11.7
Imago 320,TMax Dev,1+4,320,6.0,5.1,5.4
Imago 320,XT-3,1+1,320,10.0,8.5,9.0
Imago 320,XT-3,stock,320,8.0,6.8,7.2
Imago 320,Xtol,1+1,320,10.0,8.5,9.0
Imago 320,Xtol,stock,320,8.0,6.8,7.2
Isopan F,D-76,stock,40,13.5,11.47,12.15
J. Lane Dry Plates,HC-110,B,2,5.0,4.25,4.5
JCH StreetPan 400,510-Pyro,1+100,400,22.0,18.7,19.8
JCH StreetPan 400,Adox HR-DEV,1+30,80,10.0,8.5,9.0
JCH StreetPan 400,Ars-Imago FD,1+39,400,12.0,10.2,10.8
JCH StreetPan 400,Ars-Imago FE,1+1,400,10.0,8.5,9.0
JCH StreetPan 400,Bellini Hydrofen,1+31,400,17.0,14.45,15.3
JCH StreetPan 400,Beutler,1+1+8,400,11.0,9.35,9.9
JCH StreetPan 400,Black/White & Green,1+49,400,12.25,10.41,11.03
JCH StreetPan 400,D-23,stock,400,8.0,6.8,7.2
JCH StreetPan 400,D-76,1+1,400,10.5,8.92,9.45
JCH StreetPan 400,Eco Pro,1+1,400,17.0,14.45,15.3
JCH StreetPan 400,Eco Pro,stock,400,12.75,10.84,11.47
JCH StreetPan 400,HC-110,B,1600,9.25,7.86,8.33
JCH StreetPan 400,HC-110,B,400,5.0,4.25,4.5
JCH StreetPan 400,HC-110,F,400,12.5,10.62,11.25
JCH StreetPan 400,ID-11,1+1,400,10.5,8.92,9.45
JCH StreetPan 400,Ilfosol 3,1+3,400,5.0,4.25,4.5
JCH StreetPan 400,Ilfosol 3,1+9,400,9.0,7.65,8.1
JCH StreetPan 400,Ilfotec DD-X,1+4,400,9.0,7.65,8.1
JCH StreetPan 400,Perceptol,1+1,400,10.0,8.5,9.0
JCH StreetPan 400,Rodinal,1+25,160,6.75,5.74,6.08
JCH StreetPan 400,Rodinal,1+25,400,10.5,8.92,9.45
JCH StreetPan 400,Rodinal,1+50,400,22.0,18.7,19.8
JCH StreetPan 400,Rollei Supergrain,1+12,400,7.0,5.95,6.3
JCH StreetPan 400,Spur TRX 2000,1+30,80,10.0,8.5,9.0
JCH StreetPan 400,Studional,1+15,400,8.5,7.22,7.65
JCH StreetPan 400,Studional,1+31,400,17.0,14.45,15.3
JCH StreetPan 400,Tanol,1+1+100,200,19.5,16.57,17.55
JCH StreetPan 400,TMax Dev,1+4,400,9.0,7.65,8.1
JCH StreetPan 400,XT-3,1+1,400,17.0,14.45,15.3
JCH StreetPan 400,XT-3,stock,400,12.75,10.84,11.47
JCH StreetPan 400,Xtol,1+1,400,17.0,14.45,15.3
JCH StreetPan 400,Xtol,stock,400,12.75,10.84,11.47
Kentmere 100,510-Pyro,1+100,100,11.75,9.99,10.58
Kentmere 100,510-Pyro,1+100,100,15.0,12.75,13.5
Kentmere 100,510-Pyro,1+500,100,60.0,51.0,54.0
Kentmere 100,Acurol-N,1+70,64,10.0,8.5,9.0
Kentmere 100,Adox HR-DEV,1+35,160,10.0,8.5,9.0
Kentmere 100,Adox HR-DEV,1+35,400,16.5,14.03,14.85
Kentmere 100,ADX II,1+24,100,6.0,5.1,5.4
Kentmere 100,Arista® Premium,1+9,100,10.0,8.5,9.0
Kentmere 100,Ars-Imago FD,1+39,100,7.5,6.38,6.75
Kentmere 100,Ars-Imago FD,1+39,50,5.25,4.46,4.73
Kentmere 100,Ars-Imago FE,1+1,100,8.0,6.8,7.2
Kentmere 100,Ars-Imago FE,1+1,50,6.5,5.52,5.85
Kentmere 100,Atomal 49,1+1,100,15.0,12.75,13.5
Kentmere 100,Bellini Hydrofen,1+15,100,4.0,3.4,3.6
Kentmere 100,Bellini Hydrofen,1+31,100,7.75,6.59,6.98
Kentmere 100,Black/White & Green,1+49,100,13.5,11.47,12.15
Kentmere 100,Caffenol Delta STD,stock,100,12.0,10.2,10.8
Kentmere 100,Cawanol,stock,100,16.5,14.03,14.85
Kentmere 100,D-23,stock,100,8.5,7.22,7.65
Kentmere 100,D-76,1+1,100,11.5,9.78,10.35
Kentmere 100,D-76,1+1,200,15.5,13.17,13.95
Kentmere 100,D-76,1+1,400,20.0,17.0,18.0
Kentmere 100,D-76,1+1,50,8.5,7.22,7.65
Kentmere 100,D-76,1+1,800,27.0,22.95,24.3
Kentmere 100,D-76,1+3,100,21.0,17.85,18.9
Kentmere 100,D-76,1+3,50,17.5,14.88,15.75
Kentmere 100,D-76,stock,100,9.0,7.65,8.1
Kentmere 100,D-76,stock,200,11.0,9.35,9.9
Kentmere 100,D-76,stock,50,7.0,5.95,6.3
Kentmere 100,D-8,2+1,400,4.0,3.4,3.6
Kentmere 100,Eco Pro,1+1,100,10.0,8.5,9.0
Kentmere 100,Eco Pro,1+1,50,8.5,7.22,7.65
Kentmere 100,Eco Pro,stock,100,8.0,6.8,7.2
Kentmere 100,Eco Pro,stock,200,9.5,8.07,8.55
Kentmere 100,Eco Pro,stock,50,6.5,5.52,5.85
Kentmere 100,FA-1027,1+14,100,10.0,8.5,9.0
Kentmere 100,FD10,1+9,100,9.25,7.86,8.33
Kentmere 100,Fomadon P,1+1,100,13.5,11.47,12.15
Kentmere 100,Fuji Microfine,stock,100,12.0,10.2,10.8
Kentmere 100,FX-15,1+1,100,11.0,9.35,9.9
Kentmere 100,FX-15,stock,100,8.5,7.22,7.65
Kentmere 100,FX-39,1+9,100,6.5,5.52,5.85
Kentmere 100,FX-55,1+9,100,10.0,8.5,9.0
Kentmere 100,HC-110,A,800,15.0,12.75,13.5
Kentmere 100,HC-110,B,100,6.5,5.52,5.85
Kentmere 100,HC-110,B,200,8.0,6.8,7.2
Kentmere 100,HC-110,B,400,10.0,8.5,9.0
Kentmere 100,HC-110,H,100,16.0,13.6,14.4
Kentmere 100,HC-110,H,400,20.0,17.0,18.0
Kentmere 100,ID-11,1+1,100,11.5,9.78,10.35
Kentmere 100,ID-11,1+1,200,15.5,13.17,13.95
Kentmere 100,ID-11,1+1,400,20.0,17.0,18.0
Kentmere 100,ID-11,1+1,50,8.5,7.22,7.65
Kentmere 100,ID-11,1+3,100,21.0,17.85,18.9
Kentmere 100,ID-11,1+3,50,17.5,14.88,15.75
Kentmere 100,ID-11,stock,100,9.0,7.65,8.1
Kentmere 100,ID-11,stock,200,11.0,9.35,9.9
Kentmere 100,ID-11,stock,50,7.0,5.95,6.3
Kentmere 100,Ilfosol 3,1+14,100,7.5,6.38,6.75
Kentmere 100,Ilfosol 3,1+14,100,8.0,6.8,7.2
Kentmere 100,Ilfosol 3,1+9,100,5.0,4.25,4.5
Kentmere 100,Ilfotec DD-X,1+4,100,10.5,8.92,9.45
Kentmere 100,Ilfotec DD-X,1+4,200,12.5,10.62,11.25
Kentmere 100,Ilfotec DD-X,1+4,50,8.5,7.22,7.65
Kentmere 100,Ilfotec HC,1+15,100,4.0,3.4,3.6
Kentmere 100,Ilfotec HC,1+15,200,5.0,4.25,4.5
Kentmere 100,Ilfotec HC,1+31,100,6.5,5.52,5.85
Kentmere 100,Ilfotec HC,1+31,200,8.0,6.8,7.2
Kentmere 100,Ilfotec HC,1+31,400,14.5,12.32,13.05
Kentmere 100,Ilfotec HC,1+31,50,5.0,4.25,4.5
Kentmere 100,Ilfotec LC29,1+19,100,7.0,5.95,6.3
Kentmere 100,Ilfotec LC29,1+19,200,8.0,6.8,7.2
Kentmere 100,Ilfotec LC29,1+19,50,5.5,4.67,4.95
Kentmere 100,Ilfotec LC29,1+29,100,11.0,9.35,9.9
Kentmere 100,Ilfotec LC29,1+29,50,7.5,6.38,6.75
Kentmere 100,Ilfotec LC29,1+9,100,4.0,3.4,3.6
Kentmere 100,Ilfotec LC29,1+9,200,5.0,4.25,4.5
Kentmere 100,Lucky HB-17,1+15,100,12.75,10.84,11.47
Kentmere 100,Microphen,1+1,100,10.5,8.92,9.45
Kentmere 100,Microphen,1+1,200,14.0,11.9,12.6
Kentmere 100,Microphen,1+3,100,14.5,12.32,13.05
Kentmere 100,Microphen,stock,100,8.5,7.22,7.65
Kentmere 100,Microphen,stock,200,9.0,7.65,8.1
Kentmere 100,Neofin Blue,1+5,100,12.0,10.2,10.8
Kentmere 100,Neofin Blue,1+9,100,15.0,12.75,13.5
Kentmere 100,Nucleol BF200,2+1+100,125,7.0,5.95,6.3
Kentmere 100,Nucleol BF200,20+15+965,100,7.0,5.95,6.3
Kentmere 100,Paranol S,1+25,100,11.0,9.35,9.9
Kentmere 100,Paranol S,1+50,100,27.0,22.95,24.3
Kentmere 100,Parvofin,stock,100,5.5,4.67,4.95
Kentmere 100,PC-TEA,1+100,100,50.0,42.5,45.0
Kentmere 100,Perceptol,1+1,100,15.5,13.17,13.95
Kentmere 100,Perceptol,1+1,50,13.5,11.47,12.15
Kentmere 100,Perceptol,stock,100,12.5,10.62,11.25
Kentmere 100,Perceptol,stock,50,9.5,8.07,8.55
Kentmere 100,PQ Universal,1+19,100,5.0,4.25,4.5
Kentmere 100,Rodinal,1+100,800,120.0,102.0,108.0
Kentmere 100,Rodinal,1+25,100,9.0,7.65,8.1
Kentmere 100,Rodinal,1+25,1600,60.0,51.0,54.0
Kentmere 100,Rodinal,1+25,200,13.0,11.05,11.7
Kentmere 100,Rodinal,1+25,3200,70.0,59.5,63.0
Kentmere 100,Rodinal,1+50,100,15.0,12.75,13.5
Kentmere 100,Rodinal,1+50,100,12.5,10.62,11.25
Kentmere 100,Rodinal,1+50,200,20.0,17.0,18.0
Kentmere 100,Rodinal,1+50,25,4.5,3.82,4.05
Kentmere 100,Rodinal,1+50,400,15.0,12.75,13.5
Kentmere 100,Rodinal,1+50,400,25.0,21.25,22.5
Kentmere 100,Rodinal,1+50,50,9.0,7.65,8.1
Kentmere 100,Rodinal,1+50,800,60.0,51.0,54.0
Kentmere 100,Rollei Supergrain,1+15,100,7.5,6.38,6.75
Kentmere 100,Rollei Supergrain,1+9,100,6.0,5.1,5.4
Kentmere 100,Silberra Ascorol,1+29,100,9.0,7.65,8.1
Kentmere 100,Sprint Standard,1+9,100,8.5,7.22,7.65
Kentmere 100,Spur HRX,1+20,80,9.5,8.07,8.55
Kentmere 100,Spur SLD,1+24,200,8.5,7.22,7.65
Kentmere 100,Spur Speed-Major,1+14,640,12.0,10.2,10.8
Kentmere 100,Spur Speed-Major,1+24,400,11.0,9.35,9.9
Kentmere 100,Spur Speed-Major,1+35,200,8.5,7.22,7.65
Kentmere 100,Spur Speed-Major,1+9,1000,13.0,11.05,11.7
Kentmere 100,Spur TRX 2000,1+35,160,10.0,8.5,9.0
Kentmere 100,Spur UFP,1+30,80,8.0,6.8,7.2
Kentmere 100,Studional,1+30,100,9.0,7.65,8.1
Kentmere 100,TMax Dev,1+4,100,8.0,6.8,7.2
Kentmere 100,Uncle Mort's,1+9,100,6.0,5.1,5.4
Kentmere 100,XT-3,1+1,100,10.0,8.5,9.0
Kentmere 100,XT-3,1+1,50,8.5,7.22,7.65
Kentmere 100,XT-3,stock,100,8.0,6.8,7.2
Kentmere 100,XT-3,stock,50,6.5,5.52,5.85
Kentmere 100,Xtol,1+1,100,10.0,8.5,9.0
Kentmere 100,Xtol,1+1,400,14.5,12.32,13.05
Kentmere 100,Xtol,1+1,50,8.5,7.22,7.65
Kentmere 100,Xtol,1+2,200,18.5,15.72,16.65
Kentmere 100,Xtol,stock,100,8.0,6.8,7.2
Kentmere 100,Xtol,stock,200,9.5,8.07,8.55
Kentmere 100,Xtol,stock,50,6.5,5.52,5.85
Kentmere 200,510-Pyro,1+100,200,7.5,6.38,6.75
Kentmere 200,Arista Liquid,1+9,200,8.0,6.8,7.2
Kentmere 200,Bellini DF2 Duo Step,stock,200,3.0,2.55,2.7
Kentmere 200,Bellini Euro HC,1+31,200,5.75,4.89,5.17
Kentmere 200,Bellini Euro HC,1+39,200,8.0,6.8,7.2
Kentmere 200,Black/White & Green,1+49,200,12.0,10.2,10.8
Kentmere 200,Caffenol C-M,1+1,200,15.0,12.75,13.5
Kentmere 200,D-76,1+1,100,6.0,5.1,5.4
Kentmere 200,D-76,1+1,1600,22.0,18.7,19.8
Kentmere 200,D-76,1+3,100,12.5,10.62,11.25
Kentmere 200,D-76,stock,100,5.0,4.25,4.5
Kentmere 200,D-76,stock,200,7.5,6.38,6.75
Kentmere 200,FX-39,1+14,200,8.0,6.8,7.2
Kentmere 200,FX-39,1+9,200,6.5,5.52,5.85
Kentmere 200,HC-110,1+31,1600,22.5,19.12,20.25
Kentmere 200,HC-110,1+31,200,5.0,4.25,4.5
Kentmere 200,HC-110,1+31,400,7.5,6.38,6.75
Kentmere 200,HC-110,1+31,800,11.5,9.78,10.35
Kentmere 200,HC-110,E,200,8.0,6.8,7.2
Kentmere 200,HC-110,H,160,9.75,8.29,8.78
Kentmere 200,ID-11,1+1,100,6.0,5.1,5.4
Kentmere 200,ID-11,1+1,200,8.75,7.44,7.88
Kentmere 200,ID-11,1+3,100,12.5,10.62,11.25
Kentmere 200,ID-11,stock,100,5.0,4.25,4.5
Kentmere 200,ID-11,stock,200,7.5,6.38,6.75
Kentmere 200,ID-11,stock,400,10.25,8.71,9.22
Kentmere 200,Ilfosol 3,1+14,100,4.5,3.82,4.05
Kentmere 200,Ilfosol 3,1+14,200,7.5,6.38,6.75
Kentmere 200,Ilfosol 3,1+9,200,5.5,4.67,4.95
Kentmere 200,Ilfotec DD-X,1+4,100,7.0,5.95,6.3
Kentmere 200,Ilfotec DD-X,1+4,200,9.0,7.65,8.1
Kentmere 200,Ilfotec DD-X,1+4,400,12.5,10.62,11.25
Kentmere 200,Ilfotec DD-X,1+4,400,11.0,9.35,9.9
Kentmere 200,Ilfotec HC,1+15,200,4.0,3.4,3.6
Kentmere 200,Ilfotec HC,1+15,400,7.5,6.38,6.75
Kentmere 200,Ilfotec HC,1+31,100,4.75,4.04,4.28
Kentmere 200,Ilfotec HC,1+31,200,6.0,5.1,5.4
Kentmere 200,Ilfotec HC,1+31,400,10.0,8.5,9.0
Kentmere 200,Ilfotec LC29,1+19,100,4.75,4.04,4.28
Kentmere 200,Ilfotec LC29,1+19,200,6.0,5.1,5.4
Kentmere 200,Ilfotec LC29,1+19,400,7.5,6.38,6.75
Kentmere 200,Ilfotec LC29,1+29,100,7.0,5.95,6.3
Kentmere 200,Ilfotec LC29,1+29,200,10.5,8.92,9.45
Kentmere 200,Ilfotec LC29,1+9,200,4.0,3.4,3.6
Kentmere 200,Ilfotec LC29,1+9,400,4.75,4.04,4.28
Kentmere 200,Moersch eco,2+1+50,200,6.25,5.31,5.62
Kentmere 200,Ornano Gradual ST20,1+9,200,6.75,5.74,6.08
Kentmere 200,PC-TEA,1+50,200,9.5,8.07,8.55
Kentmere 200,Perceptol,1+1,100,14.0,11.9,12.6
Kentmere 200,Perceptol,1+1,200,16.0,13.6,14.4
Kentmere 200,Perceptol,stock,100,10.0,8.5,9.0
Kentmere 200,Perceptol,stock,200,13.0,11.05,11.7
Kentmere 200,Rodinal,1+100,200,60.0,51.0,54.0
Kentmere 200,Rodinal,1+25,200,10.0,8.5,9.0
Kentmere 200,Rodinal,1+25,200,6.0,5.1,5.4
Kentmere 200,Rodinal,1+25,800,22.5,19.12,20.25
Kentmere 200,Rodinal,1+50,200,10.0,8.5,9.0
Kentmere 200,Rodinal,1+50,200,11.75,9.99,10.58
Kentmere 200,Rodinal,1+50,200,12.0,10.2,10.8
Kentmere 200,Rodinal,1+75,200,17.0,14.45,15.3
Kentmere 200,Romek PQ7,1+3,200,11.0,9.35,9.9
Kentmere 200,TMax Dev,1+4,200,7.5,6.38,6.75
Kentmere 200,TMax Dev,1+4,200,6.5,5.52,5.85
Kentmere 200,XT-3,1+1,200,8.5,7.22,7.65
Kentmere 200,XT-3,stock,200,7.0,5.95,6.3
Kentmere 200,XT-3,stock,200,6.0,5.1,5.4
Kentmere 200,Xtol,1+1,200,8.5,7.22,7.65
Kentmere 200,Xtol,1+1,200,7.5,6.38,6.75
Kentmere 200,Xtol,stock,200,6.25,5.31,5.62
Kentmere 200,Xtol,stock,800,12.0,10.2,10.8
Kentmere 400,510-Pyro,1+100,1600,25.0,21.25,22.5
Kentmere 400,510-Pyro,1+100,400,11.0,9.35,9.9
Kentmere 400,510-Pyro,1+100,400,20.5,17.43,18.45
Kentmere 400,510-Pyro,1+100,800,15.0,12.75,13.5
Kentmere 400,Acurol-N,1+50,200,11.5,9.78,10.35
Kentmere 400,Adox HR-DEV,1+24,400,13.5,11.47,12.15
Kentmere 400,ADX II,1+24,500,10.5,8.92,9.45
Kentmere 400,Agfa 14,1+1,400,17.5,14.88,15.75
Kentmere 400,Amaloco AM74,1+7,1600,13.0,11.05,11.7
Kentmere 400,Arista Liquid,1+14,400,11.5,9.78,10.35
Kentmere 400,Arista Liquid,1+14,800,25.0,21.25,22.5
Kentmere 400,Arista Liquid,1+9,400,6.5,5.52,5.85
Kentmere 400,Arista Liquid,1+9,800,15.0,12.75,13.5
Kentmere 400,Arista Premium,stock,1600,25.0,21.25,22.5
Kentmere 400,Ars-Imago FD,1+39,1600,13.0,11.05,11.7
Kentmere 400,Ars-Imago FD,1+39,200,4.5,3.82,4.05
Kentmere 400,Ars-Imago FD,1+39,3200,17.5,14.88,15.75
Kentmere 400,Ars-Imago FD,1+39,400,6.5,5.52,5.85
Kentmere 400,Ars-Imago FD,1+39,6400,23.0,19.55,20.7
Kentmere 400,Ars-Imago FD,1+39,800,10.0,8.5,9.0
Kentmere 400,Ars-Imago FE,1+1,200,7.0,5.95,6.3
Kentmere 400,Ars-Imago FE,1+1,400,8.5,7.22,7.65
Kentmere 400,Ars-Imago FE,1+1,800,10.0,8.5,9.0
Kentmere 400,Ars-Imago FE,1+3,200,10.0,8.5,9.0
Kentmere 400,Ars-Imago FE,1+3,400,12.5,10.62,11.25
Kentmere 400,Ars-Imago FE,1+3,800,14.0,11.9,12.6
Kentmere 400,Atomal 49,1+1,400,15.0,12.75,13.5
Kentmere 400,Atomal 49,stock,400,10.0,8.5,9.0
Kentmere 400,Atomal 49,stock,800,13.5,11.47,12.15
Kentmere 400,AVR-3,1+50,400,10.0,8.5,9.0
Kentmere 400,Bellini B&W Ecofilm,1+50,400,14.0,11.9,12.6
Kentmere 400,Bellini Hydrofen,1+15,400,5.0,4.25,4.5
Kentmere 400,Bellini Hydrofen,1+39,400,9.5,8.07,8.55
Kentmere 400,Black/White & Green,1+49,400,16.25,13.81,14.62
Kentmere 400,Black/White & Green,1+49,800,22.0,18.7,19.8
Kentmere 400,Caffenol Delta STD,stock,400,15.0,12.75,13.5
Kentmere 400,Cawanol,stock,400,16.0,13.6,14.4
Kentmere 400,D-23,1+1,400,14.0,11.9,12.6
Kentmere 400,D-23,stock,1250,14.0,11.9,12.6
Kentmere 400,D-76,1+1,1600,22.0,18.7,19.8
Kentmere 400,D-76,1+1,400,14.0,11.9,12.6
Kentmere 400,D-76,1+1,800,17.0,14.45,15.3
Kentmere 400,D-76,1+2,400,20.0,17.0,18.0
Kentmere 400,D-76,1+3,400,28.0,23.8,25.2
Kentmere 400,D-76,stock,1000,14.5,12.32,13.05
Kentmere 400,D-76,stock,1600,20.0,17.0,18.0
Kentmere 400,D-76,stock,200,8.5,7.22,7.65
Kentmere 400,D-76,stock,320,8.75,7.44,7.88
Kentmere 400,D-76,stock,400,9.5,8.07,8.55
Kentmere 400,D-76,stock,50,5.5,4.67,4.95
Kentmere 400,D-76,stock,800,12.5,10.62,11.25
Kentmere 400,D-96,stock,400,7.5,6.38,6.75
Kentmere 400,DK-50,1+3,400,17.0,14.45,15.3
Kentmere 400,DK-50,stock,320,5.0,4.25,4.5
Kentmere 400,DK-50,stock,400,5.75,4.89,5.17
Kentmere 400,DK-76,1+1,800,17.0,14.45,15.3
Kentmere 400,Eco Pro,1+1,1600,18.0,15.3,16.2
Kentmere 400,Eco Pro,1+1,200,8.0,6.8,7.2
Kentmere 400,Eco Pro,1+1,3200,22.5,19.12,20.25
Kentmere 400,Eco Pro,1+1,400,12.0,10.2,10.8
Kentmere 400,Eco Pro,1+1,800,14.5,12.32,13.05
Kentmere 400,Eco Pro,1+2,400,15.0,12.75,13.5
Kentmere 400,Eco Pro,1+3,400,18.0,15.3,16.2
Kentmere 400,Eco Pro,stock,1600,13.0,11.05,11.7
Kentmere 400,Eco Pro,stock,3200,17.5,14.88,15.75
Kentmere 400,Eco Pro,stock,400,9.0,7.65,8.1
Kentmere 400,Eco Pro,stock,6400,21.0,17.85,18.9
Kentmere 400,Eco Pro,stock,800,10.5,8.92,9.45
Kentmere 400,F76+,1+9,400,7.0,5.95,6.3
Kentmere 400,FD10,1+9,400,12.0,10.2,10.8
Kentmere 400,Foma Universal,1+3,400,7.5,6.38,6.75
Kentmere 400,Fomadon Excel,1+1,1600,18.0,15.3,16.2
Kentmere 400,Fomadon Excel,1+1,800,15.0,12.75,13.5
Kentmere 400,Fomadon Excel,stock,6400,21.0,17.85,18.9
Kentmere 400,Fomadon LQN,1+10,400,10.0,8.5,9.0
Kentmere 400,Fomadon R09,1+50,400,12.0,10.2,10.8
Kentmere 400,Fuji Microfine,1+1,320,15.0,12.75,13.5
Kentmere 400,Fuji Microfine,stock,400,12.0,10.2,10.8
Kentmere 400,FX-15,1+1,400,15.0,12.75,13.5
Kentmere 400,FX-15,1+1,500,16.0,13.6,14.4
Kentmere 400,FX-39,1+9,400,11.0,9.35,9.9
Kentmere 400,FX-55,1+9,400,13.0,11.05,11.7
Kentmere 400,FX-55,stock,1600,17.0,14.45,15.3
Kentmere 400,HC-110,1+31,1600,16.0,13.6,14.4
Kentmere 400,HC-110,1+31,1600,19.5,16.57,17.55
Kentmere 400,HC-110,1+49,400,9.25,7.86,8.33
Kentmere 400,HC-110,B,1600,12.0,10.2,10.8
Kentmere 400,HC-110,B,200,3.5,2.98,3.15
Kentmere 400,HC-110,B,3200,15.0,12.75,13.5
Kentmere 400,HC-110,D,400,7.5,6.38,6.75
Kentmere 400,HC-110,E,800,13.0,11.05,11.7
Kentmere 400,HC-110,F,200,10.75,9.14,9.68
Kentmere 400,HC-110,F,400,16.0,13.6,14.4
Kentmere 400,HC-110,H,200,10.0,8.5,9.0
Kentmere 400,HC-110,H,25,7.5,6.38,6.75
Kentmere 400,HC-110,H,400,10.75,9.14,9.68
Kentmere 400,HC-110,H,50,8.5,7.22,7.65
Kentmere 400,ID-11,1+1,1600,22.0,18.7,19.8
Kentmere 400,ID-11,1+1,3200,26.0,22.1,23.4
Kentmere 400,ID-11,1+1,400,16.5,14.03,14.85
Kentmere 400,ID-11,1+1,800,20.5,17.43,18.45
Kentmere 400,ID-11,1+3,400,25.5,21.68,22.95
Kentmere 400,ID-11,stock,1000,14.5,12.32,13.05
Kentmere 400,ID-11,stock,1600,20.0,17.0,18.0
Kentmere 400,ID-11,stock,320,8.75,7.44,7.88
Kentmere 400,ID-11,stock,400,9.5,8.07,8.55
Kentmere 400,ID-11,stock,50,5.5,4.67,4.95
Kentmere 400,ID-11,stock,800,13.0,11.05,11.7
Kentmere 400,Ilford Multigrade,1+49,400,8.5,7.22,7.65
Kentmere 400,Ilfosol 3,1+14,400,11.0,9.35,9.9
Kentmere 400,Ilfosol 3,1+14,400,12.0,10.2,10.8
Kentmere 400,Ilfosol 3,1+14,800,25.0,21.25,22.5
Kentmere 400,Ilfosol 3,1+9,1600,24.0,20.4,21.6
Kentmere 400,Ilfosol 3,1+9,400,6.5,5.52,5.85
Kentmere 400,Ilfosol 3,1+9,800,15.0,12.75,13.5
Kentmere 400,Ilfotec DD-X,1+4,1600,17.0,14.45,15.3
Kentmere 400,Ilfotec DD-X,1+4,3200,30.0,25.5,27.0
Kentmere 400,Ilfotec DD-X,1+4,400,11.5,9.78,10.35
Kentmere 400,Ilfotec DD-X,1+4,6400,30.0,25.5,27.0
Kentmere 400,Ilfotec DD-X,1+4,6400,42.0,35.7,37.8
Kentmere 400,Ilfotec DD-X,1+4,800,13.0,11.05,11.7
Kentmere 400,Ilfotec HC,1+15,400,4.5,3.82,4.05
Kentmere 400,Ilfotec HC,1+15,800,6.5,5.52,5.85
Kentmere 400,Ilfotec HC,1+31,1600,17.5,14.88,15.75
Kentmere 400,Ilfotec HC,1+31,400,8.0,6.8,7.2
Kentmere 400,Ilfotec HC,1+31,800,12.5,10.62,11.25
Kentmere 400,Ilfotec LC29,1+19,250,8.0,6.8,7.2
Kentmere 400,Ilfotec LC29,1+19,400,8.0,6.8,7.2
Kentmere 400,Ilfotec LC29,1+19,800,12.5,10.62,11.25
Kentmere 400,Ilfotec LC29,1+29,200,9.0,7.65,8.1
Kentmere 400,Ilfotec LC29,1+29,400,11.0,9.35,9.9
Kentmere 400,Ilfotec LC29,1+9,3200,15.0,12.75,13.5
Kentmere 400,Ilfotec LC29,1+9,400,4.5,3.82,4.05
Kentmere 400,Ilfotec LC29,1+9,800,6.5,5.52,5.85
Kentmere 400,Microdol-X,1+3,400,30.0,25.5,27.0
Kentmere 400,Microphen,1+1,400,15.0,12.75,13.5
Kentmere 400,Microphen,1+1,800,19.0,16.15,17.1
Kentmere 400,Microphen,1+3,200,9.0,7.65,8.1
Kentmere 400,Microphen,stock,1600,12.0,10.2,10.8
Kentmere 400,Microphen,stock,400,8.0,6.8,7.2
Kentmere 400,Microphen,stock,800,10.0,8.5,9.0
Kentmere 400,Nucleol BF200,2+1+100,400,10.5,8.92,9.45
Kentmere 400,Ornano Gradual ST20,1+9,400,9.0,7.65,8.1
Kentmere 400,Paranol S,1+25,400,14.0,11.9,12.6
Kentmere 400,Paranol S,1+50,400,35.0,29.75,31.5
Kentmere 400,PC-TEA,1+50,400,9.0,7.65,8.1
Kentmere 400,PC-TEA,1+50,800,17.0,14.45,15.3
Kentmere 400,Perceptol,1+1,320,23.0,19.55,20.7
Kentmere 400,Perceptol,1+2,320,30.0,25.5,27.0
Kentmere 400,Perceptol,1+3,1600,40.0,34.0,36.0
Kentmere 400,Perceptol,stock,400,10.0,8.5,9.0
Kentmere 400,PMK,1+2+100,400,13.0,11.05,11.7
Kentmere 400,PQ Universal,1+19,400,5.5,4.67,4.95
Kentmere 400,Pyrocat-HD,1+1+100,320,16.0,13.6,14.4
Kentmere 400,Rodinal,1+100,1600,120.0,102.0,108.0
Kentmere 400,Rodinal,1+100,3200,180.0,153.0,162.0
Kentmere 400,Rodinal,1+100,800,90.0,76.5,81.0
Kentmere 400,Rodinal,1+25,1600,25.0,21.25,22.5
Kentmere 400,Rodinal,1+25,400,7.5,6.38,6.75
Kentmere 400,Rodinal,1+25,400,11.5,9.78,10.35
Kentmere 400,Rodinal,1+25,800,9.0,7.65,8.1
Kentmere 400,Rodinal,1+40,6400,60.0,51.0,54.0
Kentmere 400,Rodinal,1+50,100,13.0,11.05,11.7
Kentmere 400,Rodinal,1+50,1600,50.0,42.5,45.0
Kentmere 400,Rodinal,1+50,1600,29.0,24.65,26.1
Kentmere 400,Rodinal,1+50,200,15.0,12.75,13.5
Kentmere 400,Rodinal,1+50,400,17.5,14.88,15.75
Kentmere 400,Rodinal,1+50,400,11.5,9.78,10.35
Kentmere 400,Rodinal,1+50,400,20.0,17.0,18.0
Kentmere 400,Rodinal,1+50,50,10.5,8.92,9.45
Kentmere 400,Rodinal,1+50,800,19.0,16.15,17.1
Kentmere 400,Rollei Supergrain,1+15,400,7.5,6.38,6.75
Kentmere 400,Romek PQ7,1+3,400,14.0,11.9,12.6
Kentmere 400,Silberra Ascorol,1+29,400,10.0,8.5,9.0
Kentmere 400,SPD,1+1,400,10.5,8.92,9.45
Kentmere 400,SPD,1+3,640,30.0,25.5,27.0
Kentmere 400,SPD,stock,400,6.0,5.1,5.4
Kentmere 400,Sprint Standard,1+9,400,11.5,9.78,10.35
Kentmere 400,Spur HRX,1+13,400,14.0,11.9,12.6
Kentmere 400,Spur Omega X,1+10,400,15.0,12.75,13.5
Kentmere 400,Spur SLD,1+14,400,15.0,12.75,13.5
Kentmere 400,Spur Speed-Major,1+11,800,11.0,9.35,9.9
Kentmere 400,Spur Speed-Major,1+20,500,11.0,9.35,9.9
Kentmere 400,Spur Speed-Major,1+24,400,9.0,7.65,8.1
Kentmere 400,Spur Speed-Major,1+7,1600,15.0,12.75,13.5
Kentmere 400,Spur Speed-Major,1+9,1000,13.0,11.05,11.7
Kentmere 400,Spur TRX 2000,1+24,400,13.5,11.47,12.15
Kentmere 400,Spur UFP,1+20,400,11.5,9.78,10.35
Kentmere 400,Studional,1+30,400,8.0,6.8,7.2
Kentmere 400,Suprol,1+19,400,5.5,4.67,4.95
Kentmere 400,TMax Dev,1+4,200,3.5,2.98,3.15
Kentmere 400,TMax Dev,1+4,400,5.5,4.67,4.95
Kentmere 400,TMax Dev,1+9,1600,18.0,15.3,16.2
Kentmere 400,TMax Dev,1+9,400,10.0,8.5,9.0
Kentmere 400,TMax RS,stock,400,6.5,5.52,5.85
Kentmere 400,Ultrafin,1+20,400,15.5,13.17,13.95
Kentmere 400,Ultrafin T-Plus,1+8,400,16.0,13.6,14.4
Kentmere 400,Uncle Mort's,1+9,400,10.0,8.5,9.0
Kentmere 400,XT-3,1+1,1600,18.0,15.3,16.2
Kentmere 400,XT-3,1+1,200,8.0,6.8,7.2
Kentmere 400,XT-3,1+1,400,12.0,10.2,10.8
Kentmere 400,XT-3,1+1,800,14.5,12.32,13.05
Kentmere 400,XT-3,1+2,400,15.0,12.75,13.5
Kentmere 400,XT-3,1+3,400,18.0,15.3,16.2
Kentmere 400,XT-3,stock,1600,13.0,11.05,11.7
Kentmere 400,XT-3,stock,3200,17.5,14.88,15.75
Kentmere 400,XT-3,stock,400,9.0,7.65,8.1
Kentmere 400,XT-3,stock,6400,21.0,17.85,18.9
Kentmere 400,XT-3,stock,800,10.5,8.92,9.45
Kentmere 400,Xtol,1+1,1600,18.0,15.3,16.2
Kentmere 400,Xtol,1+1,200,8.0,6.8,7.2
Kentmere 400,Xtol,1+1,3200,22.5,19.12,20.25
Kentmere 400,Xtol,1+1,400,12.0,10.2,10.8
Kentmere 400,Xtol,1+1,800,14.5,12.32,13.05
Kentmere 400,Xtol,1+2,400,15.0,12.75,13.5
Kentmere 400,Xtol,1+3,400,18.0,15.3,16.2
Kentmere 400,Xtol,1+5,1000,70.0,59.5,63.0
Kentmere 400,Xtol,1+5,1600,90.0,76.5,81.0
Kentmere 400,Xtol,1+5,200,45.0,38.25,40.5
Kentmere 400,Xtol,1+5,400,55.0,46.75,49.5
Kentmere 400,Xtol,stock,1600,13.0,11.05,11.7
Kentmere 400,Xtol,stock,3200,17.5,14.88,15.75
Kentmere 400,Xtol,stock,400,9.0,7.65,8.1
Kentmere 400,Xtol,stock,6400,21.0,17.85,18.9
Kentmere 400,Xtol,stock,800,10.5,8.92,9.45
Kiki Pan 320,Berspeed,1+1,320,11.75,9.99,10.58
Kiki Pan 320,D-76,1+1,320,17.0,14.45,15.3
Kiki Pan 320,D-76,stock,320,8.75,7.44,7.88
Kiki Pan 320,Eco Pro,1+1,320,17.5,14.88,15.75
Kiki Pan 320,Eco Pro,stock,320,9.5,8.07,8.55
Kiki Pan 320,HC-110,B,320,8.75,7.44,7.88
Kiki Pan 320,ID-11,1+1,320,17.0,14.45,15.3
Kiki Pan 320,ID-11,stock,320,8.75,7.44,7.88
Kiki Pan 320,Ilfotec LC29,1+19,320,7.75,6.59,6.98
Kiki Pan 320,Rodinal,1+25,320,8.5,7.22,7.65
Kiki Pan 320,Rodinal,1+50,320,21.0,17.85,18.9
Kiki Pan 320,Rodinal,1+9,320,9.25,7.86,8.33
Kiki Pan 320,Xtol,1+1,320,17.5,14.88,15.75
Kiki Pan 320,Xtol,stock,320,9.5,8.07,8.55
Kodak 1461,D-76,1+3,25,30.0,25.5,27.0
Kodak 1461,ID-11,1+3,25,30.0,25.5,27.0
Kodak 2238,D-76,stock,12,13.0,11.05,11.7
Kodak 2238,D-76,stock,25,7.5,6.38,6.75
Kodak 2238,D-96,stock,25,12.0,10.2,10.8
Kodak 2238,Eco Pro,1+1,20,12.0,10.2,10.8
Kodak 2238,GVB-194,1+14.5,12,15.0,12.75,13.5
Kodak 2238,HC-110,B,6,7.0,5.95,6.3
Kodak 2238,ID-11,stock,25,7.5,6.38,6.75
Kodak 2238,Microphen,stock,25,5.0,4.25,4.5
Kodak 2238,Rodinal,1+50,12,15.0,12.75,13.5
Kodak 2238,Rodinal,1+50,25,16.0,13.6,14.4
Kodak 2238,Silvermax,1+29,12,11.0,9.35,9.9
Kodak 2238,XT-3,1+1,20,12.0,10.2,10.8
Kodak 2238,XT-3,3+2,25,12.5,10.62,11.25
Kodak 2238,Xtol,1+1,20,12.0,10.2,10.8
Kodak 2238,Xtol,3+2,25,12.5,10.62,11.25
Kodak 2302,D-23,stock,8,15.0,12.75,13.5
Kodak 2302,D-76,1+1,6,10.0,8.5,9.0
Kodak 2302,HC-110,B,12,15.0,12.75,13.5
Kodak 2302,HC-110,B,25,30.0,25.5,27.0
Kodak 2302,ID-11,1+1,6,10.0,8.5,9.0
Kodak 2302,Ilfotec DD-X,1+4,12,14.0,11.9,12.6
Kodak 2302,Ilfotec DD-X,1+4,50,23.0,19.55,20.7
Kodak 2302,Rodinal,1+50,6,10.0,8.5,9.0
Kodak 2366,Ilfosol 3,1+9,6,10.5,8.92,9.45
Kodak 2383,510-Pyro,1+100,3,10.0,8.5,9.0
Kodak 2383,D-76,1+1,12,18.0,15.3,16.2
Kodak 2383,D-76,stock,12,10.0,8.5,9.0
Kodak 2383,Dektol,1+10,12,9.0,7.65,8.1
Kodak 2383,Paranol S,1+50,12,15.0,12.75,13.5
Kodak 2383,Parodinal,1+50,6,8.0,6.8,7.2
Kodak 2383,Rodinal,1+100,16,60.0,51.0,54.0
Kodak 2383,Rodinal,1+25,1.6,6.0,5.1,5.4
Kodak 2383,Rodinal,1+25,12,9.0,7.65,8.1
Kodak 2383,Rodinal,1+50,12,15.0,12.75,13.5
Kodak 2383,Rodinal,1+50,6,8.0,6.8,7.2
Kodak 2405,D-76,stock,400,7.0,5.95,6.3
Kodak 2405,ID-11,stock,400,7.0,5.95,6.3
Kodak 2468,Ilfosol 3,1+5,0.4,8.0,6.8,7.2
Kodak 2494,Eco Pro,stock,50,8.75,7.44,7.88
Kodak 2494,Rodinal,1+50,100,8.5,7.22,7.65
Kodak 2494,Rodinal,1+50,400,15.5,13.17,13.95
Kodak 2494,Rodinal,1+50,50,7.0,5.95,6.3
Kodak 2494,Xtol,stock,50,8.75,7.44,7.88
Kodak 2556,HC-110,1+120,3,12.5,10.62,11.25
Kodak Aerecon 3409,D-76,1+1,25,8.0,6.8,7.2
Kodak Aerecon 3409,D-76,stock,50,10.0,8.5,9.0
Kodak Aerecon 3409,PC-TEA,1+50,50,10.0,8.5,9.0
Kodak Aerecon 3409,TMax Dev,1+4,16,7.5,6.38,6.75
Kodak Aerecon 3409,Xtol,1+1,16,10.5,8.92,9.45
Kodak Aerocolor IV 2460,ID-11,stock,100,13.5,11.47,12.15
Kodak Aerocolor IV 2460,ID-11,stock,200,17.0,14.45,15.3
Kodak BW400CN,Eco Pro,1+3,400,16.0,13.6,14.4
Kodak BW400CN,HC-110,B,400,5.5,4.67,4.95
Kodak BW400CN,Ilfotec DD-X,1+4,1600,20.0,17.0,18.0
Kodak BW400CN,Ilfotec DD-X,1+4,400,12.0,10.2,10.8
Kodak BW400CN,Rodinal,1+100,400,60.0,51.0,54.0
Kodak BW400CN,XT-3,1+3,400,16.0,13.6,14.4
Kodak BW400CN,Xtol,1+3,400,16.0,13.6,14.4
Kodak Direct Positive 5246,Black/White & Green,1+49,80,16.0,13.6,14.4
Kodak Direct Positive 5246,HC-110,F,50,11.5,9.78,10.35
Kodak Double-X (5222),510-Pyro,1+100,125,16.0,13.6,14.4
Kodak Double-X (5222),510-Pyro,1+100,200,7.0,5.95,6.3
Kodak Double-X (5222),510-Pyro,1+100,200,14.25,12.11,12.83
Kodak Double-X (5222),777,stock,250,11.0,9.35,9.9
Kodak Double-X (5222),Acufine,stock,800,7.0,5.95,6.3
Kodak Double-X (5222),Adox HR-DEV,1+24,800,15.0,12.75,13.5
Kodak Double-X (5222),Adox HR-DEV,1+30,400,14.0,11.9,12.6
Kodak Double-X (5222),Agfa Ansco 47,stock,250,5.0,4.25,4.5
Kodak Double-X (5222),Bellini FX6a Monobath,stock,250,9.0,7.65,8.1
Kodak Double-X (5222),Bellini Hydrofen,1+39,250,5.25,4.46,4.73
Kodak Double-X (5222),Bellini Hydrofen,1+39,400,6.5,5.52,5.85
Kodak Double-X (5222),Berspeed,1+1,1600,20.0,17.0,18.0
Kodak Double-X (5222),Black/White & Green,1+49,100,11.75,9.99,10.58
Kodak Double-X (5222),Caffenol Delta STD,stock,250,10.0,8.5,9.0
Kodak Double-X (5222),D-23,1+3,250,20.0,17.0,18.0
Kodak Double-X (5222),D-76,1+1,250,10.0,8.5,9.0
Kodak Double-X (5222),D-76,1+1,400,13.5,11.47,12.15
Kodak Double-X (5222),D-76,1+1,800,21.5,18.27,19.35
Kodak Double-X (5222),D-76,1+1,800,27.0,22.95,24.3
Kodak Double-X (5222),D-76,1+2,100,9.0,7.65,8.1
Kodak Double-X (5222),D-76,1+2,200,11.0,9.35,9.9
Kodak Double-X (5222),D-76,1+3,400,27.0,22.95,24.3
Kodak Double-X (5222),D-76,stock,100,4.25,3.61,3.83
Kodak Double-X (5222),D-76,stock,250,7.0,5.95,6.3
Kodak Double-X (5222),D-76,stock,400,9.0,7.65,8.1
Kodak Double-X (5222),D-76,stock,800,13.5,11.47,12.15
Kodak Double-X (5222),D-96,stock,1600,25.0,21.25,22.5
Kodak Double-X (5222),D-96,stock,200,6.5,5.52,5.85
Kodak Double-X (5222),D-96,stock,400,8.0,6.8,7.2
Kodak Double-X (5222),DK-50,1+1,200,6.0,5.1,5.4
Kodak Double-X (5222),Eco Pro,1+1,100,7.0,5.95,6.3
Kodak Double-X (5222),Eco Pro,1+1,250,10.0,8.5,9.0
Kodak Double-X (5222),Eco Pro,stock,250 (200),7.0,5.95,6.3
Kodak Double-X (5222),F76+,1+19,250,10.0,8.5,9.0
Kodak Double-X (5222),FA-1027,1+19,200,10.0,8.5,9.0
Kodak Double-X (5222),FD10,1+9,250,11.0,9.35,9.9
Kodak Double-X (5222),Fomadon LQN,1+10,250,7.5,6.38,6.75
Kodak Double-X (5222),Fomadon LQN,1+4,800,10.0,8.5,9.0
Kodak Double-X (5222),Fomadon LQN,1+7,400,17.0,14.45,15.3
Kodak Double-X (5222),Fuji Microfine,1+1,100,8.0,6.8,7.2
Kodak Double-X (5222),FX-39,1+9,250,8.0,6.8,7.2
Kodak Double-X (5222),HC-110,B,100,4.0,3.4,3.6
Kodak Double-X (5222),HC-110,B,1600,20.0,17.0,18.0
Kodak Double-X (5222),HC-110,B,200,5.0,4.25,4.5
Kodak Double-X (5222),HC-110,B,250,6.0,5.1,5.4
Kodak Double-X (5222),HC-110,B,3200,23.0,19.55,20.7
Kodak Double-X (5222),HC-110,B,400,6.5,5.52,5.85
Kodak Double-X (5222),HC-110,B,800,12.5,10.62,11.25
Kodak Double-X (5222),HC-110,E,200,8.0,6.8,7.2
Kodak Double-X (5222),HC-110,E,400,10.0,8.5,9.0
Kodak Double-X (5222),HC-110,G,250,90.0,76.5,81.0
Kodak Double-X (5222),HC-110,H,400,14.0,11.9,12.6
Kodak Double-X (5222),ID-11,1+1,250,10.0,8.5,9.0
Kodak Double-X (5222),ID-11,1+2,100,9.0,7.65,8.1
Kodak Double-X (5222),ID-11,1+2,200,11.0,9.35,9.9
Kodak Double-X (5222),ID-11,stock,100,4.25,3.61,3.83
Kodak Double-X (5222),ID-11,stock,250,7.0,5.95,6.3
Kodak Double-X (5222),ID-11,stock,400,9.0,7.65,8.1
Kodak Double-X (5222),ID-11,stock,800,12.5,10.62,11.25
Kodak Double-X (5222),Ilfosol 3,1+4,250,7.0,5.95,6.3
Kodak Double-X (5222),Ilfosol 3,1+9,400,15.0,12.75,13.5
Kodak Double-X (5222),Ilfosol 3,1+9,600,17.0,14.45,15.3
Kodak Double-X (5222),Ilfotec DD-X,1+4,250,7.0,5.95,6.3
Kodak Double-X (5222),Ilfotec DD-X,1+4,3200,20.0,17.0,18.0
Kodak Double-X (5222),Ilfotec DD-X,1+4,400,10.0,8.5,9.0
Kodak Double-X (5222),Ilfotec DD-X,1+9,200,12.0,10.2,10.8
Kodak Double-X (5222),Ilfotec HC,1+49,200,7.0,5.95,6.3
Kodak Double-X (5222),Ilfotec LC29,1+19,250,6.5,5.52,5.85
Kodak Double-X (5222),Ilfotec LC29,1+19,400,8.5,7.22,7.65
Kodak Double-X (5222),Ilfotec LC29,1+29,250,8.0,6.8,7.2
Kodak Double-X (5222),Microphen,1+2,320,14.0,11.9,12.6
Kodak Double-X (5222),Microphen,stock,400,8.5,7.22,7.65
Kodak Double-X (5222),Microphen,stock,800,10.0,8.5,9.0
Kodak Double-X (5222),Nucleol BF200,20+15+965,250,8.5,7.22,7.65
Kodak Double-X (5222),Ornano Gradual ST20,1+9,3200,30.0,25.5,27.0
Kodak Double-X (5222),Paranol S,1+50,250,12.5,10.62,11.25
Kodak Double-X (5222),Parodinal,1+100,250,60.0,51.0,54.0
Kodak Double-X (5222),PC-TEA,1+50,200,10.0,8.5,9.0
Kodak Double-X (5222),Perceptol,1+2,200,13.0,11.05,11.7
Kodak Double-X (5222),Perceptol,1+3,250,18.0,15.3,16.2
Kodak Double-X (5222),PMK,1+1+100,250,13.5,11.47,12.15
Kodak Double-X (5222),PMK,1+2+100,200,12.0,10.2,10.8
Kodak Double-X (5222),Pyrocat-HD,1+1+100,200,15.0,12.75,13.5
Kodak Double-X (5222),Rodinal,1+100,25,3.0,2.55,2.7
Kodak Double-X (5222),Rodinal,1+100,400,60.0,51.0,54.0
Kodak Double-X (5222),Rodinal,1+20,1600,10.0,8.5,9.0
Kodak Double-X (5222),Rodinal,1+20,200,5.0,4.25,4.5
Kodak Double-X (5222),Rodinal,1+25,1000,9.25,7.86,8.33
Kodak Double-X (5222),Rodinal,1+25,250,5.75,4.89,5.17
Kodak Double-X (5222),Rodinal,1+25,500,7.5,6.38,6.75
Kodak Double-X (5222),Rodinal,1+300,200,480.0,408.0,432.0
Kodak Double-X (5222),Rodinal,1+50,250,9.0,7.65,8.1
Kodak Double-X (5222),Rodinal,1+50,400,11.0,9.35,9.9
Kodak Double-X (5222),Rodinal,1+50,800,16.0,13.6,14.4
Kodak Double-X (5222),Rodinal,1+60,200,7.0,5.95,6.3
Kodak Double-X (5222),Rollei D74,1+15,250,5.0,4.25,4.5
Kodak Double-X (5222),Rollei Supergrain,1+15,250,7.0,5.95,6.3
Kodak Double-X (5222),Silberra Micro-F,stock,100,7.0,5.95,6.3
Kodak Double-X (5222),Spur HRX,1+17,400,11.0,9.35,9.9
Kodak Double-X (5222),Spur SHADOWmax,1+1+48,400,15.0,12.75,13.5
Kodak Double-X (5222),Spur SHADOWmax,1+2+22,800,13.0,11.05,11.7
Kodak Double-X (5222),Spur SHADOWmax,1+2+33,500,12.0,10.2,10.8
Kodak Double-X (5222),Spur SHADOWmax,2+3+25,1250,13.0,11.05,11.7
Kodak Double-X (5222),Spur TRX 2000,1+24,800,15.0,12.75,13.5
Kodak Double-X (5222),Spur TRX 2000,1+30,400,14.0,11.9,12.6
Kodak Double-X (5222),TMax Dev,1+4,1600,15.0,12.75,13.5
Kodak Double-X (5222),TMax Dev,1+4,250,6.0,5.1,5.4
Kodak Double-X (5222),TMax Dev,1+4,400,6.0,5.1,5.4
Kodak Double-X (5222),TMax Dev,1+9,400,10.5,8.92,9.45
Kodak Double-X (5222),Ultrafin,1+20,200,12.0,10.2,10.8
Kodak Double-X (5222),XT-3,1+1,250,10.0,8.5,9.0
Kodak Double-X (5222),XT-3,1+1,400,12.5,10.62,11.25
Kodak Double-X (5222),XT-3,1+1,800,14.5,12.32,13.05
Kodak Double-X (5222),XT-3,stock,250 (200),7.0,5.95,6.3
Kodak Double-X (5222),Xtol,1+1,100,7.0,5.95,6.3
Kodak Double-X (5222),Xtol,1+1,1000,18.0,15.3,16.2
Kodak Double-X (5222),Xtol,1+1,250,10.0,8.5,9.0
Kodak Double-X (5222),Xtol,1+2,100,9.0,7.65,8.1
Kodak Double-X (5222),Xtol,stock,1600,25.0,21.25,22.5
Kodak Double-X (5222),Xtol,stock,250 (200),7.0,5.95,6.3
Kodak Double-X (5222),Xtol,stock,3200,38.0,32.3,34.2
Kodak Double-X (5222),Xtol,stock,400,9.0,7.65,8.1
Kodak Ektachrome 100,Rodinal,1+50,12,24.0,20.4,21.6
Kodak Ektagraphic HC,D-11,stock,25,2.5,2.12,2.25
Kodak Ektagraphic HC,Rodinal,1+100,6,18.0,15.3,16.2
Kodak Ektapan 100,510-Pyro,1+100,100,11.5,9.78,10.35
Kodak Ektapan 100,510-Pyro,1+100,100,27.0,22.95,24.3
Kodak Ektapan 100,510-Pyro,1+100,64,20.0,17.0,18.0
Kodak Ektapan 100,Acurol-N,1+100,100,31.0,26.35,27.9
Kodak Ektapan 100,Acurol-N,1+50,50,10.5,8.92,9.45
Kodak Ektapan 100,Adox HR-DEV,1+30,100,12.0,10.2,10.8
Kodak Ektapan 100,ADX II,1+24,100,12.0,10.2,10.8
Kodak Ektapan 100,Amaloco AM74,1+7,100,5.0,4.25,4.5
Kodak Ektapan 100,Amaloco AM74,1+7,200,5.75,4.89,5.17
Kodak Ektapan 100,Arista® Liquid,1+9,100,7.0,5.95,6.3
Kodak Ektapan 100,Arista® Premium,1+9,100,7.0,5.95,6.3
Kodak Ektapan 100,Ars-Imago FD,1+39,100,6.5,5.52,5.85
Kodak Ektapan 100,Ars-Imago FD,1+39,200,9.0,7.65,8.1
Kodak Ektapan 100,Ars-Imago FD,1+39,50,4.5,3.82,4.05
Kodak Ektapan 100,Ars-Imago FE,1+1,100,7.5,6.38,6.75
Kodak Ektapan 100,Ars-Imago FE,1+1,200,8.5,7.22,7.65
Kodak Ektapan 100,Ars-Imago FE,1+1,50,6.5,5.52,5.85
Kodak Ektapan 100,Atomal 49,stock,100,8.0,6.8,7.2
Kodak Ektapan 100,Bellini Hydrofen,1+15,80,5.0,4.25,4.5
Kodak Ektapan 100,Bellini Hydrofen,1+39,100,6.0,5.1,5.4
Kodak Ektapan 100,Bellini Hydrofen,1+39,200,9.0,7.65,8.1
Kodak Ektapan 100,Bellini Hydrofen,1+39,50,4.5,3.82,4.05
Kodak Ektapan 100,Berspeed,1+1,100,11.0,9.35,9.9
Kodak Ektapan 100,Beutler,1+1+8,100,12.0,10.2,10.8
Kodak Ektapan 100,Black/White & Green,1+49,100,11.0,9.35,9.9
Kodak Ektapan 100,BW-TNEG,1+6,100,5.5,4.67,4.95
Kodak Ektapan 100,Caffenol C,1+1,100,12.5,10.62,11.25
Kodak Ektapan 100,Caffenol C-M,stock,200,15.0,12.75,13.5
Kodak Ektapan 100,Caffenol C-M (rs),stock,100,12.0,10.2,10.8
Kodak Ektapan 100,Cawanol,stock,100,16.0,13.6,14.4
Kodak Ektapan 100,D-23,1+1,100,14.0,11.9,12.6
Kodak Ektapan 100,D-23,1+3,100,21.0,17.85,18.9
Kodak Ektapan 100,D-23,stock,100,9.5,8.07,8.55
Kodak Ektapan 100,D-76,1+1,100,9.5,8.07,8.55
Kodak Ektapan 100,D-76,1+1,64,12.0,10.2,10.8
Kodak Ektapan 100,D-76,1+3,100,17.0,14.45,15.3
Kodak Ektapan 100,D-76,1+3,50,14.5,12.32,13.05
Kodak Ektapan 100,D-76,stock,100,6.5,5.52,5.85
Kodak Ektapan 100,D-76,stock,200,6.5,5.52,5.85
Kodak Ektapan 100,D-76,stock,400,8.25,7.01,7.42
Kodak Ektapan 100,D-76,stock,800,11.0,9.35,9.9
Kodak Ektapan 100,D-76D,1+1,100,12.0,10.2,10.8
Kodak Ektapan 100,D-96,stock,100,7.5,6.38,6.75
Kodak Ektapan 100,Dektol,1+3,64,3.5,2.98,3.15
Kodak Ektapan 100,Dektol,1+4,100,4.5,3.82,4.05
Kodak Ektapan 100,Dektol,1+9,100,6.75,5.74,6.08
Kodak Ektapan 100,Eco Pro,1+1,100,9.5,8.07,8.55
Kodak Ektapan 100,Eco Pro,1+1,100,9.25,7.86,8.33
Kodak Ektapan 100,Eco Pro,1+1,200,9.5,8.07,8.55
Kodak Ektapan 100,Eco Pro,1+1,200,10.25,8.71,9.22
Kodak Ektapan 100,Eco Pro,1+1,25,8.0,6.8,7.2
Kodak Ektapan 100,Eco Pro,1+1,400,12.25,10.41,11.03
Kodak Ektapan 100,Eco Pro,1+1,400,12.5,10.62,11.25
Kodak Ektapan 100,Eco Pro,1+1,50,8.0,6.8,7.2
Kodak Ektapan 100,Eco Pro,1+1,800,14.5,12.32,13.05
Kodak Ektapan 100,Eco Pro,1+2,100,12.5,10.62,11.25
Kodak Ektapan 100,Eco Pro,1+2,200,13.75,11.69,12.38
Kodak Ektapan 100,Eco Pro,1+2,25,11.5,9.78,10.35
Kodak Ektapan 100,Eco Pro,1+2,400,15.75,13.39,14.18
Kodak Ektapan 100,Eco Pro,1+2,50,11.5,9.78,10.35
Kodak Ektapan 100,Eco Pro,1+2,800,18.0,15.3,16.2
Kodak Ektapan 100,Eco Pro,1+3,100,16.0,13.6,14.4
Kodak Ektapan 100,Eco Pro,1+3,200,18.25,15.51,16.43
Kodak Ektapan 100,Eco Pro,1+3,25,14.5,12.32,13.05
Kodak Ektapan 100,Eco Pro,1+3,400,20.5,17.43,18.45
Kodak Ektapan 100,Eco Pro,1+3,50,14.5,12.32,13.05
Kodak Ektapan 100,Eco Pro,1+3,800,23.0,19.55,20.7
Kodak Ektapan 100,Eco Pro,stock,100,7.5,6.38,6.75
Kodak Ektapan 100,Eco Pro,stock,100,6.75,5.74,6.08
Kodak Ektapan 100,Eco Pro,stock,100,7.25,6.16,6.53
Kodak Ektapan 100,Eco Pro,stock,200,7.5,6.38,6.75
Kodak Ektapan 100,Eco Pro,stock,200,7.75,6.59,6.98
Kodak Ektapan 100,Eco Pro,stock,25,5.75,4.89,5.17
Kodak Ektapan 100,Eco Pro,stock,400,9.5,8.07,8.55
Kodak Ektapan 100,Eco Pro,stock,400,9.0,7.65,8.1
Kodak Ektapan 100,Eco Pro,stock,50,5.75,4.89,5.17
Kodak Ektapan 100,Eco Pro,stock,800,10.5,8.92,9.45
Kodak Ektapan 100,Extend Plus,1+15,100,11.5,9.78,10.35
Kodak Ektapan 100,Extend Plus,1+15,100,11.0,9.35,9.9
Kodak Ektapan 100,F76+,1+9,100,12.0,10.2,10.8
Kodak Ektapan 100,F76+,1+9,100,7.0,5.95,6.3
Kodak Ektapan 100,FA-1027,1+14,100,9.5,8.07,8.55
Kodak Ektapan 100,FA-1027,1+9,100,6.5,5.52,5.85
Kodak Ektapan 100,FD10,1+14,100,13.0,11.05,11.7
Kodak Ektapan 100,FD10,1+9,100,9.0,7.65,8.1
Kodak Ektapan 100,Fomadon Excel,stock,100,7.0,5.95,6.3
Kodak Ektapan 100,Fomadon LQN,1+10,100,7.5,6.38,6.75
Kodak Ektapan 100,Fomadon P,stock,100,13.0,11.05,11.7
Kodak Ektapan 100,Fomadon R09,1+25,100,5.5,4.67,4.95
Kodak Ektapan 100,Fomadon R09,1+50,100,15.0,12.75,13.5
Kodak Ektapan 100,Fuji Microfine,1+1,100,15.0,12.75,13.5
Kodak Ektapan 100,FX-1,1+1+8,100,12.0,10.2,10.8
Kodak Ektapan 100,FX-19,stock,100,9.0,7.65,8.1
Kodak Ektapan 100,FX-39,1+14,100,11.0,9.35,9.9
Kodak Ektapan 100,FX-39,1+9,100,8.0,6.8,7.2
Kodak Ektapan 100,FX-39,1+9,200,9.0,7.65,8.1
Kodak Ektapan 100,FX-55,1+9,100,13.0,11.05,11.7
Kodak Ektapan 100,HC-110,1+31,800,14.0,11.9,12.6
Kodak Ektapan 100,HC-110,B,100,6.0,5.1,5.4
Kodak Ektapan 100,HC-110,B,100,7.0,5.95,6.3
Kodak Ektapan 100,HC-110,B,200,6.0,5.1,5.4
Kodak Ektapan 100,HC-110,B,200,7.0,5.95,6.3
Kodak Ektapan 100,HC-110,B,3200,70.0,59.5,63.0
Kodak Ektapan 100,HC-110,B,400,11.5,9.78,10.35
Kodak Ektapan 100,HC-110,B,400,9.5,8.07,8.55
Kodak Ektapan 100,HC-110,H,100,12.0,10.2,10.8
Kodak Ektapan 100,ID-11,1+1,100,9.5,8.07,8.55
Kodak Ektapan 100,ID-11,1+1,64,12.0,10.2,10.8
Kodak Ektapan 100,ID-11,stock,100,6.5,5.52,5.85
Kodak Ektapan 100,ID-11,stock,1600,16.0,13.6,14.4
Kodak Ektapan 100,ID-11,stock,200,6.5,5.52,5.85
Kodak Ektapan 100,ID-11,stock,400,8.25,7.01,7.42
Kodak Ektapan 100,ID-11,stock,800,11.0,9.35,9.9
Kodak Ektapan 100,Ilfosol 3,1+14,100,10.0,8.5,9.0
Kodak Ektapan 100,Ilfosol 3,1+14,160,11.5,9.78,10.35
Kodak Ektapan 100,Ilfosol 3,1+14,80,9.0,7.65,8.1
Kodak Ektapan 100,Ilfosol 3,1+9,80,5.5,4.67,4.95
Kodak Ektapan 100,Ilfotec DD-X,1+4,100,7.0,5.95,6.3
Kodak Ektapan 100,Ilfotec DD-X,1+4,1600,20.0,17.0,18.0
Kodak Ektapan 100,Ilfotec DD-X,1+4,200,9.0,7.65,8.1
Kodak Ektapan 100,Ilfotec DD-X,1+4,400,11.5,9.78,10.35
Kodak Ektapan 100,Ilfotec DD-X,1+9,100,11.0,9.35,9.9
Kodak Ektapan 100,Ilfotec HC,1+15,100,3.5,2.98,3.15
Kodak Ektapan 100,Ilfotec HC,1+15,200,5.0,4.25,4.5
Kodak Ektapan 100,Ilfotec HC,1+31,100,7.5,6.38,6.75
Kodak Ektapan 100,Ilfotec LC29,1+19,100,7.0,5.95,6.3
Kodak Ektapan 100,Ilfotec LC29,1+19,100,7.5,6.38,6.75
Kodak Ektapan 100,Ilfotec LC29,1+29,100,11.0,9.35,9.9
Kodak Ektapan 100,Kalogen,1+50,100,10.0,8.5,9.0
Kodak Ektapan 100,Marathon,1+3,100,10.0,8.5,9.0
Kodak Ektapan 100,Marathon,1+9,100,6.0,5.1,5.4
Kodak Ektapan 100,Microdol-X,1+3,100,17.0,14.45,15.3
Kodak Ektapan 100,Microdol-X,stock,100,11.5,9.78,10.35
Kodak Ektapan 100,Microdol-X,stock,100,13.5,11.47,12.15
Kodak Ektapan 100,Microdol-X,stock,200,13.5,11.47,12.15
Kodak Ektapan 100,Microphen,1+1,100,11.0,9.35,9.9
Kodak Ektapan 100,Microphen,1+1,200,11.0,9.35,9.9
Kodak Ektapan 100,Microphen,1+3,100,16.0,13.6,14.4
Kodak Ektapan 100,Microphen,1+3,200,16.0,13.6,14.4
Kodak Ektapan 100,Microphen,stock,100,8.0,6.8,7.2
Kodak Ektapan 100,Microphen,stock,200,8.0,6.8,7.2
Kodak Ektapan 100,Mocon,1+64,100,14.0,11.9,12.6
Kodak Ektapan 100,Neofin Blue,1+5,100,10.0,8.5,9.0
Kodak Ektapan 100,Neofin Blue,1+9,100,15.0,12.75,13.5
Kodak Ektapan 100,Neofin Blue,stock,100,12.0,10.2,10.8
Kodak Ektapan 100,Neopress HC,1+15,100,3.0,2.55,2.7
Kodak Ektapan 100,Neopress HC,1+15,100,5.0,4.25,4.5
Kodak Ektapan 100,Neopress HC,1+31,100,5.0,4.25,4.5
Kodak Ektapan 100,Neopress HC,1+31,100,8.0,6.8,7.2
Kodak Ektapan 100,Ornano Gradual ST20,1+9,100,7.5,6.38,6.75
Kodak Ektapan 100,Paranol S,1+25,100,11.0,9.35,9.9
Kodak Ektapan 100,Paranol S,1+50,100,27.0,22.95,24.3
Kodak Ektapan 100,Parvofin,stock,100,6.75,5.74,6.08
Kodak Ektapan 100,Perceptol,1+1,100,13.5,11.47,12.15
Kodak Ektapan 100,Perceptol,1+3,100,19.0,16.15,17.1
Kodak Ektapan 100,Perceptol,stock,100,12.0,10.2,10.8
Kodak Ektapan 100,PMK,1+2+100,100,13.5,11.47,12.15
Kodak Ektapan 100,PMK,1+2+100,100,14.0,11.9,12.6
Kodak Ektapan 100,PMK,3+6+200,80,15.0,12.75,13.5
Kodak Ektapan 100,PQ Universal,1+19,100,3.5,2.98,3.15
Kodak Ektapan 100,Promicrol,1+14,150,13.0,11.05,11.7
Kodak Ektapan 100,Promicrol,1+14,200,13.0,11.05,11.7
Kodak Ektapan 100,Promicrol,1+9,150,8.0,6.8,7.2
Kodak Ektapan 100,Promicrol,1+9,200,8.0,6.8,7.2
Kodak Ektapan 100,Pyrocat-HD,1+1+100,100,16.0,13.6,14.4
Kodak Ektapan 100,Rodinal,1+100,100,60.0,51.0,54.0
Kodak Ektapan 100,Rodinal,1+100,64,15.0,12.75,13.5
Kodak Ektapan 100,Rodinal,1+100,80,20.0,17.0,18.0
Kodak Ektapan 100,Rodinal,1+25,100,5.5,4.67,4.95
Kodak Ektapan 100,Rodinal,1+25,100,6.0,5.1,5.4
Kodak Ektapan 100,Rodinal,1+25,400,8.5,7.22,7.65
Kodak Ektapan 100,Rodinal,1+25,64,5.5,4.67,4.95
Kodak Ektapan 100,Rodinal,1+50,100,12.0,10.2,10.8
Kodak Ektapan 100,Rodinal,1+50,50,10.0,8.5,9.0
Kodak Ektapan 100,Rodinal,1+50,80,12.0,10.2,10.8
Kodak Ektapan 100,Rodinal,1+75,100,19.0,16.15,17.1
Kodak Ektapan 100,Rodinal,1+75,50,17.0,14.45,15.3
Kodak Ektapan 100,Rollei D74,1+15,100,8.5,7.22,7.65
Kodak Ektapan 100,Rollei D74,1+9,100,6.0,5.1,5.4
Kodak Ektapan 100,Rollei Supergrain,1+15,100,8.5,7.22,7.65
Kodak Ektapan 100,Silvermax,1+24,100,11.0,9.35,9.9
Kodak Ektapan 100,SP-76EC,1+10,100,7.0,5.95,6.3
Kodak Ektapan 100,SP-Ultra 4LF,1+9,125,7.5,6.38,6.75
Kodak Ektapan 100,Sprint Standard,1+9,100,12.0,10.2,10.8
Kodak Ektapan 100,Sprint Standard,1+9,100,10.0,8.5,9.0
Kodak Ektapan 100,Spur HRX,1+17,100,14.0,11.9,12.6
Kodak Ektapan 100,Spur HRX,1+17,64,11.5,9.78,10.35
Kodak Ektapan 100,Spur NHC,1+15,100,10.0,8.5,9.0
Kodak Ektapan 100,Spur NHC,1+15,125,12.0,10.2,10.8
Kodak Ektapan 100,Spur NHC,1+15,80,8.0,6.8,7.2
Kodak Ektapan 100,Spur SD 2525,1+12,80,7.5,6.38,6.75
Kodak Ektapan 100,Spur SHADOWmax,1+1+48,100,12.5,10.62,11.25
Kodak Ektapan 100,Spur SHADOWmax,1+2+12,640,15.0,12.75,13.5
Kodak Ektapan 100,Spur SHADOWmax,1+2+17,400,14.0,11.9,12.6
Kodak Ektapan 100,Spur SHADOWmax,1+2+22,200,11.0,9.35,9.9
Kodak Ektapan 100,Spur SHADOWmax,2+3+25,400,13.0,11.05,11.7
Kodak Ektapan 100,Spur SLD,1+20,125,11.5,9.78,10.35
Kodak Ektapan 100,Spur SLD,1+9,125,4.0,3.4,3.6
Kodak Ektapan 100,Spur Speed-Major,1+12,400,14.0,11.9,12.6
Kodak Ektapan 100,Spur Speed-Major,1+14,320,13.0,11.05,11.7
Kodak Ektapan 100,Spur Speed-Major,1+20,200,12.0,10.2,10.8
Kodak Ektapan 100,Spur Speed-Major,1+24,160,11.0,9.35,9.9
Kodak Ektapan 100,Spur Speed-Major,1+30,100,10.0,8.5,9.0
Kodak Ektapan 100,Spur Speed-Major,1+35,100,10.0,8.5,9.0
Kodak Ektapan 100,Spur Speed-Major,1+9,640,15.0,12.75,13.5
Kodak Ektapan 100,Spur TRX 2000,1+30,100,12.0,10.2,10.8
Kodak Ektapan 100,Spur UFP,1+24,80,9.5,8.07,8.55
Kodak Ektapan 100,Studional,1+15,80,5.0,4.25,4.5
Kodak Ektapan 100,Suprol,1+19,100,3.5,2.98,3.15
Kodak Ektapan 100,Tanol,1+1+100,125,12.5,10.62,11.25
Kodak Ektapan 100,TMax Dev,1+4,100,7.5,6.38,6.75
Kodak Ektapan 100,TMax Dev,1+4,200,7.5,6.38,6.75
Kodak Ektapan 100,TMax Dev,1+9,100,17.0,14.45,15.3
Kodak Ektapan 100,TMax RS,stock,100,8.0,6.8,7.2
Kodak Ektapan 100,TMax RS,stock,200,8.0,6.8,7.2
Kodak Ektapan 100,Ultrafin,1+10,100,7.0,5.95,6.3
Kodak Ektapan 100,Ultrafin,1+20,100,12.0,10.2,10.8
Kodak Ektapan 100,Ultrafin T-Plus,1+4,100,11.0,9.35,9.9
Kodak Ektapan 100,Ultrafine Endurance,1+9,100,6.0,5.1,5.4
Kodak Ektapan 100,Ultrafine Liquid,1+2,100,9.0,7.65,8.1
Kodak Ektapan 100,Ultrafine Liquid,1+4,100,12.0,10.2,10.8
Kodak Ektapan 100,Ultrafine Powder,1+1,100,12.0,10.2,10.8
Kodak Ektapan 100,Ultrafine Powder,stock,100,9.0,7.65,8.1
Kodak Ektapan 100,Uncle Mort's,1+9,100,8.0,6.8,7.2
Kodak Ektapan 100,WD2D+,stock,100,9.0,7.65,8.1
Kodak Ektapan 100,XT-3,1+1,100,9.5,8.07,8.55
Kodak Ektapan 100,XT-3,1+1,100,9.25,7.86,8.33
Kodak Ektapan 100,XT-3,1+1,200,9.5,8.07,8.55
Kodak Ektapan 100,XT-3,1+1,200,10.25,8.71,9.22
Kodak Ektapan 100,XT-3,1+1,25,8.0,6.8,7.2
Kodak Ektapan 100,XT-3,1+1,400,12.5,10.62,11.25
Kodak Ektapan 100,XT-3,1+1,400,12.25,10.41,11.03
Kodak Ektapan 100,XT-3,1+1,50,8.0,6.8,7.2
Kodak Ektapan 100,XT-3,1+1,800,14.5,12.32,13.05
Kodak Ektapan 100,XT-3,1+2,100,12.5,10.62,11.25
Kodak Ektapan 100,XT-3,1+2,200,13.75,11.69,12.38
Kodak Ektapan 100,XT-3,1+2,25,11.5,9.78,10.35
Kodak Ektapan 100,XT-3,1+2,400,15.75,13.39,14.18
Kodak Ektapan 100,XT-3,1+2,50,11.5,9.78,10.35
Kodak Ektapan 100,XT-3,1+2,800,18.0,15.3,16.2
Kodak Ektapan 100,XT-3,1+3,100,16.0,13.6,14.4
Kodak Ektapan 100,XT-3,1+3,200,18.25,15.51,16.43
Kodak Ektapan 100,XT-3,1+3,25,14.5,12.32,13.05
Kodak Ektapan 100,XT-3,1+3,400,20.5,17.43,18.45
Kodak Ektapan 100,XT-3,1+3,50,14.5,12.32,13.05
Kodak Ektapan 100,XT-3,1+3,800,23.0,19.55,20.7
Kodak Ektapan 100,XT-3,stock,100,7.5,6.38,6.75
Kodak Ektapan 100,XT-3,stock,100,7.25,6.16,6.53
Kodak Ektapan 100,XT-3,stock,100,6.75,5.74,6.08
Kodak Ektapan 100,XT-3,stock,200,7.5,6.38,6.75
Kodak Ektapan 100,XT-3,stock,200,7.75,6.59,6.98
Kodak Ektapan 100,XT-3,stock,25,5.75,4.89,5.17
Kodak Ektapan 100,XT-3,stock,400,9.0,7.65,8.1
Kodak Ektapan 100,XT-3,stock,400,9.5,8.07,8.55
Kodak Ektapan 100,XT-3,stock,50,5.75,4.89,5.17
Kodak Ektapan 100,XT-3,stock,800,10.5,8.92,9.45
Kodak Ektapan 100,Xtol,1+1,100,9.25,7.86,8.33
Kodak Ektapan 100,Xtol,1+1,100,9.5,8.07,8.55
Kodak Ektapan 100,Xtol,1+1,200,10.25,8.71,9.22
Kodak Ektapan 100,Xtol,1+1,200,9.5,8.07,8.55
Kodak Ektapan 100,Xtol,1+1,25,8.0,6.8,7.2
Kodak Ektapan 100,Xtol,1+1,400,12.25,10.41,11.03
Kodak Ektapan 100,Xtol,1+1,400,12.5,10.62,11.25
Kodak Ektapan 100,Xtol,1+1,50,8.0,6.8,7.2
Kodak Ektapan 100,Xtol,1+1,800,14.5,12.32,13.05
Kodak Ektapan 100,Xtol,1+2,100,12.5,10.62,11.25
Kodak Ektapan 100,Xtol,1+2,200,13.75,11.69,12.38
Kodak Ektapan 100,Xtol,1+2,25,11.5,9.78,10.35
Kodak Ektapan 100,Xtol,1+2,400,15.75,13.39,14.18
Kodak Ektapan 100,Xtol,1+2,50,11.5,9.78,10.35
Kodak Ektapan 100,Xtol,1+2,800,18.0,15.3,16.2
Kodak Ektapan 100,Xtol,1+3,100,16.0,13.6,14.4
Kodak Ektapan 100,Xtol,1+3,200,18.25,15.51,16.43
Kodak Ektapan 100,Xtol,1+3,25,14.5,12.32,13.05
Kodak Ektapan 100,Xtol,1+3,400,20.5,17.43,18.45
Kodak Ektapan 100,Xtol,1+3,50,14.5,12.32,13.05
Kodak Ektapan 100,Xtol,1+3,800,23.0,19.55,20.7
Kodak Ektapan 100,Xtol,stock,100,7.25,6.16,6.53
Kodak Ektapan 100,Xtol,stock,100,6.75,5.74,6.08
Kodak Ektapan 100,Xtol,stock,100,7.5,6.38,6.75
Kodak Ektapan 100,Xtol,stock,200,7.75,6.59,6.98
Kodak Ektapan 100,Xtol,stock,200,7.5,6.38,6.75
Kodak Ektapan 100,Xtol,stock,25,5.75,4.89,5.17
Kodak Ektapan 100,Xtol,stock,400,9.5,8.07,8.55
Kodak Ektapan 100,Xtol,stock,400,9.0,7.65,8.1
Kodak Ektapan 100,Xtol,stock,50,5.75,4.89,5.17
Kodak Ektapan 100,Xtol,stock,800,10.5,8.92,9.45
Kodak Ektapan 400,510-Pyro,1+100,400,30.75,26.14,27.68
Kodak Ektapan 400,510-Pyro,1+100,400,9.0,7.65,8.1
Kodak Ektapan 400,510-Pyro,1+100,640,6.5,5.52,5.85
Kodak Ektapan 400,Acurol-N,1+35,250,13.0,11.05,11.7
Kodak Ektapan 400,Acurol-N,1+50,200,10.0,8.5,9.0
Kodak Ektapan 400,Adox HR-DEV,1+24,800,15.0,12.75,13.5
Kodak Ektapan 400,Adox HR-DEV,1+30,400,11.5,9.78,10.35
Kodak Ektapan 400,ADX II,1+24,400,11.5,9.78,10.35
Kodak Ektapan 400,Amaloco AM74,1+7,1600,7.0,5.95,6.3
Kodak Ektapan 400,Amaloco AM74,1+7,320,5.0,4.25,4.5
Kodak Ektapan 400,Amaloco AM74,1+7,400,5.5,4.67,4.95
Kodak Ektapan 400,Amaloco AM74,1+7,400,6.0,5.1,5.4
Kodak Ektapan 400,Amaloco AM74,1+7,800,6.75,5.74,6.08
Kodak Ektapan 400,Arista® Liquid,1+9,400,6.75,5.74,6.08
Kodak Ektapan 400,Arista® Premium,1+9,400,7.5,6.38,6.75
Kodak Ektapan 400,Ars-Imago FD,1+39,1600,12.5,10.62,11.25
Kodak Ektapan 400,Ars-Imago FD,1+39,200,6.0,5.1,5.4
Kodak Ektapan 400,Ars-Imago FD,1+39,400,7.5,6.38,6.75
Kodak Ektapan 400,Ars-Imago FD,1+39,800,9.0,7.65,8.1
Kodak Ektapan 400,Ars-Imago FE,1+1,1600,8.5,7.22,7.65
Kodak Ektapan 400,Ars-Imago FE,1+1,200,5.0,4.25,4.5
Kodak Ektapan 400,Ars-Imago FE,1+1,400,6.5,5.52,5.85
Kodak Ektapan 400,Ars-Imago FE,1+1,800,7.5,6.38,6.75
Kodak Ektapan 400,Atomal 49,stock,400,11.0,9.35,9.9
Kodak Ektapan 400,Bellini Hydrofen,1+15,400,5.0,4.25,4.5
Kodak Ektapan 400,Bellini Hydrofen,1+39,1600,12.5,10.62,11.25
Kodak Ektapan 400,Bellini Hydrofen,1+39,200,4.5,3.82,4.05
Kodak Ektapan 400,Bellini Hydrofen,1+39,400,6.5,5.52,5.85
Kodak Ektapan 400,Bellini Hydrofen,1+39,800,9.0,7.65,8.1
Kodak Ektapan 400,Berspeed,1+1,400,10.75,9.14,9.68
Kodak Ektapan 400,Beutler,1+1+18,400,11.5,9.78,10.35
Kodak Ektapan 400,Black/White & Green,1+49,400,12.0,10.2,10.8
Kodak Ektapan 400,BW-TNEG,1+6,1600,10.0,8.5,9.0
Kodak Ektapan 400,BW-TNEG,1+6,400,6.0,5.1,5.4
Kodak Ektapan 400,Caffenol,stock,400,25.0,21.25,22.5
Kodak Ektapan 400,Caffenol C-L,stock,1600,60.0,51.0,54.0
Kodak Ektapan 400,Caffenol C-L,stock,800,60.0,51.0,54.0
Kodak Ektapan 400,D-23,1+1,200,11.0,9.35,9.9
Kodak Ektapan 400,D-23,1+1,400,12.0,10.2,10.8
Kodak Ektapan 400,D-23,1+3,400,20.0,17.0,18.0
Kodak Ektapan 400,D-23,stock,400,8.0,6.8,7.2
Kodak Ektapan 400,D-76,1+1,100,8.75,7.44,7.88
Kodak Ektapan 400,D-76,1+1,400,10.25,8.71,9.22
Kodak Ektapan 400,D-76,1+1,50,8.0,6.8,7.2
Kodak Ektapan 400,D-76,1+1,800,10.25,8.71,9.22
Kodak Ektapan 400,D-76,1+3,200,12.0,10.2,10.8
Kodak Ektapan 400,D-76,1+3,400,15.0,12.75,13.5
Kodak Ektapan 400,D-76,stock,1600,9.25,7.86,8.33
Kodak Ektapan 400,D-76,stock,400,7.5,6.38,6.75
Kodak Ektapan 400,D-76,stock,800,7.5,6.38,6.75
Kodak Ektapan 400,D-76D,1+1,400,12.5,10.62,11.25
Kodak Ektapan 400,Dektol,1+4,400,5.5,4.67,4.95
Kodak Ektapan 400,DK-76b,1+1,400,9.0,7.65,8.1
Kodak Ektapan 400,Eco Pro,1+1,100,8.0,6.8,7.2
Kodak Ektapan 400,Eco Pro,1+1,1600,12.25,10.41,11.03
Kodak Ektapan 400,Eco Pro,1+1,200,8.0,6.8,7.2
Kodak Ektapan 400,Eco Pro,1+1,400,9.25,7.86,8.33
Kodak Ektapan 400,Eco Pro,1+1,800,9.5,8.07,8.55
Kodak Ektapan 400,Eco Pro,1+1,800,9.25,7.86,8.33
Kodak Ektapan 400,Eco Pro,1+2,100,9.5,8.07,8.55
Kodak Ektapan 400,Eco Pro,1+2,1600,13.75,11.69,12.38
Kodak Ektapan 400,Eco Pro,1+2,200,9.5,8.07,8.55
Kodak Ektapan 400,Eco Pro,1+2,3200,16.0,13.6,14.4
Kodak Ektapan 400,Eco Pro,1+2,400,10.5,8.92,9.45
Kodak Ektapan 400,Eco Pro,1+2,800,12.25,10.41,11.03
Kodak Ektapan 400,Eco Pro,1+3,100,12.25,10.41,11.03
Kodak Ektapan 400,Eco Pro,1+3,1600,17.0,14.45,15.3
Kodak Ektapan 400,Eco Pro,1+3,200,12.25,10.41,11.03
Kodak Ektapan 400,Eco Pro,1+3,3200,20.0,17.0,18.0
Kodak Ektapan 400,Eco Pro,1+3,400,13.5,11.47,12.15
Kodak Ektapan 400,Eco Pro,1+3,800,15.0,12.75,13.5
Kodak Ektapan 400,Eco Pro,stock,100,5.75,4.89,5.17
Kodak Ektapan 400,Eco Pro,stock,1600,8.5,7.22,7.65
Kodak Ektapan 400,Eco Pro,stock,200,5.75,4.89,5.17
Kodak Ektapan 400,Eco Pro,stock,3200,9.5,8.07,8.55
Kodak Ektapan 400,Eco Pro,stock,400,6.5,5.52,5.85
Kodak Ektapan 400,Eco Pro,stock,800,7.25,6.16,6.53
Kodak Ektapan 400,Eco Pro,stock,800,6.5,5.52,5.85
Kodak Ektapan 400,Extend Plus,1+15,400,10.0,8.5,9.0
Kodak Ektapan 400,F76+,1+9,400,8.0,6.8,7.2
Kodak Ektapan 400,FA-1027,1+14,400,11.0,9.35,9.9
Kodak Ektapan 400,FA-1027,1+9,3200,14.0,11.9,12.6
Kodak Ektapan 400,FA-1027,1+9,400,8.0,6.8,7.2
Kodak Ektapan 400,FD10,1+14,400,15.0,12.75,13.5
Kodak Ektapan 400,FD10,1+9,400,11.0,9.35,9.9
Kodak Ektapan 400,Fomadon Excel,stock,400,6.5,5.52,5.85
Kodak Ektapan 400,Fomadon LQN,1+10,1600,20.0,17.0,18.0
Kodak Ektapan 400,Fomadon LQN,1+10,400,12.0,10.2,10.8
Kodak Ektapan 400,Fomadon P,stock,400,11.0,9.35,9.9
Kodak Ektapan 400,Fomadon R09,1+25,400,6.0,5.1,5.4
Kodak Ektapan 400,Fomadon R09,1+50,400,11.0,9.35,9.9
Kodak Ektapan 400,Fomadon R09,1+50,400,15.0,12.75,13.5
Kodak Ektapan 400,FX-19,stock,100,8.0,6.8,7.2
Kodak Ektapan 400,FX-37,1+3,400,7.5,6.38,6.75
Kodak Ektapan 400,FX-39,1+14,400,12.0,10.2,10.8
Kodak Ektapan 400,FX-39,1+9,400,10.0,8.5,9.0
Kodak Ektapan 400,FX-39,1+9,800,12.0,10.2,10.8
Kodak Ektapan 400,FX-55,1+9,400,14.5,12.32,13.05
Kodak Ektapan 400,HC-110,1+250,400,45.0,38.25,40.5
Kodak Ektapan 400,HC-110,B,1600,7.5,6.38,6.75
Kodak Ektapan 400,HC-110,B,320,6.0,5.1,5.4
Kodak Ektapan 400,HC-110,B,3200,9.5,8.07,8.55
Kodak Ektapan 400,HC-110,B,640,7.0,5.95,6.3
Kodak Ektapan 400,HC-110,D,400,7.5,6.38,6.75
Kodak Ektapan 400,HC-110,E,200,10.5,8.92,9.45
Kodak Ektapan 400,HC-110,H,400,12.25,10.41,11.03
Kodak Ektapan 400,ID-11,1+1,100,8.75,7.44,7.88
Kodak Ektapan 400,ID-11,1+1,400,10.25,8.71,9.22
Kodak Ektapan 400,ID-11,1+1,50,8.0,6.8,7.2
Kodak Ektapan 400,ID-11,1+1,800,10.25,8.71,9.22
Kodak Ektapan 400,ID-11,1+3,200,12.0,10.2,10.8
Kodak Ektapan 400,ID-11,1+3,400,15.0,12.75,13.5
Kodak Ektapan 400,ID-11,stock,1600,10.5,8.92,9.45
Kodak Ektapan 400,ID-11,stock,3200,12.0,10.2,10.8
Kodak Ektapan 400,ID-11,stock,400,7.5,6.38,6.75
Kodak Ektapan 400,ID-11,stock,800,7.5,6.38,6.75
Kodak Ektapan 400,ID-62,2+25,400,11.0,9.35,9.9
Kodak Ektapan 400,Ilfosol 3,1+14,200,7.5,6.38,6.75
Kodak Ektapan 400,Ilfosol 3,1+14,3200,22.0,18.7,19.8
Kodak Ektapan 400,Ilfosol 3,1+14,400,10.0,8.5,9.0
Kodak Ektapan 400,Ilfosol 3,1+14,800,14.0,11.9,12.6
Kodak Ektapan 400,Ilfosol 3,1+9,200,5.5,4.67,4.95
Kodak Ektapan 400,Ilfosol 3,1+9,400,6.0,5.1,5.4
Kodak Ektapan 400,Ilfosol 3,1+9,800,8.5,7.22,7.65
Kodak Ektapan 400,Ilfotec DD-X,1+4,1600,13.0,11.05,11.7
Kodak Ektapan 400,Ilfotec DD-X,1+4,200,7.0,5.95,6.3
Kodak Ektapan 400,Ilfotec DD-X,1+4,400,8.0,6.8,7.2
Kodak Ektapan 400,Ilfotec DD-X,1+4,50,6.0,5.1,5.4
Kodak Ektapan 400,Ilfotec DD-X,1+4,800,10.0,8.5,9.0
Kodak Ektapan 400,Ilfotec DD-X,1+9,200,11.75,9.99,10.58
Kodak Ektapan 400,Ilfotec DD-X,1+9,800,17.5,14.88,15.75
Kodak Ektapan 400,Ilfotec HC,1+31,1600,9.25,7.86,8.33
Kodak Ektapan 400,Ilfotec HC,1+31,200,5.5,4.67,4.95
Kodak Ektapan 400,Ilfotec HC,1+31,3200,10.75,9.14,9.68
Kodak Ektapan 400,Ilfotec HC,1+31,400,6.5,5.52,5.85
Kodak Ektapan 400,Ilfotec LC29,1+19,400,6.5,5.52,5.85
Kodak Ektapan 400,Ilfotec LC29,1+19,800,9.0,7.65,8.1
Kodak Ektapan 400,Ilfotec LC29,1+29,400,9.0,7.65,8.1
Kodak Ektapan 400,Marathon,1+9,100,5.25,4.46,4.73
Kodak Ektapan 400,Microdol-X,stock,400,10.25,8.71,9.22
Kodak Ektapan 400,Microdol-X,stock,800,10.25,8.71,9.22
Kodak Ektapan 400,Microphen,1+1,1600,13.0,11.05,11.7
Kodak Ektapan 400,Microphen,1+1,400,10.0,8.5,9.0
Kodak Ektapan 400,Microphen,1+1,800,10.0,8.5,9.0
Kodak Ektapan 400,Microphen,1+3,400,15.0,12.75,13.5
Kodak Ektapan 400,Microphen,1+3,800,15.0,12.75,13.5
Kodak Ektapan 400,Microphen,stock,400,7.0,5.95,6.3
Kodak Ektapan 400,Microphen,stock,800,7.0,5.95,6.3
Kodak Ektapan 400,Mocon,1+64,400,13.5,11.47,12.15
Kodak Ektapan 400,Neofin Blue,stock,400,12.0,10.2,10.8
Kodak Ektapan 400,Neopress HC,1+15,1600,6.0,5.1,5.4
Kodak Ektapan 400,Neopress HC,1+15,400,2.5,2.12,2.25
Kodak Ektapan 400,Neopress HC,1+15,400,4.0,3.4,3.6
Kodak Ektapan 400,Neopress HC,1+15,800,4.0,3.4,3.6
Kodak Ektapan 400,Neopress HC,1+31,400,4.5,3.82,4.05
Kodak Ektapan 400,Neopress HC,1+31,400,6.0,5.1,5.4
Kodak Ektapan 400,Ornano Gradual ST20,1+9,400,12.0,10.2,10.8
Kodak Ektapan 400,Ornano Gradual ST20,1+9,800,12.0,10.2,10.8
Kodak Ektapan 400,Paranol S,1+25,400,7.0,5.95,6.3
Kodak Ektapan 400,Paranol S,1+50,400,15.0,12.75,13.5
Kodak Ektapan 400,Parvofin,stock,400,7.5,6.38,6.75
Kodak Ektapan 400,Perceptol,1+1,250,10.0,8.5,9.0
Kodak Ektapan 400,Perceptol,1+1,400,12.5,10.62,11.25
Kodak Ektapan 400,Perceptol,1+3,400,17.0,14.45,15.3
Kodak Ektapan 400,Perceptol,stock,400,11.0,9.35,9.9
Kodak Ektapan 400,PMK,5+10+250,200,13.0,11.05,11.7
Kodak Ektapan 400,PMK,5+10+450,200,13.0,11.05,11.7
Kodak Ektapan 400,Promicrol,1+14,600,18.0,15.3,16.2
Kodak Ektapan 400,Promicrol,1+14,800,18.0,15.3,16.2
Kodak Ektapan 400,Promicrol,1+9,600,12.0,10.2,10.8
Kodak Ektapan 400,Promicrol,1+9,800,12.0,10.2,10.8
Kodak Ektapan 400,Pyrocat-HD,1+1+100,200,11.0,9.35,9.9
Kodak Ektapan 400,Pyrocat-HD,1+1+100,400,15.0,12.75,13.5
Kodak Ektapan 400,Rodinal,1+100,160,20.0,17.0,18.0
Kodak Ektapan 400,Rodinal,1+100,200,60.0,51.0,54.0
Kodak Ektapan 400,Rodinal,1+100,800,24.0,20.4,21.6
Kodak Ektapan 400,Rodinal,1+25,1600,11.0,9.35,9.9
Kodak Ektapan 400,Rodinal,1+25,320,5.0,4.25,4.5
Kodak Ektapan 400,Rodinal,1+25,3200,17.0,14.45,15.3
Kodak Ektapan 400,Rodinal,1+25,400,6.0,5.1,5.4
Kodak Ektapan 400,Rodinal,1+25,800,9.0,7.65,8.1
Kodak Ektapan 400,Rodinal,1+300,400,360.0,306.0,324.0
Kodak Ektapan 400,Rodinal,1+50,100,3.75,3.19,3.38
Kodak Ektapan 400,Rodinal,1+50,1600,18.0,15.3,16.2
Kodak Ektapan 400,Rodinal,1+50,200,8.0,6.8,7.2
Kodak Ektapan 400,Rodinal,1+50,250,8.5,7.22,7.65
Kodak Ektapan 400,Rodinal,1+50,320,10.0,8.5,9.0
Kodak Ektapan 400,Rodinal,1+50,400,12.0,10.2,10.8
Kodak Ektapan 400,Rodinal,1+50,800,12.0,10.2,10.8
Kodak Ektapan 400,Rollei D74,1+15,400,10.5,8.92,9.45
Kodak Ektapan 400,Rollei D74,1+9,400,7.5,6.38,6.75
Kodak Ektapan 400,Rollei RPX-D,1+15,400,7.5,6.38,6.75
Kodak Ektapan 400,Rollo Pyro,1+2+75,160,8.0,6.8,7.2
Kodak Ektapan 400,Silvermax,1+24,400,11.5,9.78,10.35
Kodak Ektapan 400,SP-76EC,1+10,400,7.5,6.38,6.75
Kodak Ektapan 400,Sprint Standard,1+9,1600,20.0,17.0,18.0
Kodak Ektapan 400,Sprint Standard,1+9,400,11.5,9.78,10.35
Kodak Ektapan 400,Spur HRX,1+20,320,12.5,10.62,11.25
Kodak Ektapan 400,Spur NHC,1+15,400,9.0,7.65,8.1
Kodak Ektapan 400,Spur NHC,1+15,500,11.0,9.35,9.9
Kodak Ektapan 400,Spur NHC,1+19,320,9.0,7.65,8.1
Kodak Ektapan 400,Spur Omega X,1+16,400,14.5,12.32,13.05
Kodak Ektapan 400,Spur SD 2525,1+12,400,8.0,6.8,7.2
Kodak Ektapan 400,Spur SHADOWmax,1+1+48,400,13.0,11.05,11.7
Kodak Ektapan 400,Spur SHADOWmax,1+1+59,400,15.0,12.75,13.5
Kodak Ektapan 400,Spur SHADOWmax,1+2+17,1600,13.0,11.05,11.7
Kodak Ektapan 400,Spur SHADOWmax,1+2+38,800,11.0,9.35,9.9
Kodak Ektapan 400,Spur SLD,1+20,400,13.5,11.47,12.15
Kodak Ektapan 400,Spur Speed-Major,1+14,1000,13.0,11.05,11.7
Kodak Ektapan 400,Spur Speed-Major,1+20,800,12.0,10.2,10.8
Kodak Ektapan 400,Spur Speed-Major,1+24,640,12.0,10.2,10.8
Kodak Ektapan 400,Spur Speed-Major,1+30,500,12.0,10.2,10.8
Kodak Ektapan 400,Spur Speed-Major,1+35,400,11.0,9.35,9.9
Kodak Ektapan 400,Spur Speed-Major,1+9,1250,13.0,11.05,11.7
Kodak Ektapan 400,Spur Speed-Major,1+9,1600,15.0,12.75,13.5
Kodak Ektapan 400,Spur TRX 2000,1+24,800,15.0,12.75,13.5
Kodak Ektapan 400,Spur TRX 2000,1+30,400,11.5,9.78,10.35
Kodak Ektapan 400,Spur UFP,1+30,320,11.0,9.35,9.9
Kodak Ektapan 400,Studional,1+15,400,5.0,4.25,4.5
Kodak Ektapan 400,Suprol,1+19,400,4.0,3.4,3.6
Kodak Ektapan 400,Tanol,1+1+100,400,13.5,11.47,12.15
Kodak Ektapan 400,TMax Dev,1+19,400,36.5,31.02,32.85
Kodak Ektapan 400,TMax Dev,1+4,1600,8.5,7.22,7.65
Kodak Ektapan 400,TMax Dev,1+4,400,6.75,5.74,6.08
Kodak Ektapan 400,TMax Dev,1+4,800,6.75,5.74,6.08
Kodak Ektapan 400,TMax Dev,1+7,100,8.0,6.8,7.2
Kodak Ektapan 400,TMax Dev,1+7,400,12.0,10.2,10.8
Kodak Ektapan 400,TMax Dev,1+9,400,20.0,17.0,18.0
Kodak Ektapan 400,TMax RS,stock,400,5.75,4.89,5.17
Kodak Ektapan 400,TMax RS,stock,800,5.75,4.89,5.17
Kodak Ektapan 400,Ultrafin,1+10,400,7.0,5.95,6.3
Kodak Ektapan 400,Ultrafin,1+20,400,12.0,10.2,10.8
Kodak Ektapan 400,Ultrafin T-Plus,1+4,400,8.25,7.01,7.42
Kodak Ektapan 400,Ultrafine Endurance,1+9,400,6.25,5.31,5.62
Kodak Ektapan 400,Ultrafine Liquid,1+2,400,8.0,6.8,7.2
Kodak Ektapan 400,Ultrafine Liquid,1+4,400,12.5,10.62,11.25
Kodak Ektapan 400,Ultrafine Powder,1+1,400,12.5,10.62,11.25
Kodak Ektapan 400,Ultrafine Powder,stock,400,8.0,6.8,7.2
Kodak Ektapan 400,Uncle Mort's,1+9,400,12.0,10.2,10.8
Kodak Ektapan 400,WD2D+,stock,400,10.0,8.5,9.0
Kodak Ektapan 400,XT-3,1+1,100,8.0,6.8,7.2
Kodak Ektapan 400,XT-3,1+1,1600,12.25,10.41,11.03
Kodak Ektapan 400,XT-3,1+1,200,8.0,6.8,7.2
Kodak Ektapan 400,XT-3,1+1,400,9.25,7.86,8.33
Kodak Ektapan 400,XT-3,1+1,800,9.25,7.86,8.33
Kodak Ektapan 400,XT-3,1+1,800,9.5,8.07,8.55
Kodak Ektapan 400,XT-3,1+2,100,9.5,8.07,8.55
Kodak Ektapan 400,XT-3,1+2,1600,13.75,11.69,12.38
Kodak Ektapan 400,XT-3,1+2,200,9.5,8.07,8.55
Kodak Ektapan 400,XT-3,1+2,3200,16.0,13.6,14.4
Kodak Ektapan 400,XT-3,1+2,400,10.5,8.92,9.45
Kodak Ektapan 400,XT-3,1+2,800,12.25,10.41,11.03
Kodak Ektapan 400,XT-3,1+3,100,12.25,10.41,11.03
Kodak Ektapan 400,XT-3,1+3,1600,17.0,14.45,15.3
Kodak Ektapan 400,XT-3,1+3,200,12.25,10.41,11.03
Kodak Ektapan 400,XT-3,1+3,3200,20.0,17.0,18.0
Kodak Ektapan 400,XT-3,1+3,400,13.5,11.47,12.15
Kodak Ektapan 400,XT-3,1+3,800,15.0,12.75,13.5
Kodak Ektapan 400,XT-3,stock,100,5.75,4.89,5.17
Kodak Ektapan 400,XT-3,stock,1600,8.5,7.22,7.65
Kodak Ektapan 400,XT-3,stock,200,5.75,4.89,5.17
Kodak Ektapan 400,XT-3,stock,3200,9.5,8.07,8.55
Kodak Ektapan 400,XT-3,stock,400,6.5,5.52,5.85
Kodak Ektapan 400,XT-3,stock,800,6.5,5.52,5.85
Kodak Ektapan 400,XT-3,stock,800,7.25,6.16,6.53
Kodak Ektapan 400,Xtol,1+1,100,8.0,6.8,7.2
Kodak Ektapan 400,Xtol,1+1,1600,12.25,10.41,11.03
Kodak Ektapan 400,Xtol,1+1,200,8.0,6.8,7.2
Kodak Ektapan 400,Xtol,1+1,400,9.25,7.86,8.33
Kodak Ektapan 400,Xtol,1+1,800,9.5,8.07,8.55
Kodak Ektapan 400,Xtol,1+1,800,9.25,7.86,8.33
Kodak Ektapan 400,Xtol,1+2,100,9.5,8.07,8.55
Kodak Ektapan 400,Xtol,1+2,1600,13.75,11.69,12.38
Kodak Ektapan 400,Xtol,1+2,200,9.5,8.07,8.55
Kodak Ektapan 400,Xtol,1+2,3200,16.0,13.6,14.4
Kodak Ektapan 400,Xtol,1+2,400,10.5,8.92,9.45
Kodak Ektapan 400,Xtol,1+2,800,12.25,10.41,11.03
Kodak Ektapan 400,Xtol,1+3,100,12.25,10.41,11.03
Kodak Ektapan 400,Xtol,1+3,1600,17.0,14.45,15.3
Kodak Ektapan 400,Xtol,1+3,200,12.25,10.41,11.03
Kodak Ektapan 400,Xtol,1+3,3200,20.0,17.0,18.0
Kodak Ektapan 400,Xtol,1+3,400,13.5,11.47,12.15
Kodak Ektapan 400,Xtol,1+3,800,15.0,12.75,13.5
Kodak Ektapan 400,Xtol,stock,100,5.75,4.89,5.17
Kodak Ektapan 400,Xtol,stock,1600,8.5,7.22,7.65
Kodak Ektapan 400,Xtol,stock,200,5.75,4.89,5.17
Kodak Ektapan 400,Xtol,stock,3200,9.5,8.07,8.55
Kodak Ektapan 400,Xtol,stock,400,6.5,5.52,5.85
Kodak Ektapan 400,Xtol,stock,800,7.25,6.16,6.53
Kodak Ektapan 400,Xtol,stock,800,6.5,5.52,5.85
Kodak Ektapan P3200,510-Pyro,1+100,3200,17.5,14.88,15.75
Kodak Ektapan P3200,Acurol-N,1+50,800,15.0,12.75,13.5
Kodak Ektapan P3200,Adox HR-DEV,1+24,1600,14.0,11.9,12.6
Kodak Ektapan P3200,Adox HR-DEV,1+30,1000,15.0,12.75,13.5
Kodak Ektapan P3200,Amaloco AM74,1+7,12800,12.0,10.2,10.8
Kodak Ektapan P3200,Amaloco AM74,1+7,3200,6.5,5.52,5.85
Kodak Ektapan P3200,Amaloco AM74,1+7,6400,8.0,6.8,7.2
Kodak Ektapan P3200,Arista® Liquid,1+9,1600,9.25,7.86,8.33
Kodak Ektapan P3200,Arista® Liquid,1+9,1600,9.0,7.65,8.1
Kodak Ektapan P3200,Arista® Liquid,1+9,3200,10.75,9.14,9.68
Kodak Ektapan P3200,Arista® Liquid,1+9,3200,11.5,9.78,10.35
Kodak Ektapan P3200,Arista® Liquid,1+9,6400,13.0,11.05,11.7
Kodak Ektapan P3200,Arista® Liquid,1+9,6400,12.25,10.41,11.03
Kodak Ektapan P3200,Arista® Liquid,1+9,800,8.0,6.8,7.2
Kodak Ektapan P3200,Arista® Liquid,1+9,800,8.25,7.01,7.42
Kodak Ektapan P3200,Ars-Imago FD,1+19,1600,6.0,5.1,5.4
Kodak Ektapan P3200,Ars-Imago FD,1+19,3200,8.0,6.8,7.2
Kodak Ektapan P3200,Ars-Imago FE,1+1,1600,11.0,9.35,9.9
Kodak Ektapan P3200,Ars-Imago FE,1+1,3200,13.0,11.05,11.7
Kodak Ektapan P3200,Atomal 49,stock,3200,11.0,9.35,9.9
Kodak Ektapan P3200,Bellini Hydrofen,1+15,1250,6.0,5.1,5.4
Kodak Ektapan P3200,Bellini Hydrofen,1+31,1250,13.0,11.05,11.7
Kodak Ektapan P3200,Black/White & Green,1+49,3200,21.0,17.85,18.9
Kodak Ektapan P3200,Caffenol C-H (rs),stock,400,15.0,12.75,13.5
Kodak Ektapan P3200,Cawanol,stock,3200,18.0,15.3,16.2
Kodak Ektapan P3200,D-23,1+1,3200,16.0,13.6,14.4
Kodak Ektapan P3200,D-23,stock,3200,11.0,9.35,9.9
Kodak Ektapan P3200,D-76,1+1,3200,18.0,15.3,16.2
Kodak Ektapan P3200,D-76,1+1,800,14.0,11.9,12.6
Kodak Ektapan P3200,D-76,stock,1600,12.5,10.62,11.25
Kodak Ektapan P3200,D-76,stock,3200,14.0,11.9,12.6
Kodak Ektapan P3200,D-76,stock,3200,15.0,12.75,13.5
Kodak Ektapan P3200,D-76,stock,400,10.5,8.92,9.45
Kodak Ektapan P3200,D-76,stock,6400,15.5,13.17,13.95
Kodak Ektapan P3200,D-76,stock,800,11.5,9.78,10.35
Kodak Ektapan P3200,Eco Pro,1+1,100,10.5,8.92,9.45
Kodak Ektapan P3200,Eco Pro,1+1,12500,22.5,19.12,20.25
Kodak Ektapan P3200,Eco Pro,1+1,1600,14.0,11.9,12.6
Kodak Ektapan P3200,Eco Pro,1+1,1600,16.0,13.6,14.4
Kodak Ektapan P3200,Eco Pro,1+1,200,10.5,8.92,9.45
Kodak Ektapan P3200,Eco Pro,1+1,25000,26.0,22.1,23.4
Kodak Ektapan P3200,Eco Pro,1+1,25000,25.0,21.25,22.5
Kodak Ektapan P3200,Eco Pro,1+1,3200,16.5,14.03,14.85
Kodak Ektapan P3200,Eco Pro,1+1,3200,18.5,15.72,16.65
Kodak Ektapan P3200,Eco Pro,1+1,400,12.5,10.62,11.25
Kodak Ektapan P3200,Eco Pro,1+1,400,11.5,9.78,10.35
Kodak Ektapan P3200,Eco Pro,1+1,6400,19.5,16.57,17.55
Kodak Ektapan P3200,Eco Pro,1+1,6400,20.5,17.43,18.45
Kodak Ektapan P3200,Eco Pro,1+1,800,12.5,10.62,11.25
Kodak Ektapan P3200,Eco Pro,1+1,800,14.0,11.9,12.6
Kodak Ektapan P3200,Eco Pro,1+2,100,14.25,12.11,12.83
Kodak Ektapan P3200,Eco Pro,1+2,1600,19.0,16.15,17.1
Kodak Ektapan P3200,Eco Pro,1+2,200,14.25,12.11,12.83
Kodak Ektapan P3200,Eco Pro,1+2,3200,22.0,18.7,19.8
Kodak Ektapan P3200,Eco Pro,1+2,400,15.5,13.17,13.95
Kodak Ektapan P3200,Eco Pro,1+2,6400,26.5,22.52,23.85
Kodak Ektapan P3200,Eco Pro,1+2,800,16.5,14.03,14.85
Kodak Ektapan P3200,Eco Pro,1+3,100,17.25,14.66,15.53
Kodak Ektapan P3200,Eco Pro,1+3,1600,23.0,19.55,20.7
Kodak Ektapan P3200,Eco Pro,1+3,200,17.25,14.66,15.53
Kodak Ektapan P3200,Eco Pro,1+3,3200,27.0,22.95,24.3
Kodak Ektapan P3200,Eco Pro,1+3,400,18.5,15.72,16.65
Kodak Ektapan P3200,Eco Pro,1+3,800,20.5,17.43,18.45
Kodak Ektapan P3200,Eco Pro,stock,100,7.0,5.95,6.3
Kodak Ektapan P3200,Eco Pro,stock,12500,17.25,14.66,15.53
Kodak Ektapan P3200,Eco Pro,stock,12500,15.25,12.96,13.72
Kodak Ektapan P3200,Eco Pro,stock,1600,11.5,9.78,10.35
Kodak Ektapan P3200,Eco Pro,stock,1600,9.25,7.86,8.33
Kodak Ektapan P3200,Eco Pro,stock,200,7.0,5.95,6.3
Kodak Ektapan P3200,Eco Pro,stock,25000,18.5,15.72,16.65
Kodak Ektapan P3200,Eco Pro,stock,25000,19.0,16.15,17.1
Kodak Ektapan P3200,Eco Pro,stock,3200,13.5,11.47,12.15
Kodak Ektapan P3200,Eco Pro,stock,3200,11.0,9.35,9.9
Kodak Ektapan P3200,Eco Pro,stock,400,9.5,8.07,8.55
Kodak Ektapan P3200,Eco Pro,stock,400,7.5,6.38,6.75
Kodak Ektapan P3200,Eco Pro,stock,6400,12.5,10.62,11.25
Kodak Ektapan P3200,Eco Pro,stock,6400,15.25,12.96,13.72
Kodak Ektapan P3200,Eco Pro,stock,800,8.25,7.01,7.42
Kodak Ektapan P3200,Eco Pro,stock,800,10.5,8.92,9.45
Kodak Ektapan P3200,Extend Plus,1+15,1600,13.0,11.05,11.7
Kodak Ektapan P3200,Extend Plus,1+15,1600,12.0,10.2,10.8
Kodak Ektapan P3200,Extend Plus,1+15,3200,16.0,13.6,14.4
Kodak Ektapan P3200,Extend Plus,1+15,3200,15.0,12.75,13.5
Kodak Ektapan P3200,Extend Plus,1+15,6400,19.0,16.15,17.1
Kodak Ektapan P3200,Extend Plus,1+15,6400,18.0,15.3,16.2
Kodak Ektapan P3200,Extend Plus,1+15,800,9.0,7.65,8.1
Kodak Ektapan P3200,Extend Plus,1+15,800,8.0,6.8,7.2
Kodak Ektapan P3200,F76+,1+9,1600,9.25,7.86,8.33
Kodak Ektapan P3200,F76+,1+9,1600,9.0,7.65,8.1
Kodak Ektapan P3200,F76+,1+9,3200,11.25,9.56,10.12
Kodak Ektapan P3200,F76+,1+9,3200,10.75,9.14,9.68
Kodak Ektapan P3200,F76+,1+9,6400,13.0,11.05,11.7
Kodak Ektapan P3200,F76+,1+9,6400,12.25,10.41,11.03
Kodak Ektapan P3200,F76+,1+9,800,8.25,7.01,7.42
Kodak Ektapan P3200,F76+,1+9,800,8.0,6.8,7.2
Kodak Ektapan P3200,FD10,1+14,3200,17.0,14.45,15.3
Kodak Ektapan P3200,FD10,1+9,3200,13.0,11.05,11.7
Kodak Ektapan P3200,Fomadon R09,1+25,3200,8.0,6.8,7.2
Kodak Ektapan P3200,Fomadon R09,1+50,3200,16.0,13.6,14.4
Kodak Ektapan P3200,Fomadon R09,1+50,800,10.0,8.5,9.0
Kodak Ektapan P3200,FX-19,stock,100,14.0,11.9,12.6
Kodak Ektapan P3200,FX-39,1+9,1280,11.5,9.78,10.35
Kodak Ektapan P3200,FX-39,1+9,3200,12.5,10.62,11.25
Kodak Ektapan P3200,FX-55,1+9,3200,17.5,14.88,15.75
Kodak Ektapan P3200,HC-110,B,1600,9.25,7.86,8.33
Kodak Ektapan P3200,HC-110,B,3200,10.5,8.92,9.45
Kodak Ektapan P3200,HC-110,B,400,7.5,6.38,6.75
Kodak Ektapan P3200,HC-110,B,6400,12.0,10.2,10.8
Kodak Ektapan P3200,HC-110,B,800,8.5,7.22,7.65
Kodak Ektapan P3200,ID-11,1+1,800,14.0,11.9,12.6
Kodak Ektapan P3200,ID-11,stock,1600,12.5,10.62,11.25
Kodak Ektapan P3200,ID-11,stock,3200,14.0,11.9,12.6
Kodak Ektapan P3200,ID-11,stock,3200,15.0,12.75,13.5
Kodak Ektapan P3200,ID-11,stock,400,10.5,8.92,9.45
Kodak Ektapan P3200,ID-11,stock,6400,15.5,13.17,13.95
Kodak Ektapan P3200,ID-11,stock,800,11.5,9.78,10.35
Kodak Ektapan P3200,Ilfosol 3,1+14,1600,13.0,11.05,11.7
Kodak Ektapan P3200,Ilfosol 3,1+14,3200,15.0,12.75,13.5
Kodak Ektapan P3200,Ilfosol 3,1+14,6400,18.5,15.72,16.65
Kodak Ektapan P3200,Ilfosol 3,1+14,800,11.0,9.35,9.9
Kodak Ektapan P3200,Ilfosol 3,1+9,1600,8.0,6.8,7.2
Kodak Ektapan P3200,Ilfosol 3,1+9,3200,10.0,8.5,9.0
Kodak Ektapan P3200,Ilfosol 3,1+9,6400,13.0,11.05,11.7
Kodak Ektapan P3200,Ilfosol 3,1+9,800,6.5,5.52,5.85
Kodak Ektapan P3200,Ilfotec DD-X,1+4,102400,41.0,34.85,36.9
Kodak Ektapan P3200,Ilfotec DD-X,1+4,12800,19.5,16.57,17.55
Kodak Ektapan P3200,Ilfotec DD-X,1+4,1600,9.0,7.65,8.1
Kodak Ektapan P3200,Ilfotec DD-X,1+4,25600,25.5,21.68,22.95
Kodak Ektapan P3200,Ilfotec DD-X,1+4,3200,11.0,9.35,9.9
Kodak Ektapan P3200,Ilfotec DD-X,1+4,51200,33.0,28.05,29.7
Kodak Ektapan P3200,Ilfotec DD-X,1+4,6400,15.0,12.75,13.5
Kodak Ektapan P3200,Ilfotec DD-X,1+4,800,7.5,6.38,6.75
Kodak Ektapan P3200,Ilfotec HC,1+31,1600,9.0,7.65,8.1
Kodak Ektapan P3200,Ilfotec HC,1+31,3200,11.5,9.78,10.35
Kodak Ektapan P3200,Ilfotec LC29,1+19,3200,11.5,9.78,10.35
Kodak Ektapan P3200,Ilfotec LC29,1+19,6400,13.0,11.05,11.7
Kodak Ektapan P3200,Marathon,1+9,100,9.0,7.65,8.1
Kodak Ektapan P3200,Microphen,1+1,1600,13.5,11.47,12.15
Kodak Ektapan P3200,Microphen,1+1,3200,18.0,15.3,16.2
Kodak Ektapan P3200,Microphen,1+1,6400,21.0,17.85,18.9
Kodak Ektapan P3200,Microphen,stock,1600,10.5,8.92,9.45
Kodak Ektapan P3200,Microphen,stock,3200,12.0,10.2,10.8
Kodak Ektapan P3200,Microphen,stock,6400,14.0,11.9,12.6
Kodak Ektapan P3200,Neopress HC,1+15,12800,7.0,5.95,6.3
Kodak Ektapan P3200,Neopress HC,1+15,3200,3.5,2.98,3.15
Kodak Ektapan P3200,Neopress HC,1+15,3200,5.0,4.25,4.5
Kodak Ektapan P3200,Neopress HC,1+15,6400,5.0,4.25,4.5
Kodak Ektapan P3200,Neopress HC,1+31,3200,5.5,4.67,4.95
Kodak Ektapan P3200,Neopress HC,1+31,3200,8.0,6.8,7.2
Kodak Ektapan P3200,Nucleol BF200,40+25+935,1600,9.75,8.29,8.78
Kodak Ektapan P3200,Ornano Gradual ST20,1+9,1600,12.0,10.2,10.8
Kodak Ektapan P3200,Ornano Gradual ST20,1+9,3200,16.0,13.6,14.4
Kodak Ektapan P3200,Paranol S,1+25,3200,8.0,6.8,7.2
Kodak Ektapan P3200,Paranol S,1+50,3200,15.0,12.75,13.5
Kodak Ektapan P3200,Promicrol,1+14,4800,22.0,18.7,19.8
Kodak Ektapan P3200,Promicrol,1+14,6400,22.0,18.7,19.8
Kodak Ektapan P3200,Promicrol,1+9,3200,15.0,12.75,13.5
Kodak Ektapan P3200,Promicrol,1+9,4800,15.0,12.75,13.5
Kodak Ektapan P3200,Promicrol,1+9,6400,15.0,12.75,13.5
Kodak Ektapan P3200,Rodinal,1+24,1000,7.0,5.95,6.3
Kodak Ektapan P3200,Rodinal,1+25,1250,8.0,6.8,7.2
Kodak Ektapan P3200,Rodinal,1+25,3200,8.0,6.8,7.2
Kodak Ektapan P3200,Rodinal,1+25,6400,10.5,8.92,9.45
Kodak Ektapan P3200,Rodinal,1+50,1250,16.0,13.6,14.4
Kodak Ektapan P3200,Rodinal,1+50,3200,16.0,13.6,14.4
Kodak Ektapan P3200,Rollei D74,1+15,1600,11.5,9.78,10.35
Kodak Ektapan P3200,Rollei D74,1+9,1600,7.75,6.59,6.98
Kodak Ektapan P3200,Silberra Ascorol,1+29,3200,14.0,11.9,12.6
Kodak Ektapan P3200,Spur SLD,1+7,1280,5.5,4.67,4.95
Kodak Ektapan P3200,Spur SLD,1+7,1600,7.5,6.38,6.75
Kodak Ektapan P3200,Spur Speed-Major,1+12,3200,15.0,12.75,13.5
Kodak Ektapan P3200,Spur Speed-Major,1+14,3200,14.0,11.9,12.6
Kodak Ektapan P3200,Spur Speed-Major,1+17,2500,14.5,12.32,13.05
Kodak Ektapan P3200,Spur Speed-Major,1+17,3200,16.0,13.6,14.4
Kodak Ektapan P3200,Spur Speed-Major,1+20,2000,13.0,11.05,11.7
Kodak Ektapan P3200,Spur Speed-Major,1+24,1600,11.0,9.35,9.9
Kodak Ektapan P3200,Spur TRX 2000,1+24,1600,14.0,11.9,12.6
Kodak Ektapan P3200,Spur TRX 2000,1+30,1000,15.0,12.75,13.5
Kodak Ektapan P3200,Studional,1+15,1250,6.0,5.1,5.4
Kodak Ektapan P3200,Suprol,1+19,3200,5.5,4.67,4.95
Kodak Ektapan P3200,TMax Dev,1+4,1600,10.5,8.92,9.45
Kodak Ektapan P3200,Ultrafin,1+10,3200,8.5,7.22,7.65
Kodak Ektapan P3200,Ultrafin,1+20,3200,8.0,6.8,7.2
Kodak Ektapan P3200,Ultrafin T-Plus,1+4,3200,8.75,7.44,7.88
Kodak Ektapan P3200,Ultrafine Powder,stock,3200,15.0,12.75,13.5
Kodak Ektapan P3200,XT-3,1+1,100,10.5,8.92,9.45
Kodak Ektapan P3200,XT-3,1+1,12500,22.5,19.12,20.25
Kodak Ektapan P3200,XT-3,1+1,1600,14.0,11.9,12.6
Kodak Ektapan P3200,XT-3,1+1,1600,16.0,13.6,14.4
Kodak Ektapan P3200,XT-3,1+1,200,10.5,8.92,9.45
Kodak Ektapan P3200,XT-3,1+1,25000,26.0,22.1,23.4
Kodak Ektapan P3200,XT-3,1+1,25000,25.0,21.25,22.5
Kodak Ektapan P3200,XT-3,1+1,3200,16.5,14.03,14.85
Kodak Ektapan P3200,XT-3,1+1,3200,18.5,15.72,16.65
Kodak Ektapan P3200,XT-3,1+1,400,11.5,9.78,10.35
Kodak Ektapan P3200,XT-3,1+1,400,12.5,10.62,11.25
Kodak Ektapan P3200,XT-3,1+1,6400,19.5,16.57,17.55
Kodak Ektapan P3200,XT-3,1+1,6400,20.5,17.43,18.45
Kodak Ektapan P3200,XT-3,1+1,800,12.5,10.62,11.25
Kodak Ektapan P3200,XT-3,1+1,800,14.0,11.9,12.6
Kodak Ektapan P3200,XT-3,1+2,100,14.25,12.11,12.83
Kodak Ektapan P3200,XT-3,1+2,1600,19.0,16.15,17.1
Kodak Ektapan P3200,XT-3,1+2,200,14.25,12.11,12.83
Kodak Ektapan P3200,XT-3,1+2,3200,22.0,18.7,19.8
Kodak Ektapan P3200,XT-3,1+2,400,15.5,13.17,13.95
Kodak Ektapan P3200,XT-3,1+2,6400,26.5,22.52,23.85
Kodak Ektapan P3200,XT-3,1+2,800,16.5,14.03,14.85
Kodak Ektapan P3200,XT-3,1+3,100,17.25,14.66,15.53
Kodak Ektapan P3200,XT-3,1+3,1600,23.0,19.55,20.7
Kodak Ektapan P3200,XT-3,1+3,200,17.25,14.66,15.53
Kodak Ektapan P3200,XT-3,1+3,3200,27.0,22.95,24.3
Kodak Ektapan P3200,XT-3,1+3,400,18.5,15.72,16.65
Kodak Ektapan P3200,XT-3,1+3,800,20.5,17.43,18.45
Kodak Ektapan P3200,XT-3,stock,100,7.0,5.95,6.3
Kodak Ektapan P3200,XT-3,stock,12500,15.25,12.96,13.72
Kodak Ektapan P3200,XT-3,stock,12500,17.25,14.66,15.53
Kodak Ektapan P3200,XT-3,stock,1600,9.25,7.86,8.33
Kodak Ektapan P3200,XT-3,stock,1600,11.5,9.78,10.35
Kodak Ektapan P3200,XT-3,stock,200,7.0,5.95,6.3
Kodak Ektapan P3200,XT-3,stock,25000,18.5,15.72,16.65
Kodak Ektapan P3200,XT-3,stock,25000,19.0,16.15,17.1
Kodak Ektapan P3200,XT-3,stock,3200,11.0,9.35,9.9
Kodak Ektapan P3200,XT-3,stock,3200,13.5,11.47,12.15
Kodak Ektapan P3200,XT-3,stock,400,7.5,6.38,6.75
Kodak Ektapan P3200,XT-3,stock,400,9.5,8.07,8.55
Kodak Ektapan P3200,XT-3,stock,6400,12.5,10.62,11.25
Kodak Ektapan P3200,XT-3,stock,6400,15.25,12.96,13.72
Kodak Ektapan P3200,XT-3,stock,800,8.25,7.01,7.42
Kodak Ektapan P3200,XT-3,stock,800,10.5,8.92,9.45
Kodak Ektapan P3200,Xtol,1+1,100,10.5,8.92,9.45
Kodak Ektapan P3200,Xtol,1+1,12500,22.5,19.12,20.25
Kodak Ektapan P3200,Xtol,1+1,1600,16.0,13.6,14.4
Kodak Ektapan P3200,Xtol,1+1,1600,14.0,11.9,12.6
Kodak Ektapan P3200,Xtol,1+1,200,10.5,8.92,9.45
Kodak Ektapan P3200,Xtol,1+1,25000,25.0,21.25,22.5
Kodak Ektapan P3200,Xtol,1+1,25000,26.0,22.1,23.4
Kodak Ektapan P3200,Xtol,1+1,3200,18.5,15.72,16.65
Kodak Ektapan P3200,Xtol,1+1,3200,16.5,14.03,14.85
Kodak Ektapan P3200,Xtol,1+1,400,12.5,10.62,11.25
Kodak Ektapan P3200,Xtol,1+1,400,11.5,9.78,10.35
Kodak Ektapan P3200,Xtol,1+1,6400,20.5,17.43,18.45
Kodak Ektapan P3200,Xtol,1+1,6400,19.5,16.57,17.55
Kodak Ektapan P3200,Xtol,1+1,800,14.0,11.9,12.6
Kodak Ektapan P3200,Xtol,1+1,800,12.5,10.62,11.25
Kodak Ektapan P3200,Xtol,1+2,100,14.25,12.11,12.83
Kodak Ektapan P3200,Xtol,1+2,1600,19.0,16.15,17.1
Kodak Ektapan P3200,Xtol,1+2,200,14.25,12.11,12.83
Kodak Ektapan P3200,Xtol,1+2,3200,22.0,18.7,19.8
Kodak Ektapan P3200,Xtol,1+2,400,15.5,13.17,13.95
Kodak Ektapan P3200,Xtol,1+2,6400,26.5,22.52,23.85
Kodak Ektapan P3200,Xtol,1+2,800,16.5,14.03,14.85
Kodak Ektapan P3200,Xtol,1+3,100,17.25,14.66,15.53
Kodak Ektapan P3200,Xtol,1+3,1600,23.0,19.55,20.7
Kodak Ektapan P3200,Xtol,1+3,200,17.25,14.66,15.53
Kodak Ektapan P3200,Xtol,1+3,3200,27.0,22.95,24.3
Kodak Ektapan P3200,Xtol,1+3,400,18.5,15.72,16.65
Kodak Ektapan P3200,Xtol,1+3,800,20.5,17.43,18.45
Kodak Ektapan P3200,Xtol,stock,100,7.0,5.95,6.3
Kodak Ektapan P3200,Xtol,stock,12500,17.25,14.66,15.53
Kodak Ektapan P3200,Xtol,stock,12500,15.25,12.96,13.72
Kodak Ektapan P3200,Xtol,stock,1600,11.5,9.78,10.35
Kodak Ektapan P3200,Xtol,stock,1600,9.25,7.86,8.33
Kodak Ektapan P3200,Xtol,stock,200,7.0,5.95,6.3
Kodak Ektapan P3200,Xtol,stock,25000,19.0,16.15,17.1
Kodak Ektapan P3200,Xtol,stock,25000,18.5,15.72,16.65
Kodak Ektapan P3200,Xtol,stock,3200,13.5,11.47,12.15
Kodak Ektapan P3200,Xtol,stock,3200,11.0,9.35,9.9
Kodak Ektapan P3200,Xtol,stock,400,9.5,8.07,8.55
Kodak Ektapan P3200,Xtol,stock,400,7.5,6.38,6.75
Kodak Ektapan P3200,Xtol,stock,6400,15.25,12.96,13.72
Kodak Ektapan P3200,Xtol,stock,6400,12.5,10.62,11.25
Kodak Ektapan P3200,Xtol,stock,800,10.5,8.92,9.45
Kodak Ektapan P3200,Xtol,stock,800,8.25,7.01,7.42
Kodak Ektar 100,Eco Pro,1+1,100,8.5,7.22,7.65
Kodak Ektar 100,XT-3,1+1,100,8.5,7.22,7.65
Kodak Ektar 100,Xtol,1+1,100,8.5,7.22,7.65
Kodak Gold 200,Agfa 12,1+9,125,12.0,10.2,10.8
Kodak Gold 200,Rodinal,1+25,400,7.0,5.95,6.3
Kodak Hawkeye,D-76,stock,400,5.5,4.67,4.95
Kodak Hawkeye,FX-39,1+9,400,12.0,10.2,10.8
Kodak Hawkeye,HC-110,B,400,2.5,2.12,2.25
Kodak Hawkeye,ID-11,stock,400,5.5,4.67,4.95
Kodak Hawkeye,Rodinal,1+100,1600,90.0,76.5,81.0
Kodak Hawkeye,Rodinal,1+50,400,13.0,11.05,11.7
Kodak Hawkeye,TMax Dev,1+4,400,4.5,3.82,4.05
Kodak Hawkeye,TMax RS,stock,400,2.5,2.12,2.25
Kodak HIE Infrared,510-Pyro,1+100,200,9.75,8.29,8.78
Kodak HIE Infrared,Amaloco AM74,1+7,200,5.0,4.25,4.5
Kodak HIE Infrared,Amaloco AM74,1+7,400,7.5,6.38,6.75
Kodak HIE Infrared,Black/White & Green,1+49,100,14.5,12.32,13.05
Kodak HIE Infrared,D-19,stock,n/a,6.0,5.1,5.4
Kodak HIE Infrared,D-76,1+1,400,13.0,11.05,11.7
Kodak HIE Infrared,D-76,stock,n/a,9.5,8.07,8.55
Kodak HIE Infrared,Eco Pro,1+2,n/a,12.5,10.62,11.25
Kodak HIE Infrared,Eco Pro,1+3,n/a,17.0,14.45,15.3
Kodak HIE Infrared,FD10,1+9,n/a,12.0,10.2,10.8
Kodak HIE Infrared,FX-39,1+19,n/a,7.0,5.95,6.3
Kodak HIE Infrared,FX-39,1+9,n/a,11.0,9.35,9.9
Kodak HIE Infrared,FX-55,1+9,n/a,16.0,13.6,14.4
Kodak HIE Infrared,HC-110,B,n/a,5.0,4.25,4.5
Kodak HIE Infrared,ID-11,1+1,400,13.0,11.05,11.7
Kodak HIE Infrared,ID-11,stock,n/a,9.5,8.07,8.55
Kodak HIE Infrared,Ilfotec DD-X,1+4,n/a,8.0,6.8,7.2
Kodak HIE Infrared,Ilfotec HC,1+31,n/a,5.0,4.25,4.5
Kodak HIE Infrared,Microphen,1+1,64,12.0,10.2,10.8
Kodak HIE Infrared,Neofin Blue,stock,n/a,5.0,4.25,4.5
Kodak HIE Infrared,Nucleol BF200,20+15+965,50,9.5,8.07,8.55
Kodak HIE Infrared,Ornano Gradual ST20,1+9,100,11.0,9.35,9.9
Kodak HIE Infrared,Perceptol,stock,n/a,15.0,12.75,13.5
Kodak HIE Infrared,PMK,1+2+100,320,17.75,15.09,15.97
Kodak HIE Infrared,PMK,1+2+100,n/a,12.0,10.2,10.8
Kodak HIE Infrared,Rodinal,1+25,n/a,9.0,7.65,8.1
Kodak HIE Infrared,Rodinal,1+50,1600,20.0,17.0,18.0
Kodak HIE Infrared,Rodinal,1+50,400,12.0,10.2,10.8
Kodak HIE Infrared,Rodinal,1+50,n/a,12.0,10.2,10.8
Kodak HIE Infrared,Sprint Standard,1+4,n/a,11.5,9.78,10.35
Kodak HIE Infrared,Suprol,1+19,n/a,5.5,4.67,4.95
Kodak HIE Infrared,Suprol,1+9,n/a,4.75,4.04,4.28
Kodak HIE Infrared,TMax Dev,1+4,50,7.0,5.95,6.3
Kodak HIE Infrared,Ultrafin,1+10,n/a,5.0,4.25,4.5
Kodak HIE Infrared,Ultrafin,1+20,n/a,13.0,11.05,11.7
Kodak HIE Infrared,XT-3,1+2,n/a,12.5,10.62,11.25
Kodak HIE Infrared,XT-3,1+3,n/a,17.0,14.45,15.3
Kodak HIE Infrared,Xtol,1+2,n/a,12.5,10.62,11.25
Kodak HIE Infrared,Xtol,1+3,n/a,17.0,14.45,15.3
Kodak Panatomic-X,D-76,1+1,32,9.0,7.65,8.1
Kodak Panatomic-X,D-76,1+1,32,8.0,6.8,7.2
Kodak Panatomic-X,D-76,stock,32,7.0,5.95,6.3
Kodak Panatomic-X,D-76,stock,32,5.0,4.25,4.5
Kodak Panatomic-X,D-76,stock,64,10.0,8.5,9.0
Kodak Panatomic-X,DK-50,1+1,64,6.0,5.1,5.4
Kodak Panatomic-X,F76+,1+9,32,4.0,3.4,3.6
Kodak Panatomic-X,HC-110,B,32,4.5,3.82,4.05
Kodak Panatomic-X,HC-110,B,64,6.0,5.1,5.4
Kodak Plus-X,510-Pyro,1+100,125,6.5,5.52,5.85
Kodak Plus-X,ACU-1,1+10,125,9.0,7.65,8.1
Kodak Plus-X,Arista® Liquid,1+9,125,5.75,4.89,5.17
Kodak Plus-X,Arista® Liquid,1+9,125,5.5,4.67,4.95
Kodak Plus-X,Arista® Premium,1+9,125,5.5,4.67,4.95
Kodak Plus-X,Black/White & Green,1+49,125,12.0,10.2,10.8
Kodak Plus-X,D-19,stock,500,6.25,5.31,5.62
Kodak Plus-X,D-23,1+1,125,13.0,11.05,11.7
Kodak Plus-X,D-23,1+3,125,16.0,13.6,14.4
Kodak Plus-X,D-23,stock,125,7.0,5.95,6.3
Kodak Plus-X,D-76,1+1,125,8.5,7.22,7.65
Kodak Plus-X,D-76,1+1,125,7.0,5.95,6.3
Kodak Plus-X,D-76,1+1,250,8.5,7.22,7.65
Kodak Plus-X,D-76,1+3,125,13.0,11.05,11.7
Kodak Plus-X,D-76,stock,125,5.5,4.67,4.95
Kodak Plus-X,D-76,stock,250,5.5,4.67,4.95
Kodak Plus-X,D-76,stock,500,7.75,6.59,6.98
Kodak Plus-X,DK-50,1+1,125,4.5,3.82,4.05
Kodak Plus-X,DK-50,1+1,125,5.0,4.25,4.5
Kodak Plus-X,Eco Pro,1+1,1000,14.75,12.54,13.28
Kodak Plus-X,Eco Pro,1+1,1000,15.5,13.17,13.95
Kodak Plus-X,Eco Pro,1+1,125,8.25,7.01,7.42
Kodak Plus-X,Eco Pro,1+1,125,7.5,6.38,6.75
Kodak Plus-X,Eco Pro,1+1,250,8.25,7.01,7.42
Kodak Plus-X,Eco Pro,1+1,250,8.75,7.44,7.88
Kodak Plus-X,Eco Pro,1+1,32,6.5,5.52,5.85
Kodak Plus-X,Eco Pro,1+1,500,12.25,10.41,11.03
Kodak Plus-X,Eco Pro,1+1,500,11.0,9.35,9.9
Kodak Plus-X,Eco Pro,1+1,64,6.5,5.52,5.85
Kodak Plus-X,Eco Pro,1+2,1000,16.5,14.03,14.85
Kodak Plus-X,Eco Pro,1+2,125,8.5,7.22,7.65
Kodak Plus-X,Eco Pro,1+2,250,9.75,8.29,8.78
Kodak Plus-X,Eco Pro,1+2,32,7.5,6.38,6.75
Kodak Plus-X,Eco Pro,1+2,500,13.0,11.05,11.7
Kodak Plus-X,Eco Pro,1+2,64,7.5,6.38,6.75
Kodak Plus-X,Eco Pro,1+3,1000,19.5,16.57,17.55
Kodak Plus-X,Eco Pro,1+3,125,10.5,8.92,9.45
Kodak Plus-X,Eco Pro,1+3,250,12.0,10.2,10.8
Kodak Plus-X,Eco Pro,1+3,32,9.5,8.07,8.55
Kodak Plus-X,Eco Pro,1+3,500,15.5,13.17,13.95
Kodak Plus-X,Eco Pro,1+3,64,9.5,8.07,8.55
Kodak Plus-X,Eco Pro,stock,1000,10.0,8.5,9.0
Kodak Plus-X,Eco Pro,stock,1000,10.25,8.71,9.22
Kodak Plus-X,Eco Pro,stock,125,5.5,4.67,4.95
Kodak Plus-X,Eco Pro,stock,125,5.25,4.46,4.73
Kodak Plus-X,Eco Pro,stock,250,5.5,4.67,4.95
Kodak Plus-X,Eco Pro,stock,250,6.5,5.52,5.85
Kodak Plus-X,Eco Pro,stock,32,4.5,3.82,4.05
Kodak Plus-X,Eco Pro,stock,500,8.25,7.01,7.42
Kodak Plus-X,Eco Pro,stock,500,8.0,6.8,7.2
Kodak Plus-X,Eco Pro,stock,64,4.5,3.82,4.05
Kodak Plus-X,Extend Plus,1+15,125,8.0,6.8,7.2
Kodak Plus-X,F76+,1+9,125,5.5,4.67,4.95
Kodak Plus-X,FD10,1+14,125,10.0,8.5,9.0
Kodak Plus-X,FD10,1+9,125,7.0,5.95,6.3
Kodak Plus-X,FX-1,stock,200,13.0,11.05,11.7
Kodak Plus-X,FX-19,stock,100,8.0,6.8,7.2
Kodak Plus-X,FX-37,1+3,200,5.5,4.67,4.95
Kodak Plus-X,FX-39,1+9,125,6.5,5.52,5.85
Kodak Plus-X,FX-55,1+9,125,8.0,6.8,7.2
Kodak Plus-X,HC-110,B,125,3.5,2.98,3.15
Kodak Plus-X,HC-110,B,125,5.0,4.25,4.5
Kodak Plus-X,HC-110,B,250,3.5,2.98,3.15
Kodak Plus-X,HC-110,H,125,10.0,8.5,9.0
Kodak Plus-X,ID-11,1+1,125,8.5,7.22,7.65
Kodak Plus-X,ID-11,1+1,125,7.0,5.95,6.3
Kodak Plus-X,ID-11,1+1,250,8.5,7.22,7.65
Kodak Plus-X,ID-11,1+3,125,13.0,11.05,11.7
Kodak Plus-X,ID-11,stock,125,5.5,4.67,4.95
Kodak Plus-X,ID-11,stock,250,5.5,4.67,4.95
Kodak Plus-X,ID-11,stock,500,7.75,6.59,6.98
Kodak Plus-X,Ilfosol 3,1+14,125,8.5,7.22,7.65
Kodak Plus-X,Ilfosol 3,1+9,125,5.0,4.25,4.5
Kodak Plus-X,Ilfotec DD-X,1+4,125,6.0,5.1,5.4
Kodak Plus-X,Ilfotec DD-X,1+4,200,8.0,6.8,7.2
Kodak Plus-X,Ilfotec DD-X,1+4,64,5.0,4.25,4.5
Kodak Plus-X,Ilfotec HC,1+31,100,5.5,4.67,4.95
Kodak Plus-X,Ilfotec HC,1+31,125,6.0,5.1,5.4
Kodak Plus-X,Ilfotec LC29,1+19,100,5.5,4.67,4.95
Kodak Plus-X,Ilfotec LC29,1+29,100,9.0,7.65,8.1
Kodak Plus-X,Marathon,1+9,100,4.0,3.4,3.6
Kodak Plus-X,Microdol-X,1+3,125,13.0,11.05,11.7
Kodak Plus-X,Microdol-X,1+3,250,13.0,11.05,11.7
Kodak Plus-X,Microdol-X,stock,125,8.0,6.8,7.2
Kodak Plus-X,Microdol-X,stock,125,7.0,5.95,6.3
Kodak Plus-X,Microdol-X,stock,250,8.0,6.8,7.2
Kodak Plus-X,Microphen,1+1,200,8.5,7.22,7.65
Kodak Plus-X,Microphen,1+3,200,13.5,11.47,12.15
Kodak Plus-X,Microphen,stock,200,6.0,5.1,5.4
Kodak Plus-X,Microphen,stock,400,19.5,16.57,17.55
Kodak Plus-X,Microphen,stock,640,18.0,15.3,16.2
Kodak Plus-X,Neofin Blue,stock,125,18.0,15.3,16.2
Kodak Plus-X,Nucleol BF200,20+15+965,125,7.0,5.95,6.3
Kodak Plus-X,Nucleol BF200,20+15+965,250,11.0,9.35,9.9
Kodak Plus-X,Nucleol BF200,35+20+945,400,12.0,10.2,10.8
Kodak Plus-X,Perceptol,1+1,64,9.5,8.07,8.55
Kodak Plus-X,Perceptol,1+3,125,18.0,15.3,16.2
Kodak Plus-X,Perceptol,1+3,64,12.0,10.2,10.8
Kodak Plus-X,Perceptol,stock,64,8.0,6.8,7.2
Kodak Plus-X,PMK,1+2+100,80,10.0,8.5,9.0
Kodak Plus-X,Promicrol,1+14,125,5.5,4.67,4.95
Kodak Plus-X,Promicrol,1+14,185,7.0,5.95,6.3
Kodak Plus-X,Promicrol,1+14,250,7.0,5.95,6.3
Kodak Plus-X,Promicrol,1+9,125,4.0,3.4,3.6
Kodak Plus-X,Promicrol,1+9,185,5.0,4.25,4.5
Kodak Plus-X,Promicrol,1+9,250,5.0,4.25,4.5
Kodak Plus-X,Rodinal,1+100,64,10.0,8.5,9.0
Kodak Plus-X,Rodinal,1+25,125,6.0,5.1,5.4
Kodak Plus-X,Rodinal,1+50,125,13.0,11.05,11.7
Kodak Plus-X,Sprint Standard,1+9,125,8.5,7.22,7.65
Kodak Plus-X,Spur SD 2525,1+12,100,5.0,4.25,4.5
Kodak Plus-X,Spur SLD,1+14,160,5.5,4.67,4.95
Kodak Plus-X,Spur SLD,1+9,200,7.5,6.38,6.75
Kodak Plus-X,Spur SLD,1+9,250,7.5,6.38,6.75
Kodak Plus-X,Studional,1+15,125,5.0,4.25,4.5
Kodak Plus-X,Suprol,1+19,125,2.0,1.7,1.8
Kodak Plus-X,Suprol,1+19,125,2.5,2.12,2.25
Kodak Plus-X,TMax Dev,1+4,125,5.75,4.89,5.17
Kodak Plus-X,TMax Dev,1+4,250,5.75,4.89,5.17
Kodak Plus-X,TMax RS,stock,125,5.5,4.67,4.95
Kodak Plus-X,TMax RS,stock,250,5.5,4.67,4.95
Kodak Plus-X,TMax RS,stock,500,7.25,6.16,6.53
Kodak Plus-X,TMax RS,stock,500,9.0,7.65,8.1
Kodak Plus-X,Ultrafin,1+10,125,8.0,6.8,7.2
Kodak Plus-X,Ultrafin,1+20,125,15.0,12.75,13.5
Kodak Plus-X,Ultrafine Liquid,1+2,125,5.5,4.67,4.95
Kodak Plus-X,Ultrafine Liquid,1+4,125,7.0,5.95,6.3
Kodak Plus-X,Ultrafine Powder,1+1,125,7.0,5.95,6.3
Kodak Plus-X,Ultrafine Powder,stock,125,5.5,4.67,4.95
Kodak Plus-X,XT-3,1+1,1000,14.75,12.54,13.28
Kodak Plus-X,XT-3,1+1,1000,15.5,13.17,13.95
Kodak Plus-X,XT-3,1+1,125,8.25,7.01,7.42
Kodak Plus-X,XT-3,1+1,125,7.5,6.38,6.75
Kodak Plus-X,XT-3,1+1,250,8.25,7.01,7.42
Kodak Plus-X,XT-3,1+1,250,8.75,7.44,7.88
Kodak Plus-X,XT-3,1+1,32,6.5,5.52,5.85
Kodak Plus-X,XT-3,1+1,500,12.25,10.41,11.03
Kodak Plus-X,XT-3,1+1,500,11.0,9.35,9.9
Kodak Plus-X,XT-3,1+1,64,6.5,5.52,5.85
Kodak Plus-X,XT-3,1+2,1000,16.5,14.03,14.85
Kodak Plus-X,XT-3,1+2,125,8.5,7.22,7.65
Kodak Plus-X,XT-3,1+2,250,9.75,8.29,8.78
Kodak Plus-X,XT-3,1+2,32,7.5,6.38,6.75
Kodak Plus-X,XT-3,1+2,500,13.0,11.05,11.7
Kodak Plus-X,XT-3,1+2,64,7.5,6.38,6.75
Kodak Plus-X,XT-3,1+3,1000,19.5,16.57,17.55
Kodak Plus-X,XT-3,1+3,125,10.5,8.92,9.45
Kodak Plus-X,XT-3,1+3,250,12.0,10.2,10.8
Kodak Plus-X,XT-3,1+3,32,9.5,8.07,8.55
Kodak Plus-X,XT-3,1+3,500,15.5,13.17,13.95
Kodak Plus-X,XT-3,1+3,64,9.5,8.07,8.55
Kodak Plus-X,XT-3,stock,1000,10.0,8.5,9.0
Kodak Plus-X,XT-3,stock,1000,10.25,8.71,9.22
Kodak Plus-X,XT-3,stock,125,5.5,4.67,4.95
Kodak Plus-X,XT-3,stock,125,5.25,4.46,4.73
Kodak Plus-X,XT-3,stock,250,5.5,4.67,4.95
Kodak Plus-X,XT-3,stock,250,6.5,5.52,5.85
Kodak Plus-X,XT-3,stock,32,4.5,3.82,4.05
Kodak Plus-X,XT-3,stock,500,8.25,7.01,7.42
Kodak Plus-X,XT-3,stock,500,8.0,6.8,7.2
Kodak Plus-X,XT-3,stock,64,4.5,3.82,4.05
Kodak Plus-X,Xtol,1+1,1000,14.75,12.54,13.28
Kodak Plus-X,Xtol,1+1,1000,15.5,13.17,13.95
Kodak Plus-X,Xtol,1+1,125,8.25,7.01,7.42
Kodak Plus-X,Xtol,1+1,125,7.5,6.38,6.75
Kodak Plus-X,Xtol,1+1,250,8.25,7.01,7.42
Kodak Plus-X,Xtol,1+1,250,8.75,7.44,7.88
Kodak Plus-X,Xtol,1+1,32,6.5,5.52,5.85
Kodak Plus-X,Xtol,1+1,500,12.25,10.41,11.03
Kodak Plus-X,Xtol,1+1,500,11.0,9.35,9.9
Kodak Plus-X,Xtol,1+1,64,6.5,5.52,5.85
Kodak Plus-X,Xtol,1+2,1000,16.5,14.03,14.85
Kodak Plus-X,Xtol,1+2,125,8.5,7.22,7.65
Kodak Plus-X,Xtol,1+2,250,9.75,8.29,8.78
Kodak Plus-X,Xtol,1+2,32,7.5,6.38,6.75
Kodak Plus-X,Xtol,1+2,500,13.0,11.05,11.7
Kodak Plus-X,Xtol,1+2,64,7.5,6.38,6.75
Kodak Plus-X,Xtol,1+3,1000,19.5,16.57,17.55
Kodak Plus-X,Xtol,1+3,125,10.5,8.92,9.45
Kodak Plus-X,Xtol,1+3,250,12.0,10.2,10.8
Kodak Plus-X,Xtol,1+3,32,9.5,8.07,8.55
Kodak Plus-X,Xtol,1+3,500,15.5,13.17,13.95
Kodak Plus-X,Xtol,1+3,64,9.5,8.07,8.55
Kodak Plus-X,Xtol,stock,1000,10.0,8.5,9.0
Kodak Plus-X,Xtol,stock,1000,10.25,8.71,9.22
Kodak Plus-X,Xtol,stock,125,5.5,4.67,4.95
Kodak Plus-X,Xtol,stock,125,5.25,4.46,4.73
Kodak Plus-X,Xtol,stock,250,5.5,4.67,4.95
Kodak Plus-X,Xtol,stock,250,6.5,5.52,5.85
Kodak Plus-X,Xtol,stock,32,4.5,3.82,4.05
Kodak Plus-X,Xtol,stock,500,8.25,7.01,7.42
Kodak Plus-X,Xtol,stock,500,8.0,6.8,7.2
Kodak Plus-X,Xtol,stock,64,4.5,3.82,4.05
Kodak Technical Pan,HC-110,F,32,6.0,5.1,5.4
Kodak Technical Pan,HC-110,F,64,12.0,10.2,10.8
Kodak Technical Pan,Ilfotec DD-X,1+4,200,25.0,21.25,22.5
Kodak Technical Pan,TD-3,1+1+8,12,15.0,12.75,13.5
Kodak Technical Pan,TD-3,1+1+8,64,24.0,20.4,21.6
Kodak TMax 100,510-Pyro,1+100,100,27.0,22.95,24.3
Kodak TMax 100,510-Pyro,1+100,100,11.5,9.78,10.35
Kodak TMax 100,510-Pyro,1+100,64,20.0,17.0,18.0
Kodak TMax 100,Acurol-N,1+100,100,31.0,26.35,27.9
Kodak TMax 100,Acurol-N,1+50,50,10.5,8.92,9.45
Kodak TMax 100,Adox HR-DEV,1+30,100,12.0,10.2,10.8
Kodak TMax 100,ADX II,1+24,100,12.0,10.2,10.8
Kodak TMax 100,Amaloco AM74,1+7,100,5.0,4.25,4.5
Kodak TMax 100,Amaloco AM74,1+7,200,5.75,4.89,5.17
Kodak TMax 100,Arista® Liquid,1+9,100,7.0,5.95,6.3
Kodak TMax 100,Arista® Premium,1+9,100,7.0,5.95,6.3
Kodak TMax 100,Ars-Imago FD,1+39,100,6.5,5.52,5.85
Kodak TMax 100,Ars-Imago FD,1+39,200,9.0,7.65,8.1
Kodak TMax 100,Ars-Imago FD,1+39,50,4.5,3.82,4.05
Kodak TMax 100,Ars-Imago FE,1+1,100,7.5,6.38,6.75
Kodak TMax 100,Ars-Imago FE,1+1,200,8.5,7.22,7.65
Kodak TMax 100,Ars-Imago FE,1+1,50,6.5,5.52,5.85
Kodak TMax 100,Atomal 49,stock,100,8.0,6.8,7.2
Kodak TMax 100,Bellini Hydrofen,1+15,80,5.0,4.25,4.5
Kodak TMax 100,Bellini Hydrofen,1+39,100,6.0,5.1,5.4
Kodak TMax 100,Bellini Hydrofen,1+39,200,9.0,7.65,8.1
Kodak TMax 100,Bellini Hydrofen,1+39,50,4.5,3.82,4.05
Kodak TMax 100,Berspeed,1+1,100,11.0,9.35,9.9
Kodak TMax 100,Beutler,1+1+8,100,12.0,10.2,10.8
Kodak TMax 100,Black/White & Green,1+49,100,11.0,9.35,9.9
Kodak TMax 100,BW-TNEG,1+6,100,5.5,4.67,4.95
Kodak TMax 100,Caffenol C,1+1,100,12.5,10.62,11.25
Kodak TMax 100,Caffenol C-M,stock,200,15.0,12.75,13.5
Kodak TMax 100,Caffenol C-M (rs),stock,100,12.0,10.2,10.8
Kodak TMax 100,Cawanol,stock,100,16.0,13.6,14.4
Kodak TMax 100,D-23,1+1,100,14.0,11.9,12.6
Kodak TMax 100,D-23,1+3,100,21.0,17.85,18.9
Kodak TMax 100,D-23,stock,100,9.5,8.07,8.55
Kodak TMax 100,D-76,1+1,100,9.5,8.07,8.55
Kodak TMax 100,D-76,1+1,64,12.0,10.2,10.8
Kodak TMax 100,D-76,1+3,100,17.0,14.45,15.3
Kodak TMax 100,D-76,1+3,50,14.5,12.32,13.05
Kodak TMax 100,D-76,stock,100,6.5,5.52,5.85
Kodak TMax 100,D-76,stock,200,6.5,5.52,5.85
Kodak TMax 100,D-76,stock,400,8.25,7.01,7.42
Kodak TMax 100,D-76,stock,800,11.0,9.35,9.9
Kodak TMax 100,D-76D,1+1,100,12.0,10.2,10.8
Kodak TMax 100,D-96,stock,100,7.5,6.38,6.75
Kodak TMax 100,Dektol,1+3,64,3.5,2.98,3.15
Kodak TMax 100,Dektol,1+4,100,4.5,3.82,4.05
Kodak TMax 100,Dektol,1+9,100,6.75,5.74,6.08
Kodak TMax 100,Eco Pro,1+1,100,9.5,8.07,8.55
Kodak TMax 100,Eco Pro,1+1,100,9.25,7.86,8.33
Kodak TMax 100,Eco Pro,1+1,200,9.5,8.07,8.55
Kodak TMax 100,Eco Pro,1+1,200,10.25,8.71,9.22
Kodak TMax 100,Eco Pro,1+1,25,8.0,6.8,7.2
Kodak TMax 100,Eco Pro,1+1,400,12.25,10.41,11.03
Kodak TMax 100,Eco Pro,1+1,400,12.5,10.62,11.25
Kodak TMax 100,Eco Pro,1+1,50,8.0,6.8,7.2
Kodak TMax 100,Eco Pro,1+1,800,14.5,12.32,13.05
Kodak TMax 100,Eco Pro,1+2,100,12.5,10.62,11.25
Kodak TMax 100,Eco Pro,1+2,200,13.75,11.69,12.38
Kodak TMax 100,Eco Pro,1+2,25,11.5,9.78,10.35
Kodak TMax 100,Eco Pro,1+2,400,15.75,13.39,14.18
Kodak TMax 100,Eco Pro,1+2,50,11.5,9.78,10.35
Kodak TMax 100,Eco Pro,1+2,800,18.0,15.3,16.2
Kodak TMax 100,Eco Pro,1+3,100,16.0,13.6,14.4
Kodak TMax 100,Eco Pro,1+3,200,18.25,15.51,16.43
Kodak TMax 100,Eco Pro,1+3,25,14.5,12.32,13.05
Kodak TMax 100,Eco Pro,1+3,400,20.5,17.43,18.45
Kodak TMax 100,Eco Pro,1+3,50,14.5,12.32,13.05
Kodak TMax 100,Eco Pro,1+3,800,23.0,19.55,20.7
Kodak TMax 100,Eco Pro,stock,100,7.5,6.38,6.75
Kodak TMax 100,Eco Pro,stock,100,7.25,6.16,6.53
Kodak TMax 100,Eco Pro,stock,100,6.75,5.74,6.08
Kodak TMax 100,Eco Pro,stock,200,7.5,6.38,6.75
Kodak TMax 100,Eco Pro,stock,200,7.75,6.59,6.98
Kodak TMax 100,Eco Pro,stock,25,5.75,4.89,5.17
Kodak TMax 100,Eco Pro,stock,400,9.5,8.07,8.55
Kodak TMax 100,Eco Pro,stock,400,9.0,7.65,8.1
Kodak TMax 100,Eco Pro,stock,50,5.75,4.89,5.17
Kodak TMax 100,Eco Pro,stock,800,10.5,8.92,9.45
Kodak TMax 100,Extend Plus,1+15,100,11.5,9.78,10.35
Kodak TMax 100,Extend Plus,1+15,100,11.0,9.35,9.9
Kodak TMax 100,F76+,1+9,100,12.0,10.2,10.8
Kodak TMax 100,F76+,1+9,100,7.0,5.95,6.3
Kodak TMax 100,FA-1027,1+14,100,9.5,8.07,8.55
Kodak TMax 100,FA-1027,1+9,100,6.5,5.52,5.85
Kodak TMax 100,FD10,1+14,100,13.0,11.05,11.7
Kodak TMax 100,FD10,1+9,100,9.0,7.65,8.1
Kodak TMax 100,Fomadon Excel,stock,100,7.0,5.95,6.3
Kodak TMax 100,Fomadon LQN,1+10,100,7.5,6.38,6.75
Kodak TMax 100,Fomadon P,stock,100,13.0,11.05,11.7
Kodak TMax 100,Fomadon R09,1+25,100,5.5,4.67,4.95
Kodak TMax 100,Fomadon R09,1+50,100,15.0,12.75,13.5
Kodak TMax 100,Fuji Microfine,1+1,100,15.0,12.75,13.5
Kodak TMax 100,FX-1,1+1+8,100,12.0,10.2,10.8
Kodak TMax 100,FX-19,stock,100,9.0,7.65,8.1
Kodak TMax 100,FX-39,1+14,100,11.0,9.35,9.9
Kodak TMax 100,FX-39,1+9,100,8.0,6.8,7.2
Kodak TMax 100,FX-39,1+9,200,9.0,7.65,8.1
Kodak TMax 100,FX-55,1+9,100,13.0,11.05,11.7
Kodak TMax 100,HC-110,1+31,800,14.0,11.9,12.6
Kodak TMax 100,HC-110,B,100,6.0,5.1,5.4
Kodak TMax 100,HC-110,B,100,7.0,5.95,6.3
Kodak TMax 100,HC-110,B,200,6.0,5.1,5.4
Kodak TMax 100,HC-110,B,200,7.0,5.95,6.3
Kodak TMax 100,HC-110,B,3200,70.0,59.5,63.0
Kodak TMax 100,HC-110,B,400,11.5,9.78,10.35
Kodak TMax 100,HC-110,B,400,9.5,8.07,8.55
Kodak TMax 100,HC-110,H,100,12.0,10.2,10.8
Kodak TMax 100,ID-11,1+1,100,9.5,8.07,8.55
Kodak TMax 100,ID-11,1+1,64,12.0,10.2,10.8
Kodak TMax 100,ID-11,stock,100,6.5,5.52,5.85
Kodak TMax 100,ID-11,stock,1600,16.0,13.6,14.4
Kodak TMax 100,ID-11,stock,200,6.5,5.52,5.85
Kodak TMax 100,ID-11,stock,400,8.25,7.01,7.42
Kodak TMax 100,ID-11,stock,800,11.0,9.35,9.9
Kodak TMax 100,Ilfosol 3,1+14,100,10.0,8.5,9.0
Kodak TMax 100,Ilfosol 3,1+14,160,11.5,9.78,10.35
Kodak TMax 100,Ilfosol 3,1+14,80,9.0,7.65,8.1
Kodak TMax 100,Ilfosol 3,1+9,80,5.5,4.67,4.95
Kodak TMax 100,Ilfotec DD-X,1+4,100,7.0,5.95,6.3
Kodak TMax 100,Ilfotec DD-X,1+4,1600,20.0,17.0,18.0
Kodak TMax 100,Ilfotec DD-X,1+4,200,9.0,7.65,8.1
Kodak TMax 100,Ilfotec DD-X,1+4,400,11.5,9.78,10.35
Kodak TMax 100,Ilfotec DD-X,1+9,100,11.0,9.35,9.9
Kodak TMax 100,Ilfotec HC,1+15,100,3.5,2.98,3.15
Kodak TMax 100,Ilfotec HC,1+15,200,5.0,4.25,4.5
Kodak TMax 100,Ilfotec HC,1+31,100,7.5,6.38,6.75
Kodak TMax 100,Ilfotec LC29,1+19,100,7.0,5.95,6.3
Kodak TMax 100,Ilfotec LC29,1+19,100,7.5,6.38,6.75
Kodak TMax 100,Ilfotec LC29,1+29,100,11.0,9.35,9.9
Kodak TMax 100,Kalogen,1+50,100,10.0,8.5,9.0
Kodak TMax 100,Marathon,1+3,100,10.0,8.5,9.0
Kodak TMax 100,Marathon,1+9,100,6.0,5.1,5.4
Kodak TMax 100,Microdol-X,1+3,100,17.0,14.45,15.3
Kodak TMax 100,Microdol-X,stock,100,11.5,9.78,10.35
Kodak TMax 100,Microdol-X,stock,100,13.5,11.47,12.15
Kodak TMax 100,Microdol-X,stock,200,13.5,11.47,12.15
Kodak TMax 100,Microphen,1+1,100,11.0,9.35,9.9
Kodak TMax 100,Microphen,1+1,200,11.0,9.35,9.9
Kodak TMax 100,Microphen,1+3,100,16.0,13.6,14.4
Kodak TMax 100,Microphen,1+3,200,16.0,13.6,14.4
Kodak TMax 100,Microphen,stock,100,8.0,6.8,7.2
Kodak TMax 100,Microphen,stock,200,8.0,6.8,7.2
Kodak TMax 100,Mocon,1+64,100,14.0,11.9,12.6
Kodak TMax 100,Neofin Blue,1+5,100,10.0,8.5,9.0
Kodak TMax 100,Neofin Blue,1+9,100,15.0,12.75,13.5
Kodak TMax 100,Neofin Blue,stock,100,12.0,10.2,10.8
Kodak TMax 100,Neopress HC,1+15,100,3.0,2.55,2.7
Kodak TMax 100,Neopress HC,1+15,100,5.0,4.25,4.5
Kodak TMax 100,Neopress HC,1+31,100,5.0,4.25,4.5
Kodak TMax 100,Neopress HC,1+31,100,8.0,6.8,7.2
Kodak TMax 100,Ornano Gradual ST20,1+9,100,7.5,6.38,6.75
Kodak TMax 100,Paranol S,1+25,100,11.0,9.35,9.9
Kodak TMax 100,Paranol S,1+50,100,27.0,22.95,24.3
Kodak TMax 100,Parvofin,stock,100,6.75,5.74,6.08
Kodak TMax 100,Perceptol,1+1,100,13.5,11.47,12.15
Kodak TMax 100,Perceptol,1+3,100,19.0,16.15,17.1
Kodak TMax 100,Perceptol,stock,100,12.0,10.2,10.8
Kodak TMax 100,PMK,1+2+100,100,13.5,11.47,12.15
Kodak TMax 100,PMK,1+2+100,100,14.0,11.9,12.6
Kodak TMax 100,PMK,3+6+200,80,15.0,12.75,13.5
Kodak TMax 100,PQ Universal,1+19,100,3.5,2.98,3.15
Kodak TMax 100,Promicrol,1+14,150,13.0,11.05,11.7
Kodak TMax 100,Promicrol,1+14,200,13.0,11.05,11.7
Kodak TMax 100,Promicrol,1+9,150,8.0,6.8,7.2
Kodak TMax 100,Promicrol,1+9,200,8.0,6.8,7.2
Kodak TMax 100,Pyrocat-HD,1+1+100,100,16.0,13.6,14.4
Kodak TMax 100,Rodinal,1+100,100,60.0,51.0,54.0
Kodak TMax 100,Rodinal,1+100,64,15.0,12.75,13.5
Kodak TMax 100,Rodinal,1+100,80,20.0,17.0,18.0
Kodak TMax 100,Rodinal,1+25,100,6.0,5.1,5.4
Kodak TMax 100,Rodinal,1+25,100,5.5,4.67,4.95
Kodak TMax 100,Rodinal,1+25,400,8.5,7.22,7.65
Kodak TMax 100,Rodinal,1+25,64,5.5,4.67,4.95
Kodak TMax 100,Rodinal,1+50,100,12.0,10.2,10.8
Kodak TMax 100,Rodinal,1+50,50,10.0,8.5,9.0
Kodak TMax 100,Rodinal,1+50,80,12.0,10.2,10.8
Kodak TMax 100,Rodinal,1+75,100,19.0,16.15,17.1
Kodak TMax 100,Rodinal,1+75,50,17.0,14.45,15.3
Kodak TMax 100,Rollei D74,1+15,100,8.5,7.22,7.65
Kodak TMax 100,Rollei D74,1+9,100,6.0,5.1,5.4
Kodak TMax 100,Rollei Supergrain,1+15,100,8.5,7.22,7.65
Kodak TMax 100,Silvermax,1+24,100,11.0,9.35,9.9
Kodak TMax 100,SP-76EC,1+10,100,7.0,5.95,6.3
Kodak TMax 100,SP-Ultra 4LF,1+9,125,7.5,6.38,6.75
Kodak TMax 100,Sprint Standard,1+9,100,10.0,8.5,9.0
Kodak TMax 100,Sprint Standard,1+9,100,12.0,10.2,10.8
Kodak TMax 100,Spur HRX,1+17,100,14.0,11.9,12.6
Kodak TMax 100,Spur HRX,1+17,64,11.5,9.78,10.35
Kodak TMax 100,Spur NHC,1+15,100,10.0,8.5,9.0
Kodak TMax 100,Spur NHC,1+15,125,12.0,10.2,10.8
Kodak TMax 100,Spur NHC,1+15,80,8.0,6.8,7.2
Kodak TMax 100,Spur SD 2525,1+12,80,7.5,6.38,6.75
Kodak TMax 100,Spur SHADOWmax,1+1+48,100,12.5,10.62,11.25
Kodak TMax 100,Spur SHADOWmax,1+2+12,640,15.0,12.75,13.5
Kodak TMax 100,Spur SHADOWmax,1+2+17,400,14.0,11.9,12.6
Kodak TMax 100,Spur SHADOWmax,1+2+22,200,11.0,9.35,9.9
Kodak TMax 100,Spur SHADOWmax,2+3+25,400,13.0,11.05,11.7
Kodak TMax 100,Spur SLD,1+20,125,11.5,9.78,10.35
Kodak TMax 100,Spur SLD,1+9,125,4.0,3.4,3.6
Kodak TMax 100,Spur Speed-Major,1+12,400,14.0,11.9,12.6
Kodak TMax 100,Spur Speed-Major,1+14,320,13.0,11.05,11.7
Kodak TMax 100,Spur Speed-Major,1+20,200,12.0,10.2,10.8
Kodak TMax 100,Spur Speed-Major,1+24,160,11.0,9.35,9.9
Kodak TMax 100,Spur Speed-Major,1+30,100,10.0,8.5,9.0
Kodak TMax 100,Spur Speed-Major,1+35,100,10.0,8.5,9.0
Kodak TMax 100,Spur Speed-Major,1+9,640,15.0,12.75,13.5
Kodak TMax 100,Spur TRX 2000,1+30,100,12.0,10.2,10.8
Kodak TMax 100,Spur UFP,1+24,80,9.5,8.07,8.55
Kodak TMax 100,Studional,1+15,80,5.0,4.25,4.5
Kodak TMax 100,Suprol,1+19,100,3.5,2.98,3.15
Kodak TMax 100,Tanol,1+1+100,125,12.5,10.62,11.25
Kodak TMax 100,TMax Dev,1+4,100,7.5,6.38,6.75
Kodak TMax 100,TMax Dev,1+4,200,7.5,6.38,6.75
Kodak TMax 100,TMax Dev,1+9,100,17.0,14.45,15.3
Kodak TMax 100,TMax RS,stock,100,8.0,6.8,7.2
Kodak TMax 100,TMax RS,stock,200,8.0,6.8,7.2
Kodak TMax 100,Ultrafin,1+10,100,7.0,5.95,6.3
Kodak TMax 100,Ultrafin,1+20,100,12.0,10.2,10.8
Kodak TMax 100,Ultrafin T-Plus,1+4,100,11.0,9.35,9.9
Kodak TMax 100,Ultrafine Endurance,1+9,100,6.0,5.1,5.4
Kodak TMax 100,Ultrafine Liquid,1+2,100,9.0,7.65,8.1
Kodak TMax 100,Ultrafine Liquid,1+4,100,12.0,10.2,10.8
Kodak TMax 100,Ultrafine Powder,1+1,100,12.0,10.2,10.8
Kodak TMax 100,Ultrafine Powder,stock,100,9.0,7.65,8.1
Kodak TMax 100,Uncle Mort's,1+9,100,8.0,6.8,7.2
Kodak TMax 100,WD2D+,stock,100,9.0,7.65,8.1
Kodak TMax 100,XT-3,1+1,100,9.5,8.07,8.55
Kodak TMax 100,XT-3,1+1,100,9.25,7.86,8.33
Kodak TMax 100,XT-3,1+1,200,9.5,8.07,8.55
Kodak TMax 100,XT-3,1+1,200,10.25,8.71,9.22
Kodak TMax 100,XT-3,1+1,25,8.0,6.8,7.2
Kodak TMax 100,XT-3,1+1,400,12.25,10.41,11.03
Kodak TMax 100,XT-3,1+1,400,12.5,10.62,11.25
Kodak TMax 100,XT-3,1+1,50,8.0,6.8,7.2
Kodak TMax 100,XT-3,1+1,800,14.5,12.32,13.05
Kodak TMax 100,XT-3,1+2,100,12.5,10.62,11.25
Kodak TMax 100,XT-3,1+2,200,13.75,11.69,12.38
Kodak TMax 100,XT-3,1+2,25,11.5,9.78,10.35
Kodak TMax 100,XT-3,1+2,400,15.75,13.39,14.18
Kodak TMax 100,XT-3,1+2,50,11.5,9.78,10.35
Kodak TMax 100,XT-3,1+2,800,18.0,15.3,16.2
Kodak TMax 100,XT-3,1+3,100,16.0,13.6,14.4
Kodak TMax 100,XT-3,1+3,200,18.25,15.51,16.43
Kodak TMax 100,XT-3,1+3,25,14.5,12.32,13.05
Kodak TMax 100,XT-3,1+3,400,20.5,17.43,18.45
Kodak TMax 100,XT-3,1+3,50,14.5,12.32,13.05
Kodak TMax 100,XT-3,1+3,800,23.0,19.55,20.7
Kodak TMax 100,XT-3,stock,100,7.5,6.38,6.75
Kodak TMax 100,XT-3,stock,100,7.25,6.16,6.53
Kodak TMax 100,XT-3,stock,100,6.75,5.74,6.08
Kodak TMax 100,XT-3,stock,200,7.5,6.38,6.75
Kodak TMax 100,XT-3,stock,200,7.75,6.59,6.98
Kodak TMax 100,XT-3,stock,25,5.75,4.89,5.17
Kodak TMax 100,XT-3,stock,400,9.5,8.07,8.55
Kodak TMax 100,XT-3,stock,400,9.0,7.65,8.1
Kodak TMax 100,XT-3,stock,50,5.75,4.89,5.17
Kodak TMax 100,XT-3,stock,800,10.5,8.92,9.45
Kodak TMax 100,Xtol,1+1,100,9.5,8.07,8.55
Kodak TMax 100,Xtol,1+1,100,9.25,7.86,8.33
Kodak TMax 100,Xtol,1+1,200,9.5,8.07,8.55
Kodak TMax 100,Xtol,1+1,200,10.25,8.71,9.22
Kodak TMax 100,Xtol,1+1,25,8.0,6.8,7.2
Kodak TMax 100,Xtol,1+1,400,12.25,10.41,11.03
Kodak TMax 100,Xtol,1+1,400,12.5,10.62,11.25
Kodak TMax 100,Xtol,1+1,50,8.0,6.8,7.2
Kodak TMax 100,Xtol,1+1,800,14.5,12.32,13.05
Kodak TMax 100,Xtol,1+2,100,12.5,10.62,11.25
Kodak TMax 100,Xtol,1+2,200,13.75,11.69,12.38
Kodak TMax 100,Xtol,1+2,25,11.5,9.78,10.35
Kodak TMax 100,Xtol,1+2,400,15.75,13.39,14.18
Kodak TMax 100,Xtol,1+2,50,11.5,9.78,10.35
Kodak TMax 100,Xtol,1+2,800,18.0,15.3,16.2
Kodak TMax 100,Xtol,1+3,100,16.0,13.6,14.4
Kodak TMax 100,Xtol,1+3,200,18.25,15.51,16.43
Kodak TMax 100,Xtol,1+3,25,14.5,12.32,13.05
Kodak TMax 100,Xtol,1+3,400,20.5,17.43,18.45
Kodak TMax 100,Xtol,1+3,50,14.5,12.32,13.05
Kodak TMax 100,Xtol,1+3,800,23.0,19.55,20.7
Kodak TMax 100,Xtol,stock,100,7.5,6.38,6.75
Kodak TMax 100,Xtol,stock,100,7.25,6.16,6.53
Kodak TMax 100,Xtol,stock,100,6.75,5.74,6.08
Kodak TMax 100,Xtol,stock,200,7.5,6.38,6.75
Kodak TMax 100,Xtol,stock,200,7.75,6.59,6.98
Kodak TMax 100,Xtol,stock,25,5.75,4.89,5.17
Kodak TMax 100,Xtol,stock,400,9.5,8.07,8.55
Kodak TMax 100,Xtol,stock,400,9.0,7.65,8.1
Kodak TMax 100,Xtol,stock,50,5.75,4.89,5.17
Kodak TMax 100,Xtol,stock,800,10.5,8.92,9.45
Kodak TMax 400,510-Pyro,1+100,400,9.0,7.65,8.1
Kodak TMax 400,510-Pyro,1+100,400,30.75,26.14,27.68
Kodak TMax 400,510-Pyro,1+100,640,6.5,5.52,5.85
Kodak TMax 400,Acurol-N,1+35,250,13.0,11.05,11.7
Kodak TMax 400,Acurol-N,1+50,200,10.0,8.5,9.0
Kodak TMax 400,Adox HR-DEV,1+24,800,15.0,12.75,13.5
Kodak TMax 400,Adox HR-DEV,1+30,400,11.5,9.78,10.35
Kodak TMax 400,ADX II,1+24,400,11.5,9.78,10.35
Kodak TMax 400,Amaloco AM74,1+7,1600,7.0,5.95,6.3
Kodak TMax 400,Amaloco AM74,1+7,320,5.0,4.25,4.5
Kodak TMax 400,Amaloco AM74,1+7,400,6.0,5.1,5.4
Kodak TMax 400,Amaloco AM74,1+7,400,5.5,4.67,4.95
Kodak TMax 400,Amaloco AM74,1+7,800,6.75,5.74,6.08
Kodak TMax 400,Arista® Liquid,1+9,400,6.75,5.74,6.08
Kodak TMax 400,Arista® Premium,1+9,400,7.5,6.38,6.75
Kodak TMax 400,Ars-Imago FD,1+39,1600,12.5,10.62,11.25
Kodak TMax 400,Ars-Imago FD,1+39,200,6.0,5.1,5.4
Kodak TMax 400,Ars-Imago FD,1+39,400,7.5,6.38,6.75
Kodak TMax 400,Ars-Imago FD,1+39,800,9.0,7.65,8.1
Kodak TMax 400,Ars-Imago FE,1+1,1600,8.5,7.22,7.65
Kodak TMax 400,Ars-Imago FE,1+1,200,5.0,4.25,4.5
Kodak TMax 400,Ars-Imago FE,1+1,400,6.5,5.52,5.85
Kodak TMax 400,Ars-Imago FE,1+1,800,7.5,6.38,6.75
Kodak TMax 400,Atomal 49,stock,400,11.0,9.35,9.9
Kodak TMax 400,Bellini Hydrofen,1+15,400,5.0,4.25,4.5
Kodak TMax 400,Bellini Hydrofen,1+39,1600,12.5,10.62,11.25
Kodak TMax 400,Bellini Hydrofen,1+39,200,4.5,3.82,4.05
Kodak TMax 400,Bellini Hydrofen,1+39,400,6.5,5.52,5.85
Kodak TMax 400,Bellini Hydrofen,1+39,800,9.0,7.65,8.1
Kodak TMax 400,Berspeed,1+1,400,10.75,9.14,9.68
Kodak TMax 400,Beutler,1+1+18,400,11.5,9.78,10.35
Kodak TMax 400,Black/White & Green,1+49,400,12.0,10.2,10.8
Kodak TMax 400,BW-TNEG,1+6,1600,10.0,8.5,9.0
Kodak TMax 400,BW-TNEG,1+6,400,6.0,5.1,5.4
Kodak TMax 400,Caffenol,stock,400,25.0,21.25,22.5
Kodak TMax 400,Caffenol C-L,stock,1600,60.0,51.0,54.0
Kodak TMax 400,Caffenol C-L,stock,800,60.0,51.0,54.0
Kodak TMax 400,D-23,1+1,200,11.0,9.35,9.9
Kodak TMax 400,D-23,1+1,400,12.0,10.2,10.8
Kodak TMax 400,D-23,1+3,400,20.0,17.0,18.0
Kodak TMax 400,D-23,stock,400,8.0,6.8,7.2
Kodak TMax 400,D-76,1+1,100,8.75,7.44,7.88
Kodak TMax 400,D-76,1+1,400,10.25,8.71,9.22
Kodak TMax 400,D-76,1+1,50,8.0,6.8,7.2
Kodak TMax 400,D-76,1+1,800,10.25,8.71,9.22
Kodak TMax 400,D-76,1+3,200,12.0,10.2,10.8
Kodak TMax 400,D-76,1+3,400,15.0,12.75,13.5
Kodak TMax 400,D-76,stock,1600,9.25,7.86,8.33
Kodak TMax 400,D-76,stock,400,7.5,6.38,6.75
Kodak TMax 400,D-76,stock,800,7.5,6.38,6.75
Kodak TMax 400,D-76D,1+1,400,12.5,10.62,11.25
Kodak TMax 400,Dektol,1+4,400,5.5,4.67,4.95
Kodak TMax 400,DK-76b,1+1,400,9.0,7.65,8.1
Kodak TMax 400,Eco Pro,1+1,100,8.0,6.8,7.2
Kodak TMax 400,Eco Pro,1+1,1600,12.25,10.41,11.03
Kodak TMax 400,Eco Pro,1+1,200,8.0,6.8,7.2
Kodak TMax 400,Eco Pro,1+1,400,9.25,7.86,8.33
Kodak TMax 400,Eco Pro,1+1,800,9.5,8.07,8.55
Kodak TMax 400,Eco Pro,1+1,800,9.25,7.86,8.33
Kodak TMax 400,Eco Pro,1+2,100,9.5,8.07,8.55
Kodak TMax 400,Eco Pro,1+2,1600,13.75,11.69,12.38
Kodak TMax 400,Eco Pro,1+2,200,9.5,8.07,8.55
Kodak TMax 400,Eco Pro,1+2,3200,16.0,13.6,14.4
Kodak TMax 400,Eco Pro,1+2,400,10.5,8.92,9.45
Kodak TMax 400,Eco Pro,1+2,800,12.25,10.41,11.03
Kodak TMax 400,Eco Pro,1+3,100,12.25,10.41,11.03
Kodak TMax 400,Eco Pro,1+3,1600,17.0,14.45,15.3
Kodak TMax 400,Eco Pro,1+3,200,12.25,10.41,11.03
Kodak TMax 400,Eco Pro,1+3,3200,20.0,17.0,18.0
Kodak TMax 400,Eco Pro,1+3,400,13.5,11.47,12.15
Kodak TMax 400,Eco Pro,1+3,800,15.0,12.75,13.5
Kodak TMax 400,Eco Pro,stock,100,5.75,4.89,5.17
Kodak TMax 400,Eco Pro,stock,1600,8.5,7.22,7.65
Kodak TMax 400,Eco Pro,stock,200,5.75,4.89,5.17
Kodak TMax 400,Eco Pro,stock,3200,9.5,8.07,8.55
Kodak TMax 400,Eco Pro,stock,400,6.5,5.52,5.85
Kodak TMax 400,Eco Pro,stock,800,7.25,6.16,6.53
Kodak TMax 400,Eco Pro,stock,800,6.5,5.52,5.85
Kodak TMax 400,Extend Plus,1+15,400,10.0,8.5,9.0
Kodak TMax 400,F76+,1+9,400,8.0,6.8,7.2
Kodak TMax 400,FA-1027,1+14,400,11.0,9.35,9.9
Kodak TMax 400,FA-1027,1+9,3200,14.0,11.9,12.6
Kodak TMax 400,FA-1027,1+9,400,8.0,6.8,7.2
Kodak TMax 400,FD10,1+14,400,15.0,12.75,13.5
Kodak TMax 400,FD10,1+9,400,11.0,9.35,9.9
Kodak TMax 400,Fomadon Excel,stock,400,6.5,5.52,5.85
Kodak TMax 400,Fomadon LQN,1+10,1600,20.0,17.0,18.0
Kodak TMax 400,Fomadon LQN,1+10,400,12.0,10.2,10.8
Kodak TMax 400,Fomadon P,stock,400,11.0,9.35,9.9
Kodak TMax 400,Fomadon R09,1+25,400,6.0,5.1,5.4
Kodak TMax 400,Fomadon R09,1+50,400,15.0,12.75,13.5
Kodak TMax 400,Fomadon R09,1+50,400,11.0,9.35,9.9
Kodak TMax 400,FX-19,stock,100,8.0,6.8,7.2
Kodak TMax 400,FX-37,1+3,400,7.5,6.38,6.75
Kodak TMax 400,FX-39,1+14,400,12.0,10.2,10.8
Kodak TMax 400,FX-39,1+9,400,10.0,8.5,9.0
Kodak TMax 400,FX-39,1+9,800,12.0,10.2,10.8
Kodak TMax 400,FX-55,1+9,400,14.5,12.32,13.05
Kodak TMax 400,HC-110,1+250,400,45.0,38.25,40.5
Kodak TMax 400,HC-110,B,1600,7.5,6.38,6.75
Kodak TMax 400,HC-110,B,320,6.0,5.1,5.4
Kodak TMax 400,HC-110,B,3200,9.5,8.07,8.55
Kodak TMax 400,HC-110,B,640,7.0,5.95,6.3
Kodak TMax 400,HC-110,D,400,7.5,6.38,6.75
Kodak TMax 400,HC-110,E,200,10.5,8.92,9.45
Kodak TMax 400,HC-110,H,400,12.25,10.41,11.03
Kodak TMax 400,ID-11,1+1,100,8.75,7.44,7.88
Kodak TMax 400,ID-11,1+1,400,10.25,8.71,9.22
Kodak TMax 400,ID-11,1+1,50,8.0,6.8,7.2
Kodak TMax 400,ID-11,1+1,800,10.25,8.71,9.22
Kodak TMax 400,ID-11,1+3,200,12.0,10.2,10.8
Kodak TMax 400,ID-11,1+3,400,15.0,12.75,13.5
Kodak TMax 400,ID-11,stock,1600,10.5,8.92,9.45
Kodak TMax 400,ID-11,stock,3200,12.0,10.2,10.8
Kodak TMax 400,ID-11,stock,400,7.5,6.38,6.75
Kodak TMax 400,ID-11,stock,800,7.5,6.38,6.75
Kodak TMax 400,ID-62,2+25,400,11.0,9.35,9.9
Kodak TMax 400,Ilfosol 3,1+14,200,7.5,6.38,6.75
Kodak TMax 400,Ilfosol 3,1+14,3200,22.0,18.7,19.8
Kodak TMax 400,Ilfosol 3,1+14,400,10.0,8.5,9.0
Kodak TMax 400,Ilfosol 3,1+14,800,14.0,11.9,12.6
Kodak TMax 400,Ilfosol 3,1+9,200,5.5,4.67,4.95
Kodak TMax 400,Ilfosol 3,1+9,400,6.0,5.1,5.4
Kodak TMax 400,Ilfosol 3,1+9,800,8.5,7.22,7.65
Kodak TMax 400,Ilfotec DD-X,1+4,1600,13.0,11.05,11.7
Kodak TMax 400,Ilfotec DD-X,1+4,200,7.0,5.95,6.3
Kodak TMax 400,Ilfotec DD-X,1+4,400,8.0,6.8,7.2
Kodak TMax 400,Ilfotec DD-X,1+4,50,6.0,5.1,5.4
Kodak TMax 400,Ilfotec DD-X,1+4,800,10.0,8.5,9.0
Kodak TMax 400,Ilfotec DD-X,1+9,200,11.75,9.99,10.58
Kodak TMax 400,Ilfotec DD-X,1+9,800,17.5,14.88,15.75
Kodak TMax 400,Ilfotec HC,1+31,1600,9.25,7.86,8.33
Kodak TMax 400,Ilfotec HC,1+31,200,5.5,4.67,4.95
Kodak TMax 400,Ilfotec HC,1+31,3200,10.75,9.14,9.68
Kodak TMax 400,Ilfotec HC,1+31,400,6.5,5.52,5.85
Kodak TMax 400,Ilfotec LC29,1+19,400,6.5,5.52,5.85
Kodak TMax 400,Ilfotec LC29,1+19,800,9.0,7.65,8.1
Kodak TMax 400,Ilfotec LC29,1+29,400,9.0,7.65,8.1
Kodak TMax 400,Marathon,1+9,100,5.25,4.46,4.73
Kodak TMax 400,Microdol-X,stock,400,10.25,8.71,9.22
Kodak TMax 400,Microdol-X,stock,800,10.25,8.71,9.22
Kodak TMax 400,Microphen,1+1,1600,13.0,11.05,11.7
Kodak TMax 400,Microphen,1+1,400,10.0,8.5,9.0
Kodak TMax 400,Microphen,1+1,800,10.0,8.5,9.0
Kodak TMax 400,Microphen,1+3,400,15.0,12.75,13.5
Kodak TMax 400,Microphen,1+3,800,15.0,12.75,13.5
Kodak TMax 400,Microphen,stock,400,7.0,5.95,6.3
Kodak TMax 400,Microphen,stock,800,7.0,5.95,6.3
Kodak TMax 400,Mocon,1+64,400,13.5,11.47,12.15
Kodak TMax 400,Neofin Blue,stock,400,12.0,10.2,10.8
Kodak TMax 400,Neopress HC,1+15,1600,6.0,5.1,5.4
Kodak TMax 400,Neopress HC,1+15,400,2.5,2.12,2.25
Kodak TMax 400,Neopress HC,1+15,400,4.0,3.4,3.6
Kodak TMax 400,Neopress HC,1+15,800,4.0,3.4,3.6
Kodak TMax 400,Neopress HC,1+31,400,4.5,3.82,4.05
Kodak TMax 400,Neopress HC,1+31,400,6.0,5.1,5.4
Kodak TMax 400,Ornano Gradual ST20,1+9,400,12.0,10.2,10.8
Kodak TMax 400,Ornano Gradual ST20,1+9,800,12.0,10.2,10.8
Kodak TMax 400,Paranol S,1+25,400,7.0,5.95,6.3
Kodak TMax 400,Paranol S,1+50,400,15.0,12.75,13.5
Kodak TMax 400,Parvofin,stock,400,7.5,6.38,6.75
Kodak TMax 400,Perceptol,1+1,250,10.0,8.5,9.0
Kodak TMax 400,Perceptol,1+1,400,12.5,10.62,11.25
Kodak TMax 400,Perceptol,1+3,400,17.0,14.45,15.3
Kodak TMax 400,Perceptol,stock,400,11.0,9.35,9.9
Kodak TMax 400,PMK,5+10+250,200,13.0,11.05,11.7
Kodak TMax 400,PMK,5+10+450,200,13.0,11.05,11.7
Kodak TMax 400,Promicrol,1+14,600,18.0,15.3,16.2
Kodak TMax 400,Promicrol,1+14,800,18.0,15.3,16.2
Kodak TMax 400,Promicrol,1+9,600,12.0,10.2,10.8
Kodak TMax 400,Promicrol,1+9,800,12.0,10.2,10.8
Kodak TMax 400,Pyrocat-HD,1+1+100,200,11.0,9.35,9.9
Kodak TMax 400,Pyrocat-HD,1+1+100,400,15.0,12.75,13.5
Kodak TMax 400,Rodinal,1+100,160,20.0,17.0,18.0
Kodak TMax 400,Rodinal,1+100,200,60.0,51.0,54.0
Kodak TMax 400,Rodinal,1+100,800,24.0,20.4,21.6
Kodak TMax 400,Rodinal,1+25,1600,11.0,9.35,9.9
Kodak TMax 400,Rodinal,1+25,320,5.0,4.25,4.5
Kodak TMax 400,Rodinal,1+25,3200,17.0,14.45,15.3
Kodak TMax 400,Rodinal,1+25,400,6.0,5.1,5.4
Kodak TMax 400,Rodinal,1+25,800,9.0,7.65,8.1
Kodak TMax 400,Rodinal,1+300,400,360.0,306.0,324.0
Kodak TMax 400,Rodinal,1+50,100,3.75,3.19,3.38
Kodak TMax 400,Rodinal,1+50,1600,18.0,15.3,16.2
Kodak TMax 400,Rodinal,1+50,200,8.0,6.8,7.2
Kodak TMax 400,Rodinal,1+50,250,8.5,7.22,7.65
Kodak TMax 400,Rodinal,1+50,320,10.0,8.5,9.0
Kodak TMax 400,Rodinal,1+50,400,12.0,10.2,10.8
Kodak TMax 400,Rodinal,1+50,800,12.0,10.2,10.8
Kodak TMax 400,Rollei D74,1+15,400,10.5,8.92,9.45
Kodak TMax 400,Rollei D74,1+9,400,7.5,6.38,6.75
Kodak TMax 400,Rollei RPX-D,1+15,400,7.5,6.38,6.75
Kodak TMax 400,Rollo Pyro,1+2+75,160,8.0,6.8,7.2
Kodak TMax 400,Silvermax,1+24,400,11.5,9.78,10.35
Kodak TMax 400,SP-76EC,1+10,400,7.5,6.38,6.75
Kodak TMax 400,Sprint Standard,1+9,1600,20.0,17.0,18.0
Kodak TMax 400,Sprint Standard,1+9,400,11.5,9.78,10.35
Kodak TMax 400,Spur HRX,1+20,320,12.5,10.62,11.25
Kodak TMax 400,Spur NHC,1+15,400,9.0,7.65,8.1
Kodak TMax 400,Spur NHC,1+15,500,11.0,9.35,9.9
Kodak TMax 400,Spur NHC,1+19,320,9.0,7.65,8.1
Kodak TMax 400,Spur Omega X,1+16,400,14.5,12.32,13.05
Kodak TMax 400,Spur SD 2525,1+12,400,8.0,6.8,7.2
Kodak TMax 400,Spur SHADOWmax,1+1+48,400,13.0,11.05,11.7
Kodak TMax 400,Spur SHADOWmax,1+1+59,400,15.0,12.75,13.5
Kodak TMax 400,Spur SHADOWmax,1+2+17,1600,13.0,11.05,11.7
Kodak TMax 400,Spur SHADOWmax,1+2+38,800,11.0,9.35,9.9
Kodak TMax 400,Spur SLD,1+20,400,13.5,11.47,12.15
Kodak TMax 400,Spur Speed-Major,1+14,1000,13.0,11.05,11.7
Kodak TMax 400,Spur Speed-Major,1+20,800,12.0,10.2,10.8
Kodak TMax 400,Spur Speed-Major,1+24,640,12.0,10.2,10.8
Kodak TMax 400,Spur Speed-Major,1+30,500,12.0,10.2,10.8
Kodak TMax 400,Spur Speed-Major,1+35,400,11.0,9.35,9.9
Kodak TMax 400,Spur Speed-Major,1+9,1250,13.0,11.05,11.7
Kodak TMax 400,Spur Speed-Major,1+9,1600,15.0,12.75,13.5
Kodak TMax 400,Spur TRX 2000,1+24,800,15.0,12.75,13.5
Kodak TMax 400,Spur TRX 2000,1+30,400,11.5,9.78,10.35
Kodak TMax 400,Spur UFP,1+30,320,11.0,9.35,9.9
Kodak TMax 400,Studional,1+15,400,5.0,4.25,4.5
Kodak TMax 400,Suprol,1+19,400,4.0,3.4,3.6
Kodak TMax 400,Tanol,1+1+100,400,13.5,11.47,12.15
Kodak TMax 400,TMax Dev,1+19,400,36.5,31.02,32.85
Kodak TMax 400,TMax Dev,1+4,1600,8.5,7.22,7.65
Kodak TMax 400,TMax Dev,1+4,400,6.75,5.74,6.08
Kodak TMax 400,TMax Dev,1+4,800,6.75,5.74,6.08
Kodak TMax 400,TMax Dev,1+7,100,8.0,6.8,7.2
Kodak TMax 400,TMax Dev,1+7,400,12.0,10.2,10.8
Kodak TMax 400,TMax Dev,1+9,400,20.0,17.0,18.0
Kodak TMax 400,TMax RS,stock,400,5.75,4.89,5.17
Kodak TMax 400,TMax RS,stock,800,5.75,4.89,5.17
Kodak TMax 400,Ultrafin,1+10,400,7.0,5.95,6.3
Kodak TMax 400,Ultrafin,1+20,400,12.0,10.2,10.8
Kodak TMax 400,Ultrafin T-Plus,1+4,400,8.25,7.01,7.42
Kodak TMax 400,Ultrafine Endurance,1+9,400,6.25,5.31,5.62
Kodak TMax 400,Ultrafine Liquid,1+2,400,8.0,6.8,7.2
Kodak TMax 400,Ultrafine Liquid,1+4,400,12.5,10.62,11.25
Kodak TMax 400,Ultrafine Powder,1+1,400,12.5,10.62,11.25
Kodak TMax 400,Ultrafine Powder,stock,400,8.0,6.8,7.2
Kodak TMax 400,Uncle Mort's,1+9,400,12.0,10.2,10.8
Kodak TMax 400,WD2D+,stock,400,10.0,8.5,9.0
Kodak TMax 400,XT-3,1+1,100,8.0,6.8,7.2
Kodak TMax 400,XT-3,1+1,1600,12.25,10.41,11.03
Kodak TMax 400,XT-3,1+1,200,8.0,6.8,7.2
Kodak TMax 400,XT-3,1+1,400,9.25,7.86,8.33
Kodak TMax 400,XT-3,1+1,800,9.5,8.07,8.55
Kodak TMax 400,XT-3,1+1,800,9.25,7.86,8.33
Kodak TMax 400,XT-3,1+2,100,9.5,8.07,8.55
Kodak TMax 400,XT-3,1+2,1600,13.75,11.69,12.38
Kodak TMax 400,XT-3,1+2,200,9.5,8.07,8.55
Kodak TMax 400,XT-3,1+2,3200,16.0,13.6,14.4
Kodak TMax 400,XT-3,1+2,400,10.5,8.92,9.45
Kodak TMax 400,XT-3,1+2,800,12.25,10.41,11.03
Kodak TMax 400,XT-3,1+3,100,12.25,10.41,11.03
Kodak TMax 400,XT-3,1+3,1600,17.0,14.45,15.3
Kodak TMax 400,XT-3,1+3,200,12.25,10.41,11.03
Kodak TMax 400,XT-3,1+3,3200,20.0,17.0,18.0
Kodak TMax 400,XT-3,1+3,400,13.5,11.47,12.15
Kodak TMax 400,XT-3,1+3,800,15.0,12.75,13.5
Kodak TMax 400,XT-3,stock,100,5.75,4.89,5.17
Kodak TMax 400,XT-3,stock,1600,8.5,7.22,7.65
Kodak TMax 400,XT-3,stock,200,5.75,4.89,5.17
Kodak TMax 400,XT-3,stock,3200,9.5,8.07,8.55
Kodak TMax 400,XT-3,stock,400,6.5,5.52,5.85
Kodak TMax 400,XT-3,stock,800,7.25,6.16,6.53
Kodak TMax 400,XT-3,stock,800,6.5,5.52,5.85
Kodak TMax 400,Xtol,1+1,100,8.0,6.8,7.2
Kodak TMax 400,Xtol,1+1,1600,12.25,10.41,11.03
Kodak TMax 400,Xtol,1+1,200,8.0,6.8,7.2
Kodak TMax 400,Xtol,1+1,400,9.25,7.86,8.33
Kodak TMax 400,Xtol,1+1,800,9.5,8.07,8.55
Kodak TMax 400,Xtol,1+1,800,9.25,7.86,8.33
Kodak TMax 400,Xtol,1+2,100,9.5,8.07,8.55
Kodak TMax 400,Xtol,1+2,1600,13.75,11.69,12.38
Kodak TMax 400,Xtol,1+2,200,9.5,8.07,8.55
Kodak TMax 400,Xtol,1+2,3200,16.0,13.6,14.4
Kodak TMax 400,Xtol,1+2,400,10.5,8.92,9.45
Kodak TMax 400,Xtol,1+2,800,12.25,10.41,11.03
Kodak TMax 400,Xtol,1+3,100,12.25,10.41,11.03
Kodak TMax 400,Xtol,1+3,1600,17.0,14.45,15.3
Kodak TMax 400,Xtol,1+3,200,12.25,10.41,11.03
Kodak TMax 400,Xtol,1+3,3200,20.0,17.0,18.0
Kodak TMax 400,Xtol,1+3,400,13.5,11.47,12.15
Kodak TMax 400,Xtol,1+3,800,15.0,12.75,13.5
Kodak TMax 400,Xtol,stock,100,5.75,4.89,5.17
Kodak TMax 400,Xtol,stock,1600,8.5,7.22,7.65
Kodak TMax 400,Xtol,stock,200,5.75,4.89,5.17
Kodak TMax 400,Xtol,stock,3200,9.5,8.07,8.55
Kodak TMax 400,Xtol,stock,400,6.5,5.52,5.85
Kodak TMax 400,Xtol,stock,800,7.25,6.16,6.53
Kodak TMax 400,Xtol,stock,800,6.5,5.52,5.85
Kodak TMax P3200,510-Pyro,1+100,3200,17.5,14.88,15.75
Kodak TMax P3200,Acurol-N,1+50,800,15.0,12.75,13.5
Kodak TMax P3200,Adox HR-DEV,1+24,1600,14.0,11.9,12.6
Kodak TMax P3200,Adox HR-DEV,1+30,1000,15.0,12.75,13.5
Kodak TMax P3200,Amaloco AM74,1+7,12800,12.0,10.2,10.8
Kodak TMax P3200,Amaloco AM74,1+7,3200,6.5,5.52,5.85
Kodak TMax P3200,Amaloco AM74,1+7,6400,8.0,6.8,7.2
Kodak TMax P3200,Arista® Liquid,1+9,1600,9.25,7.86,8.33
Kodak TMax P3200,Arista® Liquid,1+9,1600,9.0,7.65,8.1
Kodak TMax P3200,Arista® Liquid,1+9,3200,11.5,9.78,10.35
Kodak TMax P3200,Arista® Liquid,1+9,3200,10.75,9.14,9.68
Kodak TMax P3200,Arista® Liquid,1+9,6400,13.0,11.05,11.7
Kodak TMax P3200,Arista® Liquid,1+9,6400,12.25,10.41,11.03
Kodak TMax P3200,Arista® Liquid,1+9,800,8.25,7.01,7.42
Kodak TMax P3200,Arista® Liquid,1+9,800,8.0,6.8,7.2
Kodak TMax P3200,Ars-Imago FD,1+19,1600,6.0,5.1,5.4
Kodak TMax P3200,Ars-Imago FD,1+19,3200,8.0,6.8,7.2
Kodak TMax P3200,Ars-Imago FE,1+1,1600,11.0,9.35,9.9
Kodak TMax P3200,Ars-Imago FE,1+1,3200,13.0,11.05,11.7
Kodak TMax P3200,Atomal 49,stock,3200,11.0,9.35,9.9
Kodak TMax P3200,Bellini Hydrofen,1+15,1250,6.0,5.1,5.4
Kodak TMax P3200,Bellini Hydrofen,1+31,1250,13.0,11.05,11.7
Kodak TMax P3200,Black/White & Green,1+49,3200,21.0,17.85,18.9
Kodak TMax P3200,Caffenol C-H (rs),stock,400,15.0,12.75,13.5
Kodak TMax P3200,Cawanol,stock,3200,18.0,15.3,16.2
Kodak TMax P3200,D-23,1+1,3200,16.0,13.6,14.4
Kodak TMax P3200,D-23,stock,3200,11.0,9.35,9.9
Kodak TMax P3200,D-76,1+1,3200,18.0,15.3,16.2
Kodak TMax P3200,D-76,1+1,800,14.0,11.9,12.6
Kodak TMax P3200,D-76,stock,1600,12.5,10.62,11.25
Kodak TMax P3200,D-76,stock,3200,14.0,11.9,12.6
Kodak TMax P3200,D-76,stock,3200,15.0,12.75,13.5
Kodak TMax P3200,D-76,stock,400,10.5,8.92,9.45
Kodak TMax P3200,D-76,stock,6400,15.5,13.17,13.95
Kodak TMax P3200,D-76,stock,800,11.5,9.78,10.35
Kodak TMax P3200,Eco Pro,1+1,100,10.5,8.92,9.45
Kodak TMax P3200,Eco Pro,1+1,12500,22.5,19.12,20.25
Kodak TMax P3200,Eco Pro,1+1,1600,16.0,13.6,14.4
Kodak TMax P3200,Eco Pro,1+1,1600,14.0,11.9,12.6
Kodak TMax P3200,Eco Pro,1+1,200,10.5,8.92,9.45
Kodak TMax P3200,Eco Pro,1+1,25000,25.0,21.25,22.5
Kodak TMax P3200,Eco Pro,1+1,25000,26.0,22.1,23.4
Kodak TMax P3200,Eco Pro,1+1,3200,18.5,15.72,16.65
Kodak TMax P3200,Eco Pro,1+1,3200,16.5,14.03,14.85
Kodak TMax P3200,Eco Pro,1+1,400,12.5,10.62,11.25
Kodak TMax P3200,Eco Pro,1+1,400,11.5,9.78,10.35
Kodak TMax P3200,Eco Pro,1+1,6400,20.5,17.43,18.45
Kodak TMax P3200,Eco Pro,1+1,6400,19.5,16.57,17.55
Kodak TMax P3200,Eco Pro,1+1,800,14.0,11.9,12.6
Kodak TMax P3200,Eco Pro,1+1,800,12.5,10.62,11.25
Kodak TMax P3200,Eco Pro,1+2,100,14.25,12.11,12.83
Kodak TMax P3200,Eco Pro,1+2,1600,19.0,16.15,17.1
Kodak TMax P3200,Eco Pro,1+2,200,14.25,12.11,12.83
Kodak TMax P3200,Eco Pro,1+2,3200,22.0,18.7,19.8
Kodak TMax P3200,Eco Pro,1+2,400,15.5,13.17,13.95
Kodak TMax P3200,Eco Pro,1+2,6400,26.5,22.52,23.85
Kodak TMax P3200,Eco Pro,1+2,800,16.5,14.03,14.85
Kodak TMax P3200,Eco Pro,1+3,100,17.25,14.66,15.53
Kodak TMax P3200,Eco Pro,1+3,1600,23.0,19.55,20.7
Kodak TMax P3200,Eco Pro,1+3,200,17.25,14.66,15.53
Kodak TMax P3200,Eco Pro,1+3,3200,27.0,22.95,24.3
Kodak TMax P3200,Eco Pro,1+3,400,18.5,15.72,16.65
Kodak TMax P3200,Eco Pro,1+3,800,20.5,17.43,18.45
Kodak TMax P3200,Eco Pro,stock,100,7.0,5.95,6.3
Kodak TMax P3200,Eco Pro,stock,12500,17.25,14.66,15.53
Kodak TMax P3200,Eco Pro,stock,12500,15.25,12.96,13.72
Kodak TMax P3200,Eco Pro,stock,1600,11.5,9.78,10.35
Kodak TMax P3200,Eco Pro,stock,1600,9.25,7.86,8.33
Kodak TMax P3200,Eco Pro,stock,200,7.0,5.95,6.3
Kodak TMax P3200,Eco Pro,stock,25000,19.0,16.15,17.1
Kodak TMax P3200,Eco Pro,stock,25000,18.5,15.72,16.65
Kodak TMax P3200,Eco Pro,stock,3200,13.5,11.47,12.15
Kodak TMax P3200,Eco Pro,stock,3200,11.0,9.35,9.9
Kodak TMax P3200,Eco Pro,stock,400,9.5,8.07,8.55
Kodak TMax P3200,Eco Pro,stock,400,7.5,6.38,6.75
Kodak TMax P3200,Eco Pro,stock,6400,15.25,12.96,13.72
Kodak TMax P3200,Eco Pro,stock,6400,12.5,10.62,11.25
Kodak TMax P3200,Eco Pro,stock,800,10.5,8.92,9.45
Kodak TMax P3200,Eco Pro,stock,800,8.25,7.01,7.42
Kodak TMax P3200,Extend Plus,1+15,1600,13.0,11.05,11.7
Kodak TMax P3200,Extend Plus,1+15,1600,12.0,10.2,10.8
Kodak TMax P3200,Extend Plus,1+15,3200,16.0,13.6,14.4
Kodak TMax P3200,Extend Plus,1+15,3200,15.0,12.75,13.5
Kodak TMax P3200,Extend Plus,1+15,6400,19.0,16.15,17.1
Kodak TMax P3200,Extend Plus,1+15,6400,18.0,15.3,16.2
Kodak TMax P3200,Extend Plus,1+15,800,9.0,7.65,8.1
Kodak TMax P3200,Extend Plus,1+15,800,8.0,6.8,7.2
Kodak TMax P3200,F76+,1+9,1600,9.25,7.86,8.33
Kodak TMax P3200,F76+,1+9,1600,9.0,7.65,8.1
Kodak TMax P3200,F76+,1+9,3200,11.25,9.56,10.12
Kodak TMax P3200,F76+,1+9,3200,10.75,9.14,9.68
Kodak TMax P3200,F76+,1+9,6400,13.0,11.05,11.7
Kodak TMax P3200,F76+,1+9,6400,12.25,10.41,11.03
Kodak TMax P3200,F76+,1+9,800,8.25,7.01,7.42
Kodak TMax P3200,F76+,1+9,800,8.0,6.8,7.2
Kodak TMax P3200,FD10,1+14,3200,17.0,14.45,15.3
Kodak TMax P3200,FD10,1+9,3200,13.0,11.05,11.7
Kodak TMax P3200,Fomadon R09,1+25,3200,8.0,6.8,7.2
Kodak TMax P3200,Fomadon R09,1+50,3200,16.0,13.6,14.4
Kodak TMax P3200,Fomadon R09,1+50,800,10.0,8.5,9.0
Kodak TMax P3200,FX-19,stock,100,14.0,11.9,12.6
Kodak TMax P3200,FX-39,1+9,1280,11.5,9.78,10.35
Kodak TMax P3200,FX-39,1+9,3200,12.5,10.62,11.25
Kodak TMax P3200,FX-55,1+9,3200,17.5,14.88,15.75
Kodak TMax P3200,HC-110,B,1600,9.25,7.86,8.33
Kodak TMax P3200,HC-110,B,3200,10.5,8.92,9.45
Kodak TMax P3200,HC-110,B,400,7.5,6.38,6.75
Kodak TMax P3200,HC-110,B,6400,12.0,10.2,10.8
Kodak TMax P3200,HC-110,B,800,8.5,7.22,7.65
Kodak TMax P3200,ID-11,1+1,800,14.0,11.9,12.6
Kodak TMax P3200,ID-11,stock,1600,12.5,10.62,11.25
Kodak TMax P3200,ID-11,stock,3200,14.0,11.9,12.6
Kodak TMax P3200,ID-11,stock,3200,15.0,12.75,13.5
Kodak TMax P3200,ID-11,stock,400,10.5,8.92,9.45
Kodak TMax P3200,ID-11,stock,6400,15.5,13.17,13.95
Kodak TMax P3200,ID-11,stock,800,11.5,9.78,10.35
Kodak TMax P3200,Ilfosol 3,1+14,1600,13.0,11.05,11.7
Kodak TMax P3200,Ilfosol 3,1+14,3200,15.0,12.75,13.5
Kodak TMax P3200,Ilfosol 3,1+14,6400,18.5,15.72,16.65
Kodak TMax P3200,Ilfosol 3,1+14,800,11.0,9.35,9.9
Kodak TMax P3200,Ilfosol 3,1+9,1600,8.0,6.8,7.2
Kodak TMax P3200,Ilfosol 3,1+9,3200,10.0,8.5,9.0
Kodak TMax P3200,Ilfosol 3,1+9,6400,13.0,11.05,11.7
Kodak TMax P3200,Ilfosol 3,1+9,800,6.5,5.52,5.85
Kodak TMax P3200,Ilfotec DD-X,1+4,102400,41.0,34.85,36.9
Kodak TMax P3200,Ilfotec DD-X,1+4,12800,19.5,16.57,17.55
Kodak TMax P3200,Ilfotec DD-X,1+4,1600,9.0,7.65,8.1
Kodak TMax P3200,Ilfotec DD-X,1+4,25600,25.5,21.68,22.95
Kodak TMax P3200,Ilfotec DD-X,1+4,3200,11.0,9.35,9.9
Kodak TMax P3200,Ilfotec DD-X,1+4,51200,33.0,28.05,29.7
Kodak TMax P3200,Ilfotec DD-X,1+4,6400,15.0,12.75,13.5
Kodak TMax P3200,Ilfotec DD-X,1+4,800,7.5,6.38,6.75
Kodak TMax P3200,Ilfotec HC,1+31,1600,9.0,7.65,8.1
Kodak TMax P3200,Ilfotec HC,1+31,3200,11.5,9.78,10.35
Kodak TMax P3200,Ilfotec LC29,1+19,3200,11.5,9.78,10.35
Kodak TMax P3200,Ilfotec LC29,1+19,6400,13.0,11.05,11.7
Kodak TMax P3200,Marathon,1+9,100,9.0,7.65,8.1
Kodak TMax P3200,Microphen,1+1,1600,13.5,11.47,12.15
Kodak TMax P3200,Microphen,1+1,3200,18.0,15.3,16.2
Kodak TMax P3200,Microphen,1+1,6400,21.0,17.85,18.9
Kodak TMax P3200,Microphen,stock,1600,10.5,8.92,9.45
Kodak TMax P3200,Microphen,stock,3200,12.0,10.2,10.8
Kodak TMax P3200,Microphen,stock,6400,14.0,11.9,12.6
Kodak TMax P3200,Neopress HC,1+15,12800,7.0,5.95,6.3
Kodak TMax P3200,Neopress HC,1+15,3200,3.5,2.98,3.15
Kodak TMax P3200,Neopress HC,1+15,3200,5.0,4.25,4.5
Kodak TMax P3200,Neopress HC,1+15,6400,5.0,4.25,4.5
Kodak TMax P3200,Neopress HC,1+31,3200,5.5,4.67,4.95
Kodak TMax P3200,Neopress HC,1+31,3200,8.0,6.8,7.2
Kodak TMax P3200,Nucleol BF200,40+25+935,1600,9.75,8.29,8.78
Kodak TMax P3200,Ornano Gradual ST20,1+9,1600,12.0,10.2,10.8
Kodak TMax P3200,Ornano Gradual ST20,1+9,3200,16.0,13.6,14.4
Kodak TMax P3200,Paranol S,1+25,3200,8.0,6.8,7.2
Kodak TMax P3200,Paranol S,1+50,3200,15.0,12.75,13.5
Kodak TMax P3200,Promicrol,1+14,4800,22.0,18.7,19.8
Kodak TMax P3200,Promicrol,1+14,6400,22.0,18.7,19.8
Kodak TMax P3200,Promicrol,1+9,3200,15.0,12.75,13.5
Kodak TMax P3200,Promicrol,1+9,4800,15.0,12.75,13.5
Kodak TMax P3200,Promicrol,1+9,6400,15.0,12.75,13.5
Kodak TMax P3200,Rodinal,1+24,1000,7.0,5.95,6.3
Kodak TMax P3200,Rodinal,1+25,1250,8.0,6.8,7.2
Kodak TMax P3200,Rodinal,1+25,3200,8.0,6.8,7.2
Kodak TMax P3200,Rodinal,1+25,6400,10.5,8.92,9.45
Kodak TMax P3200,Rodinal,1+50,1250,16.0,13.6,14.4
Kodak TMax P3200,Rodinal,1+50,3200,16.0,13.6,14.4
Kodak TMax P3200,Rollei D74,1+15,1600,11.5,9.78,10.35
Kodak TMax P3200,Rollei D74,1+9,1600,7.75,6.59,6.98
Kodak TMax P3200,Silberra Ascorol,1+29,3200,14.0,11.9,12.6
Kodak TMax P3200,Spur SLD,1+7,1280,5.5,4.67,4.95
Kodak TMax P3200,Spur SLD,1+7,1600,7.5,6.38,6.75
Kodak TMax P3200,Spur Speed-Major,1+12,3200,15.0,12.75,13.5
Kodak TMax P3200,Spur Speed-Major,1+14,3200,14.0,11.9,12.6
Kodak TMax P3200,Spur Speed-Major,1+17,2500,14.5,12.32,13.05
Kodak TMax P3200,Spur Speed-Major,1+17,3200,16.0,13.6,14.4
Kodak TMax P3200,Spur Speed-Major,1+20,2000,13.0,11.05,11.7
Kodak TMax P3200,Spur Speed-Major,1+24,1600,11.0,9.35,9.9
Kodak TMax P3200,Spur TRX 2000,1+24,1600,14.0,11.9,12.6
Kodak TMax P3200,Spur TRX 2000,1+30,1000,15.0,12.75,13.5
Kodak TMax P3200,Studional,1+15,1250,6.0,5.1,5.4
Kodak TMax P3200,Suprol,1+19,3200,5.5,4.67,4.95
Kodak TMax P3200,TMax Dev,1+4,1600,10.5,8.92,9.45
Kodak TMax P3200,Ultrafin,1+10,3200,8.5,7.22,7.65
Kodak TMax P3200,Ultrafin,1+20,3200,8.0,6.8,7.2
Kodak TMax P3200,Ultrafin T-Plus,1+4,3200,8.75,7.44,7.88
Kodak TMax P3200,Ultrafine Powder,stock,3200,15.0,12.75,13.5
Kodak TMax P3200,XT-3,1+1,100,10.5,8.92,9.45
Kodak TMax P3200,XT-3,1+1,12500,22.5,19.12,20.25
Kodak TMax P3200,XT-3,1+1,1600,16.0,13.6,14.4
Kodak TMax P3200,XT-3,1+1,1600,14.0,11.9,12.6
Kodak TMax P3200,XT-3,1+1,200,10.5,8.92,9.45
Kodak TMax P3200,XT-3,1+1,25000,25.0,21.25,22.5
Kodak TMax P3200,XT-3,1+1,25000,26.0,22.1,23.4
Kodak TMax P3200,XT-3,1+1,3200,18.5,15.72,16.65
Kodak TMax P3200,XT-3,1+1,3200,16.5,14.03,14.85
Kodak TMax P3200,XT-3,1+1,400,12.5,10.62,11.25
Kodak TMax P3200,XT-3,1+1,400,11.5,9.78,10.35
Kodak TMax P3200,XT-3,1+1,6400,20.5,17.43,18.45
Kodak TMax P3200,XT-3,1+1,6400,19.5,16.57,17.55
Kodak TMax P3200,XT-3,1+1,800,14.0,11.9,12.6
Kodak TMax P3200,XT-3,1+1,800,12.5,10.62,11.25
Kodak TMax P3200,XT-3,1+2,100,14.25,12.11,12.83
Kodak TMax P3200,XT-3,1+2,1600,19.0,16.15,17.1
Kodak TMax P3200,XT-3,1+2,200,14.25,12.11,12.83
Kodak TMax P3200,XT-3,1+2,3200,22.0,18.7,19.8
Kodak TMax P3200,XT-3,1+2,400,15.5,13.17,13.95
Kodak TMax P3200,XT-3,1+2,6400,26.5,22.52,23.85
Kodak TMax P3200,XT-3,1+2,800,16.5,14.03,14.85
Kodak TMax P3200,XT-3,1+3,100,17.25,14.66,15.53
Kodak TMax P3200,XT-3,1+3,1600,23.0,19.55,20.7
Kodak TMax P3200,XT-3,1+3,200,17.25,14.66,15.53
Kodak TMax P3200,XT-3,1+3,3200,27.0,22.95,24.3
Kodak TMax P3200,XT-3,1+3,400,18.5,15.72,16.65
Kodak TMax P3200,XT-3,1+3,800,20.5,17.43,18.45
Kodak TMax P3200,XT-3,stock,100,7.0,5.95,6.3
Kodak TMax P3200,XT-3,stock,12500,17.25,14.66,15.53
Kodak TMax P3200,XT-3,stock,12500,15.25,12.96,13.72
Kodak TMax P3200,XT-3,stock,1600,11.5,9.78,10.35
Kodak TMax P3200,XT-3,stock,1600,9.25,7.86,8.33
Kodak TMax P3200,XT-3,stock,200,7.0,5.95,6.3
Kodak TMax P3200,XT-3,stock,25000,19.0,16.15,17.1
Kodak TMax P3200,XT-3,stock,25000,18.5,15.72,16.65
Kodak TMax P3200,XT-3,stock,3200,13.5,11.47,12.15
Kodak TMax P3200,XT-3,stock,3200,11.0,9.35,9.9
Kodak TMax P3200,XT-3,stock,400,9.5,8.07,8.55
Kodak TMax P3200,XT-3,stock,400,7.5,6.38,6.75
Kodak TMax P3200,XT-3,stock,6400,15.25,12.96,13.72
Kodak TMax P3200,XT-3,stock,6400,12.5,10.62,11.25
Kodak TMax P3200,XT-3,stock,800,10.5,8.92,9.45
Kodak TMax P3200,XT-3,stock,800,8.25,7.01,7.42
Kodak TMax P3200,Xtol,1+1,100,10.5,8.92,9.45
Kodak TMax P3200,Xtol,1+1,12500,22.5,19.12,20.25
Kodak TMax P3200,Xtol,1+1,1600,16.0,13.6,14.4
Kodak TMax P3200,Xtol,1+1,1600,14.0,11.9,12.6
Kodak TMax P3200,Xtol,1+1,200,10.5,8.92,9.45
Kodak TMax P3200,Xtol,1+1,25000,25.0,21.25,22.5
Kodak TMax P3200,Xtol,1+1,25000,26.0,22.1,23.4
Kodak TMax P3200,Xtol,1+1,3200,18.5,15.72,16.65
Kodak TMax P3200,Xtol,1+1,3200,16.5,14.03,14.85
Kodak TMax P3200,Xtol,1+1,400,12.5,10.62,11.25
Kodak TMax P3200,Xtol,1+1,400,11.5,9.78,10.35
Kodak TMax P3200,Xtol,1+1,6400,20.5,17.43,18.45
Kodak TMax P3200,Xtol,1+1,6400,19.5,16.57,17.55
Kodak TMax P3200,Xtol,1+1,800,14.0,11.9,12.6
Kodak TMax P3200,Xtol,1+1,800,12.5,10.62,11.25
Kodak TMax P3200,Xtol,1+2,100,14.25,12.11,12.83
Kodak TMax P3200,Xtol,1+2,1600,19.0,16.15,17.1
Kodak TMax P3200,Xtol,1+2,200,14.25,12.11,12.83
Kodak TMax P3200,Xtol,1+2,3200,22.0,18.7,19.8
Kodak TMax P3200,Xtol,1+2,400,15.5,13.17,13.95
Kodak TMax P3200,Xtol,1+2,6400,26.5,22.52,23.85
Kodak TMax P3200,Xtol,1+2,800,16.5,14.03,14.85
Kodak TMax P3200,Xtol,1+3,100,17.25,14.66,15.53
Kodak TMax P3200,Xtol,1+3,1600,23.0,19.55,20.7
Kodak TMax P3200,Xtol,1+3,200,17.25,14.66,15.53
Kodak TMax P3200,Xtol,1+3,3200,27.0,22.95,24.3
Kodak TMax P3200,Xtol,1+3,400,18.5,15.72,16.65
Kodak TMax P3200,Xtol,1+3,800,20.5,17.43,18.45
Kodak TMax P3200,Xtol,stock,100,7.0,5.95,6.3
Kodak TMax P3200,Xtol,stock,12500,17.25,14.66,15.53
Kodak TMax P3200,Xtol,stock,12500,15.25,12.96,13.72
Kodak TMax P3200,Xtol,stock,1600,11.5,9.78,10.35
Kodak TMax P3200,Xtol,stock,1600,9.25,7.86,8.33
Kodak TMax P3200,Xtol,stock,200,7.0,5.95,6.3
Kodak TMax P3200,Xtol,stock,25000,19.0,16.15,17.1
Kodak TMax P3200,Xtol,stock,25000,18.5,15.72,16.65
Kodak TMax P3200,Xtol,stock,3200,13.5,11.47,12.15
Kodak TMax P3200,Xtol,stock,3200,11.0,9.35,9.9
Kodak TMax P3200,Xtol,stock,400,9.5,8.07,8.55
Kodak TMax P3200,Xtol,stock,400,7.5,6.38,6.75
Kodak TMax P3200,Xtol,stock,6400,15.25,12.96,13.72
Kodak TMax P3200,Xtol,stock,6400,12.5,10.62,11.25
Kodak TMax P3200,Xtol,stock,800,10.5,8.92,9.45
Kodak TMax P3200,Xtol,stock,800,8.25,7.01,7.42
Kodak Tri-X 320,Atomal 49,1+2,320,14.0,11.9,12.6
Kodak Tri-X 320,Black/White & Green,1+49,320,11.0,9.35,9.9
Kodak Tri-X 320,Cawanol,stock,320,16.0,13.6,14.4
Kodak Tri-X 320,D-76,1+1,320,12.75,10.84,11.47
Kodak Tri-X 320,D-76,stock,200,7.0,5.95,6.3
Kodak Tri-X 320,D-76,stock,320,9.0,7.65,8.1
Kodak Tri-X 320,D-76,stock,320,8.0,6.8,7.2
Kodak Tri-X 320,DK-50,1+1,320,5.0,4.25,4.5
Kodak Tri-X 320,DK-50,1+1,320,8.0,6.8,7.2
Kodak Tri-X 320,Eco Pro,1+1,1250,15.75,13.39,14.18
Kodak Tri-X 320,Eco Pro,1+1,1250,12.75,10.84,11.47
Kodak Tri-X 320,Eco Pro,1+1,160,7.75,6.59,6.98
Kodak Tri-X 320,Eco Pro,1+1,2500,15.75,13.39,14.18
Kodak Tri-X 320,Eco Pro,1+1,320,11.25,9.56,10.12
Kodak Tri-X 320,Eco Pro,1+1,320,8.75,7.44,7.88
Kodak Tri-X 320,Eco Pro,1+1,5000,21.0,17.85,18.9
Kodak Tri-X 320,Eco Pro,1+1,640,10.25,8.71,9.22
Kodak Tri-X 320,Eco Pro,1+1,80,7.75,6.59,6.98
Kodak Tri-X 320,Eco Pro,1+2,1250,16.5,14.03,14.85
Kodak Tri-X 320,Eco Pro,1+2,160,10.25,8.71,9.22
Kodak Tri-X 320,Eco Pro,1+2,2500,21.0,17.85,18.9
Kodak Tri-X 320,Eco Pro,1+2,320,12.0,10.2,10.8
Kodak Tri-X 320,Eco Pro,1+2,640,14.0,11.9,12.6
Kodak Tri-X 320,Eco Pro,1+2,80,10.25,8.71,9.22
Kodak Tri-X 320,Eco Pro,1+3,1250,21.5,18.27,19.35
Kodak Tri-X 320,Eco Pro,1+3,160,12.25,10.41,11.03
Kodak Tri-X 320,Eco Pro,1+3,2500,25.5,21.68,22.95
Kodak Tri-X 320,Eco Pro,1+3,320,14.25,12.11,12.83
Kodak Tri-X 320,Eco Pro,1+3,640,17.25,14.66,15.53
Kodak Tri-X 320,Eco Pro,1+3,80,12.25,10.41,11.03
Kodak Tri-X 320,Eco Pro,stock,1250,12.0,10.2,10.8
Kodak Tri-X 320,Eco Pro,stock,1250,9.5,8.07,8.55
Kodak Tri-X 320,Eco Pro,stock,160,5.25,4.46,4.73
Kodak Tri-X 320,Eco Pro,stock,2500,11.75,9.99,10.58
Kodak Tri-X 320,Eco Pro,stock,320,7.75,6.59,6.98
Kodak Tri-X 320,Eco Pro,stock,320,6.25,5.31,5.62
Kodak Tri-X 320,Eco Pro,stock,640,7.5,6.38,6.75
Kodak Tri-X 320,Eco Pro,stock,80,5.25,4.46,4.73
Kodak Tri-X 320,F76+,1+9,640,9.75,8.29,8.78
Kodak Tri-X 320,FA-1027,1+14,320,10.0,8.5,9.0
Kodak Tri-X 320,FA-1027,1+9,320,7.5,6.38,6.75
Kodak Tri-X 320,Fomadon R09,1+25,800,12.0,10.2,10.8
Kodak Tri-X 320,HC-110,B,320,4.75,4.04,4.28
Kodak Tri-X 320,HC-110,B,320,5.5,4.67,4.95
Kodak Tri-X 320,HC-110,E,250,7.0,5.95,6.3
Kodak Tri-X 320,HC-110,G,320,13.0,11.05,11.7
Kodak Tri-X 320,ID-11,1+1,320,12.75,10.84,11.47
Kodak Tri-X 320,ID-11,stock,320,9.0,7.65,8.1
Kodak Tri-X 320,ID-11,stock,320,8.0,6.8,7.2
Kodak Tri-X 320,Ilford Multigrade,1+9,320,8.0,6.8,7.2
Kodak Tri-X 320,Ilfosol 3,1+9,320,6.0,5.1,5.4
Kodak Tri-X 320,Ilfotec DD-X,1+4,1600,14.0,11.9,12.6
Kodak Tri-X 320,Ilfotec DD-X,1+4,200,6.5,5.52,5.85
Kodak Tri-X 320,Ilfotec DD-X,1+4,400,8.0,6.8,7.2
Kodak Tri-X 320,Ilfotec DD-X,1+4,800,10.0,8.5,9.0
Kodak Tri-X 320,Ilfotec HC,1+31,320,7.5,6.38,6.75
Kodak Tri-X 320,Ilfotec LC29,1+24,320,14.0,11.9,12.6
Kodak Tri-X 320,Ilfotec LC29,1+29,320,12.0,10.2,10.8
Kodak Tri-X 320,Marathon,1+9,320,4.25,3.61,3.83
Kodak Tri-X 320,Microdol-X,stock,320,10.25,8.71,9.22
Kodak Tri-X 320,Microdol-X,stock,320,10.0,8.5,9.0
Kodak Tri-X 320,Microphen,stock,320,5.0,4.25,4.5
Kodak Tri-X 320,Ornano Gradual ST20,1+9,320,10.5,8.92,9.45
Kodak Tri-X 320,Paranol S,1+25,320,6.75,5.74,6.08
Kodak Tri-X 320,Paranol S,1+50,320,10.0,8.5,9.0
Kodak Tri-X 320,Pyrocat-HD,1+1+250,320,58.0,49.3,52.2
Kodak Tri-X 320,Rodinal,1+100,320,20.0,17.0,18.0
Kodak Tri-X 320,Rodinal,1+25,200,7.0,5.95,6.3
Kodak Tri-X 320,Rodinal,1+25,320,12.0,10.2,10.8
Kodak Tri-X 320,Rodinal,1+50,320,15.0,12.75,13.5
Kodak Tri-X 320,SP-Ultra 4LF,1+9,320,6.5,5.52,5.85
Kodak Tri-X 320,Sprint Standard,1+9,320,7.25,6.16,6.53
Kodak Tri-X 320,Tanol,1+1+100,320,13.0,11.05,11.7
Kodak Tri-X 320,TMax Dev,1+4,320,7.25,6.16,6.53
Kodak Tri-X 320,TMax Dev,1+4,320,8.0,6.8,7.2
Kodak Tri-X 320,TMax RS,stock,320,4.0,3.4,3.6
Kodak Tri-X 320,Ultrafin,1+10,320,9.0,7.65,8.1
Kodak Tri-X 320,Ultrafine Endurance,1+9,320,4.25,3.61,3.83
Kodak Tri-X 320,Ultrafine Powder,1+1,320,12.75,10.84,11.47
Kodak Tri-X 320,Ultrafine Powder,stock,320,9.0,7.65,8.1
Kodak Tri-X 320,WD2D+,stock,400,10.0,8.5,9.0
Kodak Tri-X 320,XT-3,1+1,1250,15.75,13.39,14.18
Kodak Tri-X 320,XT-3,1+1,1250,12.75,10.84,11.47
Kodak Tri-X 320,XT-3,1+1,160,7.75,6.59,6.98
Kodak Tri-X 320,XT-3,1+1,2500,15.75,13.39,14.18
Kodak Tri-X 320,XT-3,1+1,320,11.25,9.56,10.12
Kodak Tri-X 320,XT-3,1+1,320,8.75,7.44,7.88
Kodak Tri-X 320,XT-3,1+1,5000,21.0,17.85,18.9
Kodak Tri-X 320,XT-3,1+1,640,10.25,8.71,9.22
Kodak Tri-X 320,XT-3,1+1,80,7.75,6.59,6.98
Kodak Tri-X 320,XT-3,1+2,1250,16.5,14.03,14.85
Kodak Tri-X 320,XT-3,1+2,160,10.25,8.71,9.22
Kodak Tri-X 320,XT-3,1+2,2500,21.0,17.85,18.9
Kodak Tri-X 320,XT-3,1+2,320,12.0,10.2,10.8
Kodak Tri-X 320,XT-3,1+2,640,14.0,11.9,12.6
Kodak Tri-X 320,XT-3,1+2,80,10.25,8.71,9.22
Kodak Tri-X 320,XT-3,1+3,1250,21.5,18.27,19.35
Kodak Tri-X 320,XT-3,1+3,160,12.25,10.41,11.03
Kodak Tri-X 320,XT-3,1+3,2500,25.5,21.68,22.95
Kodak Tri-X 320,XT-3,1+3,320,14.25,12.11,12.83
Kodak Tri-X 320,XT-3,1+3,640,17.25,14.66,15.53
Kodak Tri-X 320,XT-3,1+3,80,12.25,10.41,11.03
Kodak Tri-X 320,XT-3,stock,1250,12.0,10.2,10.8
Kodak Tri-X 320,XT-3,stock,1250,9.5,8.07,8.55
Kodak Tri-X 320,XT-3,stock,160,5.25,4.46,4.73
Kodak Tri-X 320,XT-3,stock,2500,11.75,9.99,10.58
Kodak Tri-X 320,XT-3,stock,320,7.75,6.59,6.98
Kodak Tri-X 320,XT-3,stock,320,6.25,5.31,5.62
Kodak Tri-X 320,XT-3,stock,640,7.5,6.38,6.75
Kodak Tri-X 320,XT-3,stock,80,5.25,4.46,4.73
Kodak Tri-X 320,Xtol,1+1,1250,15.75,13.39,14.18
Kodak Tri-X 320,Xtol,1+1,1250,12.75,10.84,11.47
Kodak Tri-X 320,Xtol,1+1,160,7.75,6.59,6.98
Kodak Tri-X 320,Xtol,1+1,2500,15.75,13.39,14.18
Kodak Tri-X 320,Xtol,1+1,320,11.25,9.56,10.12
Kodak Tri-X 320,Xtol,1+1,320,8.75,7.44,7.88
Kodak Tri-X 320,Xtol,1+1,5000,21.0,17.85,18.9
Kodak Tri-X 320,Xtol,1+1,640,10.25,8.71,9.22
Kodak Tri-X 320,Xtol,1+1,80,7.75,6.59,6.98
Kodak Tri-X 320,Xtol,1+2,1250,16.5,14.03,14.85
Kodak Tri-X 320,Xtol,1+2,160,10.25,8.71,9.22
Kodak Tri-X 320,Xtol,1+2,2500,21.0,17.85,18.9
Kodak Tri-X 320,Xtol,1+2,320,12.0,10.2,10.8
Kodak Tri-X 320,Xtol,1+2,640,14.0,11.9,12.6
Kodak Tri-X 320,Xtol,1+2,80,10.25,8.71,9.22
Kodak Tri-X 320,Xtol,1+3,1250,21.5,18.27,19.35
Kodak Tri-X 320,Xtol,1+3,160,12.25,10.41,11.03
Kodak Tri-X 320,Xtol,1+3,2500,25.5,21.68,22.95
Kodak Tri-X 320,Xtol,1+3,320,14.25,12.11,12.83
Kodak Tri-X 320,Xtol,1+3,640,17.25,14.66,15.53
Kodak Tri-X 320,Xtol,1+3,80,12.25,10.41,11.03
Kodak Tri-X 320,Xtol,stock,1250,12.0,10.2,10.8
Kodak Tri-X 320,Xtol,stock,1250,9.5,8.07,8.55
Kodak Tri-X 320,Xtol,stock,160,5.25,4.46,4.73
Kodak Tri-X 320,Xtol,stock,2500,11.75,9.99,10.58
Kodak Tri-X 320,Xtol,stock,320,7.75,6.59,6.98
Kodak Tri-X 320,Xtol,stock,320,6.25,5.31,5.62
Kodak Tri-X 320,Xtol,stock,640,7.5,6.38,6.75
Kodak Tri-X 320,Xtol,stock,80,5.25,4.46,4.73
Kodak Tri-X 400,510-Pyro,1+100,1600,21.0,17.85,18.9
Kodak Tri-X 400,510-Pyro,1+100,1600,18.0,15.3,16.2
Kodak Tri-X 400,510-Pyro,1+100,250,6.5,5.52,5.85
Kodak Tri-X 400,510-Pyro,1+100,400,8.0,6.8,7.2
Kodak Tri-X 400,510-Pyro,1+100,400,16.5,14.03,14.85
Kodak Tri-X 400,510-Pyro,1+100,800,13.0,11.05,11.7
Kodak Tri-X 400,510-Pyro,1+100,800,11.0,9.35,9.9
Kodak Tri-X 400,Acufine,stock,1600,10.0,8.5,9.0
Kodak Tri-X 400,Acufine,stock,400,3.0,2.55,2.7
Kodak Tri-X 400,Acurol-N,1+200,320,120.0,102.0,108.0
Kodak Tri-X 400,Acurol-N,1+24,1000,16.0,13.6,14.4
Kodak Tri-X 400,Acurol-N,1+24,640,12.0,10.2,10.8
Kodak Tri-X 400,Acurol-N,1+50,200,14.0,11.9,12.6
Kodak Tri-X 400,Acurol-N,1+50,400,15.0,12.75,13.5
Kodak Tri-X 400,Adox HR-DEV,1+14,1600,14.0,11.9,12.6
Kodak Tri-X 400,Adox HR-DEV,1+17,1250,13.0,11.05,11.7
Kodak Tri-X 400,Adox HR-DEV,1+19,800,12.5,10.62,11.25
Kodak Tri-X 400,Adox HR-DEV,1+24,400,12.0,10.2,10.8
Kodak Tri-X 400,ADX II,1+24,400,12.0,10.2,10.8
Kodak Tri-X 400,Agfa Ansco 47,stock,250,5.0,4.25,4.5
Kodak Tri-X 400,Amaloco AM74,1+15,1600,16.0,13.6,14.4
Kodak Tri-X 400,Amaloco AM74,1+7,400,5.0,4.25,4.5
Kodak Tri-X 400,Arista Liquid,1+9,1600,14.5,12.32,13.05
Kodak Tri-X 400,Arista® Liquid,1+9,400,6.25,5.31,5.62
Kodak Tri-X 400,Arista® Liquid,1+9,400,6.0,5.1,5.4
Kodak Tri-X 400,Arista® Premium,1+9,400,6.0,5.1,5.4
Kodak Tri-X 400,Ars-Imago FD,1+39,1600,11.0,9.35,9.9
Kodak Tri-X 400,Ars-Imago FD,1+39,200,4.5,3.82,4.05
Kodak Tri-X 400,Ars-Imago FD,1+39,400,6.5,5.52,5.85
Kodak Tri-X 400,Ars-Imago FD,1+39,800,8.5,7.22,7.65
Kodak Tri-X 400,Ars-Imago FE,1+1,1600,9.5,8.07,8.55
Kodak Tri-X 400,Ars-Imago FE,1+1,200,6.0,5.1,5.4
Kodak Tri-X 400,Ars-Imago FE,1+1,400,7.0,5.95,6.3
Kodak Tri-X 400,Ars-Imago FE,1+1,800,8.5,7.22,7.65
Kodak Tri-X 400,Atomal 49,1+1,1600,21.0,17.85,18.9
Kodak Tri-X 400,Atomal 49,stock,1600,15.0,12.75,13.5
Kodak Tri-X 400,Bellini FX6a Monobath,stock,400,8.0,6.8,7.2
Kodak Tri-X 400,Bellini Hydrofen,1+15,400,3.5,2.98,3.15
Kodak Tri-X 400,Bellini Hydrofen,1+39,1600,11.0,9.35,9.9
Kodak Tri-X 400,Bellini Hydrofen,1+39,200,4.5,3.82,4.05
Kodak Tri-X 400,Bellini Hydrofen,1+39,400,6.0,5.1,5.4
Kodak Tri-X 400,Bellini Hydrofen,1+39,800,8.0,6.8,7.2
Kodak Tri-X 400,Berspeed,1+1,400,11.0,9.35,9.9
Kodak Tri-X 400,Berspeed,1+1,800,15.5,13.17,13.95
Kodak Tri-X 400,Beutler,1+1+10,200,10.0,8.5,9.0
Kodak Tri-X 400,Black/White & Green,1+49,400,13.0,11.05,11.7
Kodak Tri-X 400,Caffenol,stock,400,35.0,29.75,31.5
Kodak Tri-X 400,Caffenol C,1+1,400,12.5,10.62,11.25
Kodak Tri-X 400,Caffenol C-M (+i),stock,400,15.0,12.75,13.5
Kodak Tri-X 400,D-23,1+1,1600,20.0,17.0,18.0
Kodak Tri-X 400,D-23,1+1,400,13.0,11.05,11.7
Kodak Tri-X 400,D-23,1+12,250,8.5,7.22,7.65
Kodak Tri-X 400,D-23,1+3,400,20.0,17.0,18.0
Kodak Tri-X 400,D-23,stock,400,7.5,6.38,6.75
Kodak Tri-X 400,D-23,stock,800,11.0,9.35,9.9
Kodak Tri-X 400,D-76,1+1,1600,13.25,11.26,11.93
Kodak Tri-X 400,D-76,1+1,200,10.5,8.92,9.45
Kodak Tri-X 400,D-76,1+1,200,9.5,8.07,8.55
Kodak Tri-X 400,D-76,1+1,3200,16.0,13.6,14.4
Kodak Tri-X 400,D-76,1+1,400,9.75,8.29,8.78
Kodak Tri-X 400,D-76,1+1,50,7.0,5.95,6.3
Kodak Tri-X 400,D-76,1+1,800,9.75,8.29,8.78
Kodak Tri-X 400,D-76,1+2,1600,16.5,14.03,14.85
Kodak Tri-X 400,D-76,1+2,400,13.0,11.05,11.7
Kodak Tri-X 400,D-76,1+3,100,13.0,11.05,11.7
Kodak Tri-X 400,D-76,1+3,1600,19.0,16.15,17.1
Kodak Tri-X 400,D-76,1+3,200,16.5,14.03,14.85
Kodak Tri-X 400,D-76,1+3,400,20.0,17.0,18.0
Kodak Tri-X 400,D-76,2+15,400,45.0,38.25,40.5
Kodak Tri-X 400,D-76,stock,1600,9.5,8.07,8.55
Kodak Tri-X 400,D-76,stock,3200,11.0,9.35,9.9
Kodak Tri-X 400,D-76,stock,400,6.75,5.74,6.08
Kodak Tri-X 400,D-76,stock,800,6.75,5.74,6.08
Kodak Tri-X 400,D-76D,1+1,400,10.0,8.5,9.0
Kodak Tri-X 400,D-96,stock,400,8.0,6.8,7.2
Kodak Tri-X 400,DK-50,1+1,400,6.0,5.1,5.4
Kodak Tri-X 400,Eco Pro,1+1,100,8.0,6.8,7.2
Kodak Tri-X 400,Eco Pro,1+1,1600,13.25,11.26,11.93
Kodak Tri-X 400,Eco Pro,1+1,1600,11.75,9.99,10.58
Kodak Tri-X 400,Eco Pro,1+1,200,8.0,6.8,7.2
Kodak Tri-X 400,Eco Pro,1+1,25,6.0,5.1,5.4
Kodak Tri-X 400,Eco Pro,1+1,250,7.75,6.59,6.98
Kodak Tri-X 400,Eco Pro,1+1,3200,15.5,13.17,13.95
Kodak Tri-X 400,Eco Pro,1+1,3200,13.5,11.47,12.15
Kodak Tri-X 400,Eco Pro,1+1,400,9.0,7.65,8.1
Kodak Tri-X 400,Eco Pro,1+1,400,8.75,7.44,7.88
Kodak Tri-X 400,Eco Pro,1+1,800,10.0,8.5,9.0
Kodak Tri-X 400,Eco Pro,1+2,100,8.75,7.44,7.88
Kodak Tri-X 400,Eco Pro,1+2,1600,14.5,12.32,13.05
Kodak Tri-X 400,Eco Pro,1+2,200,8.75,7.44,7.88
Kodak Tri-X 400,Eco Pro,1+2,3200,17.0,14.45,15.3
Kodak Tri-X 400,Eco Pro,1+2,400,10.5,8.92,9.45
Kodak Tri-X 400,Eco Pro,1+2,800,12.5,10.62,11.25
Kodak Tri-X 400,Eco Pro,1+3,100,10.75,9.14,9.68
Kodak Tri-X 400,Eco Pro,1+3,1600,16.5,14.03,14.85
Kodak Tri-X 400,Eco Pro,1+3,200,10.75,9.14,9.68
Kodak Tri-X 400,Eco Pro,1+3,3200,20.0,17.0,18.0
Kodak Tri-X 400,Eco Pro,1+3,400,12.5,10.62,11.25
Kodak Tri-X 400,Eco Pro,1+3,400,13.0,11.05,11.7
Kodak Tri-X 400,Eco Pro,1+3,800,14.0,11.9,12.6
Kodak Tri-X 400,Eco Pro,stock,100,5.5,4.67,4.95
Kodak Tri-X 400,Eco Pro,stock,1600,9.75,8.29,8.78
Kodak Tri-X 400,Eco Pro,stock,1600,9.0,7.65,8.1
Kodak Tri-X 400,Eco Pro,stock,200,5.5,4.67,4.95
Kodak Tri-X 400,Eco Pro,stock,3200,11.5,9.78,10.35
Kodak Tri-X 400,Eco Pro,stock,3200,10.5,8.92,9.45
Kodak Tri-X 400,Eco Pro,stock,400,7.0,5.95,6.3
Kodak Tri-X 400,Eco Pro,stock,400,6.75,5.74,6.08
Kodak Tri-X 400,Eco Pro,stock,800,7.75,6.59,6.98
Kodak Tri-X 400,Extend Plus,1+15,400,11.0,9.35,9.9
Kodak Tri-X 400,Extend Plus,1+15,400,9.0,7.65,8.1
Kodak Tri-X 400,F76+,1+9,250,9.0,7.65,8.1
Kodak Tri-X 400,F76+,1+9,400,6.25,5.31,5.62
Kodak Tri-X 400,F76+,1+9,400,6.0,5.1,5.4
Kodak Tri-X 400,FA-1027,1+14,400,8.0,6.8,7.2
Kodak Tri-X 400,FA-1027,1+9,400,5.5,4.67,4.95
Kodak Tri-X 400,FD10,1+14,400,13.0,11.05,11.7
Kodak Tri-X 400,FD10,1+9,400,9.0,7.65,8.1
Kodak Tri-X 400,Foma Universal,1+3,400,7.5,6.38,6.75
Kodak Tri-X 400,Fomadon LQN,1+10,400,15.0,12.75,13.5
Kodak Tri-X 400,Fomadon P,stock,400,11.0,9.35,9.9
Kodak Tri-X 400,Fomadon R09,1+24,3200,20.0,17.0,18.0
Kodak Tri-X 400,Fomadon R09,1+25,400,7.0,5.95,6.3
Kodak Tri-X 400,Fomadon R09,1+50,400,14.0,11.9,12.6
Kodak Tri-X 400,FX-19,stock,100,9.0,7.65,8.1
Kodak Tri-X 400,FX-39,1+9,400,10.0,8.5,9.0
Kodak Tri-X 400,FX-55,1+9,400,12.5,10.62,11.25
Kodak Tri-X 400,HC-110,1+100,1600,40.0,34.0,36.0
Kodak Tri-X 400,HC-110,1+100,1600,50.0,42.5,45.0
Kodak Tri-X 400,HC-110,1+100,3200,120.0,102.0,108.0
Kodak Tri-X 400,HC-110,1+15,3200,8.0,6.8,7.2
Kodak Tri-X 400,HC-110,1+95,400,14.0,11.9,12.6
Kodak Tri-X 400,HC-110,1+95,800,14.0,11.9,12.6
Kodak Tri-X 400,HC-110,A,400,3.75,3.19,3.38
Kodak Tri-X 400,HC-110,A,800,5.25,4.46,4.73
Kodak Tri-X 400,HC-110,B,1600,16.0,13.6,14.4
Kodak Tri-X 400,HC-110,B,200,4.75,4.04,4.28
Kodak Tri-X 400,HC-110,B,200,5.75,4.89,5.17
Kodak Tri-X 400,HC-110,B,200,6.75,5.74,6.08
Kodak Tri-X 400,HC-110,B,2400,16.0,13.6,14.4
Kodak Tri-X 400,HC-110,B,400,7.5,6.38,6.75
Kodak Tri-X 400,HC-110,B,6400,26.0,22.1,23.4
Kodak Tri-X 400,HC-110,B,800,8.5,7.22,7.65
Kodak Tri-X 400,HC-110,E,320,9.5,8.07,8.55
Kodak Tri-X 400,HC-110,F,400,15.0,12.75,13.5
Kodak Tri-X 400,HC-110,H,400,9.0,7.65,8.1
Kodak Tri-X 400,ID-11,1+1,1600,13.25,11.26,11.93
Kodak Tri-X 400,ID-11,1+1,200,9.5,8.07,8.55
Kodak Tri-X 400,ID-11,1+1,3200,16.0,13.6,14.4
Kodak Tri-X 400,ID-11,1+1,400,9.75,8.29,8.78
Kodak Tri-X 400,ID-11,1+1,400,10.0,8.5,9.0
Kodak Tri-X 400,ID-11,1+1,50,7.0,5.95,6.3
Kodak Tri-X 400,ID-11,1+1,800,11.5,9.78,10.35
Kodak Tri-X 400,ID-11,1+2,1600,16.5,14.03,14.85
Kodak Tri-X 400,ID-11,1+2,400,13.0,11.05,11.7
Kodak Tri-X 400,ID-11,1+3,100,13.0,11.05,11.7
Kodak Tri-X 400,ID-11,1+3,1600,19.0,16.15,17.1
Kodak Tri-X 400,ID-11,1+3,400,20.0,17.0,18.0
Kodak Tri-X 400,ID-11,2+15,400,45.0,38.25,40.5
Kodak Tri-X 400,ID-11,stock,1600,9.5,8.07,8.55
Kodak Tri-X 400,ID-11,stock,3200,12.0,10.2,10.8
Kodak Tri-X 400,ID-11,stock,3200,11.0,9.35,9.9
Kodak Tri-X 400,ID-11,stock,400,6.75,5.74,6.08
Kodak Tri-X 400,ID-11,stock,400,7.5,6.38,6.75
Kodak Tri-X 400,ID-11,stock,400,8.0,6.8,7.2
Kodak Tri-X 400,Ilfosol 3,1+14,1000,20.5,17.43,18.45
Kodak Tri-X 400,Ilfosol 3,1+14,1600,24.0,20.4,21.6
Kodak Tri-X 400,Ilfosol 3,1+14,200,8.5,7.22,7.65
Kodak Tri-X 400,Ilfosol 3,1+14,400,12.0,10.2,10.8
Kodak Tri-X 400,Ilfosol 3,1+14,800,18.5,15.72,16.65
Kodak Tri-X 400,Ilfosol 3,1+9,1600,14.0,11.9,12.6
Kodak Tri-X 400,Ilfosol 3,1+9,200,5.5,4.67,4.95
Kodak Tri-X 400,Ilfosol 3,1+9,400,7.5,6.38,6.75
Kodak Tri-X 400,Ilfosol 3,1+9,800,10.5,8.92,9.45
Kodak Tri-X 400,Ilfotec DD-X,1+16,1600,72.0,61.2,64.8
Kodak Tri-X 400,Ilfotec DD-X,1+4,1600,14.0,11.9,12.6
Kodak Tri-X 400,Ilfotec DD-X,1+4,200,6.5,5.52,5.85
Kodak Tri-X 400,Ilfotec DD-X,1+4,400,8.0,6.8,7.2
Kodak Tri-X 400,Ilfotec DD-X,1+4,800,10.0,8.5,9.0
Kodak Tri-X 400,Ilfotec HC,1+15,1600,7.0,5.95,6.3
Kodak Tri-X 400,Ilfotec HC,1+15,800,5.0,4.25,4.5
Kodak Tri-X 400,Ilfotec HC,1+22,400,7.0,5.95,6.3
Kodak Tri-X 400,Ilfotec HC,1+31,200,5.5,4.67,4.95
Kodak Tri-X 400,Ilfotec HC,1+31,400,6.5,5.52,5.85
Kodak Tri-X 400,Ilfotec LC29,1+19,200,4.5,3.82,4.05
Kodak Tri-X 400,Ilfotec LC29,1+19,400,6.5,5.52,5.85
Kodak Tri-X 400,Ilfotec LC29,1+19,800,9.0,7.65,8.1
Kodak Tri-X 400,Ilfotec LC29,1+29,400,9.0,7.65,8.1
Kodak Tri-X 400,Ilfotec LC29,1+9,1600,7.0,5.95,6.3
Kodak Tri-X 400,Ilfotec LC29,1+9,400,3.5,2.98,3.15
Kodak Tri-X 400,Ilfotec LC29,1+9,800,5.0,4.25,4.5
Kodak Tri-X 400,Marathon,1+9,400,4.25,3.61,3.83
Kodak Tri-X 400,Microdol-X,1+1,200,12.0,10.2,10.8
Kodak Tri-X 400,Microdol-X,1+3,200,15.75,13.39,14.18
Kodak Tri-X 400,Microdol-X,1+3,400,17.0,14.45,15.3
Kodak Tri-X 400,Microdol-X,stock,100,6.5,5.52,5.85
Kodak Tri-X 400,Microdol-X,stock,400,9.25,7.86,8.33
Kodak Tri-X 400,Microdol-X,stock,400,10.0,8.5,9.0
Kodak Tri-X 400,Microphen,1+1,1600,29.0,24.65,26.1
Kodak Tri-X 400,Microphen,1+1,500,11.0,9.35,9.9
Kodak Tri-X 400,Microphen,1+1,800,15.0,12.75,13.5
Kodak Tri-X 400,Microphen,1+3,500,22.0,18.7,19.8
Kodak Tri-X 400,Microphen,stock,1600,12.0,10.2,10.8
Kodak Tri-X 400,Microphen,stock,3200,25.0,21.25,22.5
Kodak Tri-X 400,Microphen,stock,500,6.0,5.1,5.4
Kodak Tri-X 400,Microphen,stock,640,8.0,6.8,7.2
Kodak Tri-X 400,Microphen,stock,800,11.0,9.35,9.9
Kodak Tri-X 400,Mocon,1+64,400,13.5,11.47,12.15
Kodak Tri-X 400,Neofin Blue,stock,400,20.0,17.0,18.0
Kodak Tri-X 400,Neopress HC,1+15,1600,5.5,4.67,4.95
Kodak Tri-X 400,Neopress HC,1+15,400,2.5,2.12,2.25
Kodak Tri-X 400,Neopress HC,1+15,800,3.0,2.55,2.7
Kodak Tri-X 400,Neopress HC,1+31,400,3.0,2.55,2.7
Kodak Tri-X 400,Neopress HC,1+31,400,4.0,3.4,3.6
Kodak Tri-X 400,Nucleol BF200,20+15+965,400,9.5,8.07,8.55
Kodak Tri-X 400,Nucleol BF200,20+15+965,800,12.0,10.2,10.8
Kodak Tri-X 400,Nucleol BF200,35+20+945,1600,16.0,13.6,14.4
Kodak Tri-X 400,Nucleol BF200,60+35+905,3200,25.0,21.25,22.5
Kodak Tri-X 400,Ornano Gradual ST20,1+9,1600,13.5,11.47,12.15
Kodak Tri-X 400,Ornano Gradual ST20,1+9,400,9.0,7.65,8.1
Kodak Tri-X 400,Ornano Gradual ST20,1+9,800,10.75,9.14,9.68
Kodak Tri-X 400,Paranol S,1+25,400,9.0,7.65,8.1
Kodak Tri-X 400,Paranol S,1+25,800,11.25,9.56,10.12
Kodak Tri-X 400,Paranol S,1+50,400,18.0,15.3,16.2
Kodak Tri-X 400,PC-TEA,1+50,400,11.0,9.35,9.9
Kodak Tri-X 400,PC-TEA,1+50,400,9.0,7.65,8.1
Kodak Tri-X 400,Perceptol,1+1,320,12.0,10.2,10.8
Kodak Tri-X 400,Perceptol,1+3,200,16.0,13.6,14.4
Kodak Tri-X 400,Perceptol,1+3,320,17.0,14.45,15.3
Kodak Tri-X 400,Perceptol,stock,320,10.0,8.5,9.0
Kodak Tri-X 400,Promicrol,1+14,600,13.0,11.05,11.7
Kodak Tri-X 400,Promicrol,1+14,800,13.0,11.05,11.7
Kodak Tri-X 400,Promicrol,1+9,600,9.0,7.65,8.1
Kodak Tri-X 400,Promicrol,1+9,800,9.0,7.65,8.1
Kodak Tri-X 400,Pyrocat-HD,1+1+100,200,10.0,8.5,9.0
Kodak Tri-X 400,Pyrocat-HD,1+1+100,400,15.0,12.75,13.5
Kodak Tri-X 400,Rodinal,1+100,1600,90.0,76.5,81.0
Kodak Tri-X 400,Rodinal,1+100,200,30.0,25.5,27.0
Kodak Tri-X 400,Rodinal,1+100,250,15.0,12.75,13.5
Kodak Tri-X 400,Rodinal,1+100,250,20.0,17.0,18.0
Kodak Tri-X 400,Rodinal,1+100,3200,120.0,102.0,108.0
Kodak Tri-X 400,Rodinal,1+100,400,20.0,17.0,18.0
Kodak Tri-X 400,Rodinal,1+24,320,6.0,5.1,5.4
Kodak Tri-X 400,Rodinal,1+25,1600,13.0,11.05,11.7
Kodak Tri-X 400,Rodinal,1+25,200,7.0,5.95,6.3
Kodak Tri-X 400,Rodinal,1+25,400,7.0,5.95,6.3
Kodak Tri-X 400,Rodinal,1+35,400,10.0,8.5,9.0
Kodak Tri-X 400,Rodinal,1+50,100,7.5,6.38,6.75
Kodak Tri-X 400,Rodinal,1+50,12800,51.0,43.35,45.9
Kodak Tri-X 400,Rodinal,1+50,1600,18.5,15.72,16.65
Kodak Tri-X 400,Rodinal,1+50,200,9.0,7.65,8.1
Kodak Tri-X 400,Rodinal,1+50,320,9.5,8.07,8.55
Kodak Tri-X 400,Rodinal,1+50,3200,33.0,28.05,29.7
Kodak Tri-X 400,Rodinal,1+50,400,13.0,11.05,11.7
Kodak Tri-X 400,Rodinal,1+50,640,15.5,13.17,13.95
Kodak Tri-X 400,Rodinal,1+50,800,16.5,14.03,14.85
Kodak Tri-X 400,Rodinal,1+60,400,15.0,12.75,13.5
Kodak Tri-X 400,Rodinal,1+75,2500,120.0,102.0,108.0
Kodak Tri-X 400,Rodinal,1+75,400,17.5,14.88,15.75
Kodak Tri-X 400,Rodinal,1+80,6400,150.0,127.5,135.0
Kodak Tri-X 400,Rollei D74,1+15,400,8.5,7.22,7.65
Kodak Tri-X 400,Rollei D74,1+9,400,6.0,5.1,5.4
Kodak Tri-X 400,Rollei RPX-D,1+9,400,6.5,5.52,5.85
Kodak Tri-X 400,Silvermax,1+19,400,12.0,10.2,10.8
Kodak Tri-X 400,SP-76EC,1+10,400,7.25,6.16,6.53
Kodak Tri-X 400,SPD,1+1,400,9.0,7.65,8.1
Kodak Tri-X 400,Sprint Standard,1+4,1600,13.0,11.05,11.7
Kodak Tri-X 400,Sprint Standard,1+9,400,10.0,8.5,9.0
Kodak Tri-X 400,Sprint Standard,1+9,800,11.5,9.78,10.35
Kodak Tri-X 400,Spur HRX,1+17,250,11.0,9.35,9.9
Kodak Tri-X 400,Spur NHC,1+15,500,11.0,9.35,9.9
Kodak Tri-X 400,Spur NHC,1+15,640,14.0,11.9,12.6
Kodak Tri-X 400,Spur NHC,1+19,400,11.0,9.35,9.9
Kodak Tri-X 400,Spur Omega X,1+12,400,15.0,12.75,13.5
Kodak Tri-X 400,Spur SHADOWmax,1+0+30,400,13.0,11.05,11.7
Kodak Tri-X 400,Spur SHADOWmax,1+1+8,2000,15.0,12.75,13.5
Kodak Tri-X 400,Spur SHADOWmax,1+2+12,1250,14.0,11.9,12.6
Kodak Tri-X 400,Spur SHADOWmax,1+2+17,800,14.0,11.9,12.6
Kodak Tri-X 400,Spur SHADOWmax,5+6+49,1600,15.0,12.75,13.5
Kodak Tri-X 400,Spur SLD,1+14,400,11.0,9.35,9.9
Kodak Tri-X 400,Spur SLD,1+9,400,5.0,4.25,4.5
Kodak Tri-X 400,Spur SLD,1+9,800,10.5,8.92,9.45
Kodak Tri-X 400,Spur Speed-Major,1+12,1600,15.0,12.75,13.5
Kodak Tri-X 400,Spur Speed-Major,1+14,1250,13.0,11.05,11.7
Kodak Tri-X 400,Spur Speed-Major,1+14,1600,16.0,13.6,14.4
Kodak Tri-X 400,Spur Speed-Major,1+20,800,11.0,9.35,9.9
Kodak Tri-X 400,Spur Speed-Major,1+27,400,12.0,10.2,10.8
Kodak Tri-X 400,Spur Speed-Major,1+35,200,8.0,6.8,7.2
Kodak Tri-X 400,Spur Speed-Major,1+7,2000,15.0,12.75,13.5
Kodak Tri-X 400,Spur Speed-Major,1+9,1600,13.0,11.05,11.7
Kodak Tri-X 400,Spur TRX 2000,1+14,1600,14.0,11.9,12.6
Kodak Tri-X 400,Spur TRX 2000,1+17,1250,13.0,11.05,11.7
Kodak Tri-X 400,Spur TRX 2000,1+19,800,12.5,10.62,11.25
Kodak Tri-X 400,Spur TRX 2000,1+24,400,12.0,10.2,10.8
Kodak Tri-X 400,Spur UFP,1+24,320,9.0,7.65,8.1
Kodak Tri-X 400,Studional,1+15,250,5.5,4.67,4.95
Kodak Tri-X 400,Suprol,1+19,400,4.0,3.4,3.6
Kodak Tri-X 400,Tanol,1+1+100,200,15.75,13.39,14.18
Kodak Tri-X 400,TMax Dev,1+4,1600,8.75,7.44,7.88
Kodak Tri-X 400,TMax Dev,1+4,1600,10.0,8.5,9.0
Kodak Tri-X 400,TMax Dev,1+4,200,6.0,5.1,5.4
Kodak Tri-X 400,TMax Dev,1+4,320,7.25,6.16,6.53
Kodak Tri-X 400,TMax Dev,1+4,400,6.0,5.1,5.4
Kodak Tri-X 400,TMax Dev,1+4,800,6.0,5.1,5.4
Kodak Tri-X 400,TMax Dev,1+9,400,10.5,8.92,9.45
Kodak Tri-X 400,TMax RS,stock,1600,7.75,6.59,6.98
Kodak Tri-X 400,TMax RS,stock,3200,9.5,8.07,8.55
Kodak Tri-X 400,TMax RS,stock,400,4.5,3.82,4.05
Kodak Tri-X 400,Ultrafin,1+10,400,9.0,7.65,8.1
Kodak Tri-X 400,Ultrafin T-Plus,1+4,400,8.25,7.01,7.42
Kodak Tri-X 400,Ultrafine Endurance,1+9,400,4.25,3.61,3.83
Kodak Tri-X 400,Ultrafine Liquid,1+2,400,8.0,6.8,7.2
Kodak Tri-X 400,Ultrafine Liquid,1+4,400,10.0,8.5,9.0
Kodak Tri-X 400,Ultrafine Powder,1+1,400,9.5,8.07,8.55
Kodak Tri-X 400,Ultrafine Powder,stock,400,6.75,5.74,6.08
Kodak Tri-X 400,Uncle Mort's,1+9,400,9.0,7.65,8.1
Kodak Tri-X 400,Wehner Developer,1+1+18,400,14.0,11.9,12.6
Kodak Tri-X 400,XT-3,1+1,100,8.0,6.8,7.2
Kodak Tri-X 400,XT-3,1+1,1600,13.25,11.26,11.93
Kodak Tri-X 400,XT-3,1+1,1600,11.75,9.99,10.58
Kodak Tri-X 400,XT-3,1+1,200,8.0,6.8,7.2
Kodak Tri-X 400,XT-3,1+1,25,6.0,5.1,5.4
Kodak Tri-X 400,XT-3,1+1,250,7.75,6.59,6.98
Kodak Tri-X 400,XT-3,1+1,3200,15.5,13.17,13.95
Kodak Tri-X 400,XT-3,1+1,3200,13.5,11.47,12.15
Kodak Tri-X 400,XT-3,1+1,400,9.0,7.65,8.1
Kodak Tri-X 400,XT-3,1+1,400,8.75,7.44,7.88
Kodak Tri-X 400,XT-3,1+1,800,10.0,8.5,9.0
Kodak Tri-X 400,XT-3,1+2,100,8.75,7.44,7.88
Kodak Tri-X 400,XT-3,1+2,1600,14.5,12.32,13.05
Kodak Tri-X 400,XT-3,1+2,200,8.75,7.44,7.88
Kodak Tri-X 400,XT-3,1+2,3200,17.0,14.45,15.3
Kodak Tri-X 400,XT-3,1+2,400,10.5,8.92,9.45
Kodak Tri-X 400,XT-3,1+2,800,12.5,10.62,11.25
Kodak Tri-X 400,XT-3,1+3,100,10.75,9.14,9.68
Kodak Tri-X 400,XT-3,1+3,1600,16.5,14.03,14.85
Kodak Tri-X 400,XT-3,1+3,200,10.75,9.14,9.68
Kodak Tri-X 400,XT-3,1+3,3200,20.0,17.0,18.0
Kodak Tri-X 400,XT-3,1+3,400,12.5,10.62,11.25
Kodak Tri-X 400,XT-3,1+3,400,13.0,11.05,11.7
Kodak Tri-X 400,XT-3,1+3,800,14.0,11.9,12.6
Kodak Tri-X 400,XT-3,stock,100,5.5,4.67,4.95
Kodak Tri-X 400,XT-3,stock,1600,9.75,8.29,8.78
Kodak Tri-X 400,XT-3,stock,1600,9.0,7.65,8.1
Kodak Tri-X 400,XT-3,stock,200,5.5,4.67,4.95
Kodak Tri-X 400,XT-3,stock,3200,11.5,9.78,10.35
Kodak Tri-X 400,XT-3,stock,3200,10.5,8.92,9.45
Kodak Tri-X 400,XT-3,stock,400,7.0,5.95,6.3
Kodak Tri-X 400,XT-3,stock,400,6.75,5.74,6.08
Kodak Tri-X 400,XT-3,stock,800,7.75,6.59,6.98
Kodak Tri-X 400,Xtol,1+1,100,8.0,6.8,7.2
Kodak Tri-X 400,Xtol,1+1,1600,13.25,11.26,11.93
Kodak Tri-X 400,Xtol,1+1,1600,11.75,9.99,10.58
Kodak Tri-X 400,Xtol,1+1,200,8.0,6.8,7.2
Kodak Tri-X 400,Xtol,1+1,25,6.0,5.1,5.4
Kodak Tri-X 400,Xtol,1+1,250,7.75,6.59,6.98
Kodak Tri-X 400,Xtol,1+1,3200,15.5,13.17,13.95
Kodak Tri-X 400,Xtol,1+1,3200,13.5,11.47,12.15
Kodak Tri-X 400,Xtol,1+1,400,9.0,7.65,8.1
Kodak Tri-X 400,Xtol,1+1,400,10.0,8.5,9.0
Kodak Tri-X 400,Xtol,1+1,400,8.75,7.44,7.88
Kodak Tri-X 400,Xtol,1+1,800,10.0,8.5,9.0
Kodak Tri-X 400,Xtol,1+2,100,8.75,7.44,7.88
Kodak Tri-X 400,Xtol,1+2,1600,14.5,12.32,13.05
Kodak Tri-X 400,Xtol,1+2,200,8.75,7.44,7.88
Kodak Tri-X 400,Xtol,1+2,3200,17.0,14.45,15.3
Kodak Tri-X 400,Xtol,1+2,400,10.5,8.92,9.45
Kodak Tri-X 400,Xtol,1+2,800,12.5,10.62,11.25
Kodak Tri-X 400,Xtol,1+3,100,10.75,9.14,9.68
Kodak Tri-X 400,Xtol,1+3,1600,16.5,14.03,14.85
Kodak Tri-X 400,Xtol,1+3,200,10.75,9.14,9.68
Kodak Tri-X 400,Xtol,1+3,3200,20.0,17.0,18.0
Kodak Tri-X 400,Xtol,1+3,400,12.5,10.62,11.25
Kodak Tri-X 400,Xtol,1+3,400,13.0,11.05,11.7
Kodak Tri-X 400,Xtol,1+3,800,14.0,11.9,12.6
Kodak Tri-X 400,Xtol,stock,100,5.5,4.67,4.95
Kodak Tri-X 400,Xtol,stock,1600,9.75,8.29,8.78
Kodak Tri-X 400,Xtol,stock,1600,9.0,7.65,8.1
Kodak Tri-X 400,Xtol,stock,200,5.5,4.67,4.95
Kodak Tri-X 400,Xtol,stock,3200,11.5,9.78,10.35
Kodak Tri-X 400,Xtol,stock,3200,10.5,8.92,9.45
Kodak Tri-X 400,Xtol,stock,400,7.0,5.95,6.3
Kodak Tri-X 400,Xtol,stock,400,6.75,5.74,6.08
Kodak Tri-X 400,Xtol,stock,800,7.75,6.59,6.98
Kodak Verichrome Pan,HC-110,E,25,5.75,4.89,5.17
Kodak Verichrome Pan,SPD,stock,125,6.0,5.1,5.4
Kosmo Foto Agent Shadow,510-Pyro,1+100,1600,25.0,21.25,22.5
Kosmo Foto Agent Shadow,510-Pyro,1+100,400,11.0,9.35,9.9
Kosmo Foto Agent Shadow,510-Pyro,1+100,400,20.5,17.43,18.45
Kosmo Foto Agent Shadow,Acurol-N,1+50,200,11.5,9.78,10.35
Kosmo Foto Agent Shadow,Adox HR-DEV,1+24,400,13.5,11.47,12.15
Kosmo Foto Agent Shadow,ADX II,1+24,500,10.5,8.92,9.45
Kosmo Foto Agent Shadow,Ars-Imago FD,1+39,200,4.5,3.82,4.05
Kosmo Foto Agent Shadow,Ars-Imago FD,1+39,400,6.5,5.52,5.85
Kosmo Foto Agent Shadow,Ars-Imago FD,1+39,800,10.0,8.5,9.0
Kosmo Foto Agent Shadow,Ars-Imago FE,1+1,200,7.0,5.95,6.3
Kosmo Foto Agent Shadow,Ars-Imago FE,1+1,400,8.5,7.22,7.65
Kosmo Foto Agent Shadow,Ars-Imago FE,1+1,800,10.0,8.5,9.0
Kosmo Foto Agent Shadow,Ars-Imago FE,1+3,200,10.0,8.5,9.0
Kosmo Foto Agent Shadow,Ars-Imago FE,1+3,400,12.5,10.62,11.25
Kosmo Foto Agent Shadow,Ars-Imago FE,1+3,800,14.0,11.9,12.6
Kosmo Foto Agent Shadow,Atomal 49,1+1,400,15.0,12.75,13.5
Kosmo Foto Agent Shadow,Bellini Hydrofen,1+15,400,4.0,3.4,3.6
Kosmo Foto Agent Shadow,Black/White & Green,1+49,400,16.25,13.81,14.62
Kosmo Foto Agent Shadow,Cawanol,stock,400,16.0,13.6,14.4
Kosmo Foto Agent Shadow,D-23,1+1,400,14.0,11.9,12.6
Kosmo Foto Agent Shadow,D-76,1+1,1600,22.0,18.7,19.8
Kosmo Foto Agent Shadow,D-76,1+1,400,14.0,11.9,12.6
Kosmo Foto Agent Shadow,D-76,1+1,800,17.0,14.45,15.3
Kosmo Foto Agent Shadow,D-76,1+3,400,28.0,23.8,25.2
Kosmo Foto Agent Shadow,D-76,stock,1000,14.5,12.32,13.05
Kosmo Foto Agent Shadow,D-76,stock,1600,20.0,17.0,18.0
Kosmo Foto Agent Shadow,D-76,stock,200,8.5,7.22,7.65
Kosmo Foto Agent Shadow,D-76,stock,320,8.75,7.44,7.88
Kosmo Foto Agent Shadow,D-76,stock,400,9.5,8.07,8.55
Kosmo Foto Agent Shadow,D-76,stock,50,5.5,4.67,4.95
Kosmo Foto Agent Shadow,D-76,stock,800,12.5,10.62,11.25
Kosmo Foto Agent Shadow,D-96,stock,400,7.5,6.38,6.75
Kosmo Foto Agent Shadow,DK-50,1+3,400,17.0,14.45,15.3
Kosmo Foto Agent Shadow,DK-50,stock,320,5.0,4.25,4.5
Kosmo Foto Agent Shadow,DK-50,stock,400,5.75,4.89,5.17
Kosmo Foto Agent Shadow,DK-76,1+1,800,17.0,14.45,15.3
Kosmo Foto Agent Shadow,Eco Pro,1+1,1600,18.0,15.3,16.2
Kosmo Foto Agent Shadow,Eco Pro,1+1,200,8.0,6.8,7.2
Kosmo Foto Agent Shadow,Eco Pro,1+1,3200,22.5,19.12,20.25
Kosmo Foto Agent Shadow,Eco Pro,1+1,400,12.0,10.2,10.8
Kosmo Foto Agent Shadow,Eco Pro,1+1,800,14.5,12.32,13.05
Kosmo Foto Agent Shadow,Eco Pro,1+2,400,15.0,12.75,13.5
Kosmo Foto Agent Shadow,Eco Pro,1+3,400,18.0,15.3,16.2
Kosmo Foto Agent Shadow,Eco Pro,stock,1600,13.0,11.05,11.7
Kosmo Foto Agent Shadow,Eco Pro,stock,3200,17.5,14.88,15.75
Kosmo Foto Agent Shadow,Eco Pro,stock,400,9.0,7.65,8.1
Kosmo Foto Agent Shadow,Eco Pro,stock,6400,21.0,17.85,18.9
Kosmo Foto Agent Shadow,Eco Pro,stock,800,10.5,8.92,9.45
Kosmo Foto Agent Shadow,F76+,1+9,400,7.0,5.95,6.3
Kosmo Foto Agent Shadow,FD10,1+9,400,12.0,10.2,10.8
Kosmo Foto Agent Shadow,Fomadon Excel,stock,6400,21.0,17.85,18.9
Kosmo Foto Agent Shadow,Fomadon LQN,1+10,400,10.0,8.5,9.0
Kosmo Foto Agent Shadow,FX-15,1+1,400,15.0,12.75,13.5
Kosmo Foto Agent Shadow,FX-15,1+1,500,16.0,13.6,14.4
Kosmo Foto Agent Shadow,HC-110,B,1600,12.0,10.2,10.8
Kosmo Foto Agent Shadow,HC-110,B,200,3.5,2.98,3.15
Kosmo Foto Agent Shadow,HC-110,D,400,7.5,6.38,6.75
Kosmo Foto Agent Shadow,HC-110,E,800,13.0,11.05,11.7
Kosmo Foto Agent Shadow,HC-110,F,200,10.75,9.14,9.68
Kosmo Foto Agent Shadow,HC-110,F,400,16.0,13.6,14.4
Kosmo Foto Agent Shadow,HC-110,H,200,10.0,8.5,9.0
Kosmo Foto Agent Shadow,HC-110,H,25,7.5,6.38,6.75
Kosmo Foto Agent Shadow,HC-110,H,50,8.5,7.22,7.65
Kosmo Foto Agent Shadow,ID-11,1+1,1600,22.0,18.7,19.8
Kosmo Foto Agent Shadow,ID-11,1+1,400,16.5,14.03,14.85
Kosmo Foto Agent Shadow,ID-11,1+1,800,20.5,17.43,18.45
Kosmo Foto Agent Shadow,ID-11,1+3,400,25.5,21.68,22.95
Kosmo Foto Agent Shadow,ID-11,stock,1000,14.5,12.32,13.05
Kosmo Foto Agent Shadow,ID-11,stock,1600,20.0,17.0,18.0
Kosmo Foto Agent Shadow,ID-11,stock,320,8.75,7.44,7.88
Kosmo Foto Agent Shadow,ID-11,stock,400,9.5,8.07,8.55
Kosmo Foto Agent Shadow,ID-11,stock,50,5.5,4.67,4.95
Kosmo Foto Agent Shadow,ID-11,stock,800,13.0,11.05,11.7
Kosmo Foto Agent Shadow,Ilford Multigrade,1+49,400,8.5,7.22,7.65
Kosmo Foto Agent Shadow,Ilfosol 3,1+14,400,11.0,9.35,9.9
Kosmo Foto Agent Shadow,Ilfosol 3,1+14,800,25.0,21.25,22.5
Kosmo Foto Agent Shadow,Ilfosol 3,1+9,400,6.5,5.52,5.85
Kosmo Foto Agent Shadow,Ilfosol 3,1+9,800,15.0,12.75,13.5
Kosmo Foto Agent Shadow,Ilfotec DD-X,1+4,1600,17.0,14.45,15.3
Kosmo Foto Agent Shadow,Ilfotec DD-X,1+4,400,11.5,9.78,10.35
Kosmo Foto Agent Shadow,Ilfotec DD-X,1+4,800,13.0,11.05,11.7
Kosmo Foto Agent Shadow,Ilfotec HC,1+15,400,4.5,3.82,4.05
Kosmo Foto Agent Shadow,Ilfotec HC,1+15,800,6.5,5.52,5.85
Kosmo Foto Agent Shadow,Ilfotec HC,1+31,400,8.0,6.8,7.2
Kosmo Foto Agent Shadow,Ilfotec HC,1+31,800,12.5,10.62,11.25
Kosmo Foto Agent Shadow,Ilfotec LC29,1+19,250,8.0,6.8,7.2
Kosmo Foto Agent Shadow,Ilfotec LC29,1+19,400,8.0,6.8,7.2
Kosmo Foto Agent Shadow,Ilfotec LC29,1+19,800,12.5,10.62,11.25
Kosmo Foto Agent Shadow,Ilfotec LC29,1+29,200,9.0,7.65,8.1
Kosmo Foto Agent Shadow,Ilfotec LC29,1+29,400,11.0,9.35,9.9
Kosmo Foto Agent Shadow,Ilfotec LC29,1+9,400,4.5,3.82,4.05
Kosmo Foto Agent Shadow,Ilfotec LC29,1+9,800,6.5,5.52,5.85
Kosmo Foto Agent Shadow,Microdol-X,1+3,400,30.0,25.5,27.0
Kosmo Foto Agent Shadow,Microphen,1+1,400,15.0,12.75,13.5
Kosmo Foto Agent Shadow,Microphen,1+1,800,19.0,16.15,17.1
Kosmo Foto Agent Shadow,Microphen,1+3,200,9.0,7.65,8.1
Kosmo Foto Agent Shadow,Microphen,stock,1600,12.0,10.2,10.8
Kosmo Foto Agent Shadow,Microphen,stock,400,8.0,6.8,7.2
Kosmo Foto Agent Shadow,Microphen,stock,800,10.0,8.5,9.0
Kosmo Foto Agent Shadow,Paranol S,1+25,400,14.0,11.9,12.6
Kosmo Foto Agent Shadow,Paranol S,1+50,400,35.0,29.75,31.5
Kosmo Foto Agent Shadow,PC-TEA,1+50,400,9.0,7.65,8.1
Kosmo Foto Agent Shadow,PC-TEA,1+50,800,17.0,14.45,15.3
Kosmo Foto Agent Shadow,Perceptol,1+1,320,23.0,19.55,20.7
Kosmo Foto Agent Shadow,Perceptol,1+2,320,30.0,25.5,27.0
Kosmo Foto Agent Shadow,Perceptol,stock,400,10.0,8.5,9.0
Kosmo Foto Agent Shadow,PMK,1+2+100,400,13.0,11.05,11.7
Kosmo Foto Agent Shadow,PQ Universal,1+19,400,5.5,4.67,4.95
Kosmo Foto Agent Shadow,Rodinal,1+100,1600,120.0,102.0,108.0
Kosmo Foto Agent Shadow,Rodinal,1+25,1600,25.0,21.25,22.5
Kosmo Foto Agent Shadow,Rodinal,1+25,400,7.5,6.38,6.75
Kosmo Foto Agent Shadow,Rodinal,1+25,800,9.0,7.65,8.1
Kosmo Foto Agent Shadow,Rodinal,1+50,100,13.0,11.05,11.7
Kosmo Foto Agent Shadow,Rodinal,1+50,200,15.0,12.75,13.5
Kosmo Foto Agent Shadow,Rodinal,1+50,400,17.5,14.88,15.75
Kosmo Foto Agent Shadow,Rodinal,1+50,50,10.5,8.92,9.45
Kosmo Foto Agent Shadow,Rodinal,1+50,800,19.0,16.15,17.1
Kosmo Foto Agent Shadow,Rollei Supergrain,1+15,400,7.5,6.38,6.75
Kosmo Foto Agent Shadow,Silberra Ascorol,1+29,400,10.0,8.5,9.0
Kosmo Foto Agent Shadow,SPD,1+1,400,10.5,8.92,9.45
Kosmo Foto Agent Shadow,SPD,1+3,640,30.0,25.5,27.0
Kosmo Foto Agent Shadow,Sprint Standard,1+9,400,11.5,9.78,10.35
Kosmo Foto Agent Shadow,Spur HRX,1+13,400,14.0,11.9,12.6
Kosmo Foto Agent Shadow,Spur SLD,1+14,400,15.0,12.75,13.5
Kosmo Foto Agent Shadow,Spur Speed-Major,1+11,800,11.0,9.35,9.9
Kosmo Foto Agent Shadow,Spur Speed-Major,1+20,500,11.0,9.35,9.9
Kosmo Foto Agent Shadow,Spur Speed-Major,1+24,400,9.0,7.65,8.1
Kosmo Foto Agent Shadow,Spur Speed-Major,1+7,1600,15.0,12.75,13.5
Kosmo Foto Agent Shadow,Spur Speed-Major,1+9,1000,13.0,11.05,11.7
Kosmo Foto Agent Shadow,Spur TRX 2000,1+24,400,13.5,11.47,12.15
Kosmo Foto Agent Shadow,Spur UFP,1+20,400,11.5,9.78,10.35
Kosmo Foto Agent Shadow,Studional,1+30,400,8.0,6.8,7.2
Kosmo Foto Agent Shadow,Suprol,1+19,400,5.5,4.67,4.95
Kosmo Foto Agent Shadow,TMax Dev,1+4,200,3.5,2.98,3.15
Kosmo Foto Agent Shadow,TMax Dev,1+4,400,5.5,4.67,4.95
Kosmo Foto Agent Shadow,TMax Dev,1+9,1600,18.0,15.3,16.2
Kosmo Foto Agent Shadow,TMax Dev,1+9,400,10.0,8.5,9.0
Kosmo Foto Agent Shadow,TMax RS,stock,400,6.5,5.52,5.85
Kosmo Foto Agent Shadow,Ultrafin,1+20,400,15.5,13.17,13.95
Kosmo Foto Agent Shadow,Ultrafin T-Plus,1+8,400,16.0,13.6,14.4
Kosmo Foto Agent Shadow,Uncle Mort's,1+9,400,10.0,8.5,9.0
Kosmo Foto Agent Shadow,XT-3,1+1,1600,18.0,15.3,16.2
Kosmo Foto Agent Shadow,XT-3,1+1,200,8.0,6.8,7.2
Kosmo Foto Agent Shadow,XT-3,1+1,400,12.0,10.2,10.8
Kosmo Foto Agent Shadow,XT-3,1+1,800,14.5,12.32,13.05
Kosmo Foto Agent Shadow,XT-3,1+2,400,15.0,12.75,13.5
Kosmo Foto Agent Shadow,XT-3,1+3,400,18.0,15.3,16.2
Kosmo Foto Agent Shadow,XT-3,stock,1600,13.0,11.05,11.7
Kosmo Foto Agent Shadow,XT-3,stock,3200,17.5,14.88,15.75
Kosmo Foto Agent Shadow,XT-3,stock,400,9.0,7.65,8.1
Kosmo Foto Agent Shadow,XT-3,stock,6400,21.0,17.85,18.9
Kosmo Foto Agent Shadow,XT-3,stock,800,10.5,8.92,9.45
Kosmo Foto Agent Shadow,Xtol,1+1,1600,18.0,15.3,16.2
Kosmo Foto Agent Shadow,Xtol,1+1,200,8.0,6.8,7.2
Kosmo Foto Agent Shadow,Xtol,1+1,3200,22.5,19.12,20.25
Kosmo Foto Agent Shadow,Xtol,1+1,400,12.0,10.2,10.8
Kosmo Foto Agent Shadow,Xtol,1+1,800,14.5,12.32,13.05
Kosmo Foto Agent Shadow,Xtol,1+2,400,15.0,12.75,13.5
Kosmo Foto Agent Shadow,Xtol,1+3,400,18.0,15.3,16.2
Kosmo Foto Agent Shadow,Xtol,stock,1600,13.0,11.05,11.7
Kosmo Foto Agent Shadow,Xtol,stock,3200,17.5,14.88,15.75
Kosmo Foto Agent Shadow,Xtol,stock,400,9.0,7.65,8.1
Kosmo Foto Agent Shadow,Xtol,stock,6400,21.0,17.85,18.9
Kosmo Foto Agent Shadow,Xtol,stock,800,10.5,8.92,9.45
Kosmo Foto Mono,510-Pyro,1+100,200,18.5,15.72,16.65
Kosmo Foto Mono,510-Pyro,1+100,80,10.5,8.92,9.45
Kosmo Foto Mono,Bellini FX6a Monobath,stock,100,9.0,7.65,8.1
Kosmo Foto Mono,HC-110,B,100,5.5,4.67,4.95
Kosmo Foto Mono,Ilfosol 3,1+9,100,5.0,4.25,4.5
Kosmo Foto Mono,Ilfotec DD-X,1+4,100,8.0,6.8,7.2
Kosmo Foto Mono,Marathon,1+9,100,6.0,5.1,5.4
Kosmo Foto Mono,Perceptol,stock,100,8.0,6.8,7.2
Kosmo Foto Mono,PMK,1+20,80,16.0,13.6,14.4
Kosmo Foto Mono,Rodinal,1+25,100,3.5,2.98,3.15
Kosmo Foto Mono,Rollei Supergrain,1+9,100,5.5,4.67,4.95
Kosmo Foto Mono,Studional,1+31,100,10.0,8.5,9.0
Kosmo Foto Mono,Ultrafin,1+20,100,7.5,6.38,6.75
Kosmo Foto Mono,Ultrafin T-Plus,1+4,100,4.5,3.82,4.05
Legacy Pro 100,Acufine,stock,100,3.0,2.55,2.7
Legacy Pro 100,Amaloco AM74,1+7,100,4.0,3.4,3.6
Legacy Pro 100,Amaloco AM74,1+7,200,6.5,5.52,5.85
Legacy Pro 100,Arista® Liquid,1+9,100,7.0,5.95,6.3
Legacy Pro 100,D-23,stock,100,9.0,7.65,8.1
Legacy Pro 100,D-76,1+1,100,10.5,8.92,9.45
Legacy Pro 100,D-76,stock,100,7.25,6.16,6.53
Legacy Pro 100,D-76,stock,200,10.0,8.5,9.0
Legacy Pro 100,DK-50,1+1,100,6.0,5.1,5.4
Legacy Pro 100,Eco Pro,1+1,100,9.5,8.07,8.55
Legacy Pro 100,Eco Pro,1+2,100,13.0,11.05,11.7
Legacy Pro 100,Eco Pro,1+3,100,14.0,11.9,12.6
Legacy Pro 100,Eco Pro,stock,100,8.0,6.8,7.2
Legacy Pro 100,FD10,1+14,100,10.0,8.5,9.0
Legacy Pro 100,FD10,1+14,100,16.0,13.6,14.4
Legacy Pro 100,FD10,1+9,100,7.0,5.95,6.3
Legacy Pro 100,FD10,1+9,100,9.0,7.65,8.1
Legacy Pro 100,Fuji Microfine,1+1,100,15.0,12.75,13.5
Legacy Pro 100,Fuji Microfine,stock,100,10.0,8.5,9.0
Legacy Pro 100,FX-19,stock,100,8.0,6.8,7.2
Legacy Pro 100,FX-39,1+19,100,11.0,9.35,9.9
Legacy Pro 100,FX-39,1+9,200,6.5,5.52,5.85
Legacy Pro 100,HC-110,B,100,5.5,4.67,4.95
Legacy Pro 100,HC-110,B,125,5.5,4.67,4.95
Legacy Pro 100,HC-110,B,80,4.5,3.82,4.05
Legacy Pro 100,ID-11,1+1,100,10.0,8.5,9.0
Legacy Pro 100,ID-11,stock,100,6.75,5.74,6.08
Legacy Pro 100,Ilfosol 3,1+14,80,7.0,5.95,6.3
Legacy Pro 100,Ilfosol 3,1+9,80,5.0,4.25,4.5
Legacy Pro 100,Ilfotec DD,stock,100,13.0,11.05,11.7
Legacy Pro 100,Ilfotec DD-X,1+4,100,9.0,7.65,8.1
Legacy Pro 100,Ilfotec DD-X,1+4,200,14.0,11.9,12.6
Legacy Pro 100,Ilfotec LC29,1+19,80,4.5,3.82,4.05
Legacy Pro 100,Ilfotec LC29,1+29,80,7.0,5.95,6.3
Legacy Pro 100,Microdol-X,stock,100,11.5,9.78,10.35
Legacy Pro 100,Microphen,stock,100,8.0,6.8,7.2
Legacy Pro 100,Neopress HC,1+31,100,3.5,2.98,3.15
Legacy Pro 100,Perceptol,stock,100,12.5,10.62,11.25
Legacy Pro 100,Perceptol,stock,50,12.5,10.62,11.25
Legacy Pro 100,Pyrocat-HD,1+1+100,100,18.0,15.3,16.2
Legacy Pro 100,Rodinal,1+25,100,7.0,5.95,6.3
Legacy Pro 100,Rodinal,1+50,100,13.5,11.47,12.15
Legacy Pro 100,Rodinal,1+50,80,11.5,9.78,10.35
Legacy Pro 100,SPD,1+1,80,6.5,5.52,5.85
Legacy Pro 100,SPD,stock,80,4.25,3.61,3.83
Legacy Pro 100,Sprint Standard,1+9,100,10.0,8.5,9.0
Legacy Pro 100,Suprol,1+19,100,5.0,4.25,4.5
Legacy Pro 100,Tanol,1+1+100,50,12.5,10.62,11.25
Legacy Pro 100,TMax Dev,1+4,100,5.5,4.67,4.95
Legacy Pro 100,TMax Dev,1+4,200,8.0,6.8,7.2
Legacy Pro 100,TMax RS,stock,100,5.25,4.46,4.73
Legacy Pro 100,Ultrafin,1+20,100,3.5,2.98,3.15
Legacy Pro 100,XT-3,1+1,100,9.5,8.07,8.55
Legacy Pro 100,XT-3,1+2,100,13.0,11.05,11.7
Legacy Pro 100,XT-3,1+3,100,14.0,11.9,12.6
Legacy Pro 100,XT-3,stock,100,8.0,6.8,7.2
Legacy Pro 100,Xtol,1+1,100,9.5,8.07,8.55
Legacy Pro 100,Xtol,1+2,100,13.0,11.05,11.7
Legacy Pro 100,Xtol,1+3,100,14.0,11.9,12.6
Legacy Pro 100,Xtol,stock,100,8.0,6.8,7.2
Legacy Pro 400,ACU-1,1+5,400,5.75,4.89,5.17
Legacy Pro 400,Acufine,stock,1600,7.0,5.95,6.3
Legacy Pro 400,Acufine,stock,400,3.25,2.76,2.93
Legacy Pro 400,Acufine,stock,800,4.5,3.82,4.05
Legacy Pro 400,Amaloco AM74,1+7,1600,7.5,6.38,6.75
Legacy Pro 400,Amaloco AM74,1+7,400,6.0,5.1,5.4
Legacy Pro 400,Amaloco AM74,1+7,800,6.75,5.74,6.08
Legacy Pro 400,Arista® Liquid,1+9,400,6.0,5.1,5.4
Legacy Pro 400,Arista® Premium,1+9,400,6.0,5.1,5.4
Legacy Pro 400,Beutler,1+1+8,320,15.0,12.75,13.5
Legacy Pro 400,D-23,stock,100,9.0,7.65,8.1
Legacy Pro 400,D-76,1+1,400,9.5,8.07,8.55
Legacy Pro 400,D-76,1+1,800,13.0,11.05,11.7
Legacy Pro 400,D-76,1+3,400,15.0,12.75,13.5
Legacy Pro 400,D-76,stock,1600,13.5,11.47,12.15
Legacy Pro 400,D-76,stock,250,6.5,5.52,5.85
Legacy Pro 400,D-76,stock,400,7.5,6.38,6.75
Legacy Pro 400,D-76,stock,800,8.75,7.44,7.88
Legacy Pro 400,Eco Pro,1+1,100,8.25,7.01,7.42
Legacy Pro 400,Eco Pro,1+1,1600,13.5,11.47,12.15
Legacy Pro 400,Eco Pro,1+1,200,8.25,7.01,7.42
Legacy Pro 400,Eco Pro,1+1,3200,16.5,14.03,14.85
Legacy Pro 400,Eco Pro,1+1,400,9.75,8.29,8.78
Legacy Pro 400,Eco Pro,1+1,800,11.5,9.78,10.35
Legacy Pro 400,Eco Pro,1+2,100,11.0,9.35,9.9
Legacy Pro 400,Eco Pro,1+2,1600,17.0,14.45,15.3
Legacy Pro 400,Eco Pro,1+2,200,11.0,9.35,9.9
Legacy Pro 400,Eco Pro,1+2,3200,20.5,17.43,18.45
Legacy Pro 400,Eco Pro,1+2,400,12.5,10.62,11.25
Legacy Pro 400,Eco Pro,1+2,800,14.5,12.32,13.05
Legacy Pro 400,Eco Pro,1+3,100,13.5,11.47,12.15
Legacy Pro 400,Eco Pro,1+3,1600,22.5,19.12,20.25
Legacy Pro 400,Eco Pro,1+3,200,13.5,11.47,12.15
Legacy Pro 400,Eco Pro,1+3,3200,26.0,22.1,23.4
Legacy Pro 400,Eco Pro,1+3,400,15.75,13.39,14.18
Legacy Pro 400,Eco Pro,1+3,800,18.5,15.72,16.65
Legacy Pro 400,Eco Pro,stock,100,7.5,6.38,6.75
Legacy Pro 400,Eco Pro,stock,1600,11.5,9.78,10.35
Legacy Pro 400,Eco Pro,stock,200,7.5,6.38,6.75
Legacy Pro 400,Eco Pro,stock,3200,13.5,11.47,12.15
Legacy Pro 400,Eco Pro,stock,400,8.25,7.01,7.42
Legacy Pro 400,Eco Pro,stock,800,9.75,8.29,8.78
Legacy Pro 400,Extend Plus,1+15,400,9.0,7.65,8.1
Legacy Pro 400,F76+,1+9,400,6.0,5.1,5.4
Legacy Pro 400,FD10,1+14,400,13.0,11.05,11.7
Legacy Pro 400,FD10,1+14,400,17.0,14.45,15.3
Legacy Pro 400,FD10,1+4,1600,23.0,19.55,20.7
Legacy Pro 400,FD10,1+9,400,6.0,5.1,5.4
Legacy Pro 400,FD10,1+9,400,9.0,7.65,8.1
Legacy Pro 400,Fomadon Excel,stock,400,6.5,5.52,5.85
Legacy Pro 400,Fomadon R09,1+100,400,50.0,42.5,45.0
Legacy Pro 400,FX-19,stock,100,8.0,6.8,7.2
Legacy Pro 400,FX-37,1+3,?,6.0,5.1,5.4
Legacy Pro 400,FX-39,1+9,400,10.0,8.5,9.0
Legacy Pro 400,HC-110,B,1600,12.0,10.2,10.8
Legacy Pro 400,HC-110,B,400,5.0,4.25,4.5
Legacy Pro 400,HC-110,B,800,7.25,6.16,6.53
Legacy Pro 400,HC-110,F,400,19.25,16.36,17.32
Legacy Pro 400,ID-11,1+1,400,9.5,8.07,8.55
Legacy Pro 400,ID-11,1+1,800,13.0,11.05,11.7
Legacy Pro 400,ID-11,1+3,400,15.0,12.75,13.5
Legacy Pro 400,ID-11,stock,1600,13.5,11.47,12.15
Legacy Pro 400,ID-11,stock,250,6.5,5.52,5.85
Legacy Pro 400,ID-11,stock,400,7.5,6.38,6.75
Legacy Pro 400,ID-11,stock,800,8.75,7.44,7.88
Legacy Pro 400,Ilfosol 3,1+14,250,8.0,6.8,7.2
Legacy Pro 400,Ilfosol 3,1+14,400,9.5,8.07,8.55
Legacy Pro 400,Ilfosol 3,1+9,100,4.0,3.4,3.6
Legacy Pro 400,Ilfosol 3,1+9,400,6.5,5.52,5.85
Legacy Pro 400,Ilfosol 3,1+9,800,9.5,8.07,8.55
Legacy Pro 400,Ilfotec DD-X,1+4,1600,13.0,11.05,11.7
Legacy Pro 400,Ilfotec DD-X,1+4,400,7.0,5.95,6.3
Legacy Pro 400,Ilfotec DD-X,1+4,800,10.0,8.5,9.0
Legacy Pro 400,Ilfotec HC,1+31,400,6.0,5.1,5.4
Legacy Pro 400,Ilfotec LC29,1+19,400,6.0,5.1,5.4
Legacy Pro 400,Ilfotec LC29,1+29,400,8.0,6.8,7.2
Legacy Pro 400,Marathon,1+9,100,4.25,3.61,3.83
Legacy Pro 400,Microdol-X,stock,200,8.5,7.22,7.65
Legacy Pro 400,Microdol-X,stock,400,10.0,8.5,9.0
Legacy Pro 400,Microphen,1+1,400,7.0,5.95,6.3
Legacy Pro 400,Microphen,1+3,400,9.0,7.65,8.1
Legacy Pro 400,Microphen,stock,1600,8.5,7.22,7.65
Legacy Pro 400,Microphen,stock,3200,16.0,13.6,14.4
Legacy Pro 400,Microphen,stock,400,4.5,3.82,4.05
Legacy Pro 400,Microphen,stock,800,5.75,4.89,5.17
Legacy Pro 400,Neofin Blue,stock,400,20.0,17.0,18.0
Legacy Pro 400,Neopress HC,1+15,1600,4.5,3.82,4.05
Legacy Pro 400,Neopress HC,1+15,400,3.5,2.98,3.15
Legacy Pro 400,Neopress HC,1+15,800,3.0,2.55,2.7
Legacy Pro 400,Neopress HC,1+31,400,5.5,4.67,4.95
Legacy Pro 400,Nucleol BF200,20+15+965,400,10.0,8.5,9.0
Legacy Pro 400,Ornano Gradual ST20,1+9,400,12.0,10.2,10.8
Legacy Pro 400,Perceptol,1+1,400,18.0,15.3,16.2
Legacy Pro 400,Perceptol,1+3,400,23.0,19.55,20.7
Legacy Pro 400,Perceptol,stock,400,14.0,11.9,12.6
Legacy Pro 400,Promicrol,1+14,600,19.0,16.15,17.1
Legacy Pro 400,Promicrol,1+14,800,19.0,16.15,17.1
Legacy Pro 400,Promicrol,1+9,600,12.0,10.2,10.8
Legacy Pro 400,Promicrol,1+9,800,12.0,10.2,10.8
Legacy Pro 400,Rodinal,1+100,200,15.0,12.75,13.5
Legacy Pro 400,Rodinal,1+100,250,20.0,17.0,18.0
Legacy Pro 400,Rodinal,1+25,1600,10.0,8.5,9.0
Legacy Pro 400,Rodinal,1+25,250,4.5,3.82,4.05
Legacy Pro 400,Rodinal,1+25,400,6.0,5.1,5.4
Legacy Pro 400,Rodinal,1+50,400,11.0,9.35,9.9
Legacy Pro 400,SPD,1+1,400,7.0,5.95,6.3
Legacy Pro 400,SPD,stock,1600,9.0,7.65,8.1
Legacy Pro 400,SPD,stock,3200,16.0,13.6,14.4
Legacy Pro 400,SPD,stock,400,4.25,3.61,3.83
Legacy Pro 400,SPD,stock,800,5.75,4.89,5.17
Legacy Pro 400,Sprint Standard,1+9,400,8.5,7.22,7.65
Legacy Pro 400,Spur SLD,1+9,400,3.5,2.98,3.15
Legacy Pro 400,Studional,1+15,200,4.0,3.4,3.6
Legacy Pro 400,Studional,1+15,320,3.0,2.55,2.7
Legacy Pro 400,Studional,1+15,400,6.0,5.1,5.4
Legacy Pro 400,Studional,1+30,400,10.5,8.92,9.45
Legacy Pro 400,Suprol,1+19,400,4.75,4.04,4.28
Legacy Pro 400,Tanol,1+1+100,200,14.0,11.9,12.6
Legacy Pro 400,TMax Dev,1+4,1600,10.0,8.5,9.0
Legacy Pro 400,TMax Dev,1+4,400,6.0,5.1,5.4
Legacy Pro 400,TMax Dev,1+4,800,7.25,6.16,6.53
Legacy Pro 400,TMax RS,stock,1600,9.5,8.07,8.55
Legacy Pro 400,TMax RS,stock,400,5.5,4.67,4.95
Legacy Pro 400,TMax RS,stock,800,6.5,5.52,5.85
Legacy Pro 400,Ultrafin,1+10,400,9.0,7.65,8.1
Legacy Pro 400,Ultrafin,1+25,400,14.0,11.9,12.6
Legacy Pro 400,XT-3,1+1,100,8.25,7.01,7.42
Legacy Pro 400,XT-3,1+1,1600,13.5,11.47,12.15
Legacy Pro 400,XT-3,1+1,200,8.25,7.01,7.42
Legacy Pro 400,XT-3,1+1,3200,16.5,14.03,14.85
Legacy Pro 400,XT-3,1+1,400,9.75,8.29,8.78
Legacy Pro 400,XT-3,1+1,800,11.5,9.78,10.35
Legacy Pro 400,XT-3,1+2,100,11.0,9.35,9.9
Legacy Pro 400,XT-3,1+2,1600,17.0,14.45,15.3
Legacy Pro 400,XT-3,1+2,200,11.0,9.35,9.9
Legacy Pro 400,XT-3,1+2,3200,20.5,17.43,18.45
Legacy Pro 400,XT-3,1+2,400,12.5,10.62,11.25
Legacy Pro 400,XT-3,1+2,800,14.5,12.32,13.05
Legacy Pro 400,XT-3,1+3,100,13.5,11.47,12.15
Legacy Pro 400,XT-3,1+3,1600,22.5,19.12,20.25
Legacy Pro 400,XT-3,1+3,200,13.5,11.47,12.15
Legacy Pro 400,XT-3,1+3,3200,26.0,22.1,23.4
Legacy Pro 400,XT-3,1+3,400,15.75,13.39,14.18
Legacy Pro 400,XT-3,1+3,800,18.5,15.72,16.65
Legacy Pro 400,XT-3,stock,100,7.5,6.38,6.75
Legacy Pro 400,XT-3,stock,1600,11.5,9.78,10.35
Legacy Pro 400,XT-3,stock,200,7.5,6.38,6.75
Legacy Pro 400,XT-3,stock,3200,13.5,11.47,12.15
Legacy Pro 400,XT-3,stock,400,8.25,7.01,7.42
Legacy Pro 400,XT-3,stock,800,9.75,8.29,8.78
Legacy Pro 400,Xtol,1+1,100,8.25,7.01,7.42
Legacy Pro 400,Xtol,1+1,1600,13.5,11.47,12.15
Legacy Pro 400,Xtol,1+1,200,8.25,7.01,7.42
Legacy Pro 400,Xtol,1+1,3200,16.5,14.03,14.85
Legacy Pro 400,Xtol,1+1,400,9.75,8.29,8.78
Legacy Pro 400,Xtol,1+1,800,11.5,9.78,10.35
Legacy Pro 400,Xtol,1+2,100,11.0,9.35,9.9
Legacy Pro 400,Xtol,1+2,1600,17.0,14.45,15.3
Legacy Pro 400,Xtol,1+2,200,11.0,9.35,9.9
Legacy Pro 400,Xtol,1+2,3200,20.5,17.43,18.45
Legacy Pro 400,Xtol,1+2,400,12.5,10.62,11.25
Legacy Pro 400,Xtol,1+2,800,14.5,12.32,13.05
Legacy Pro 400,Xtol,1+3,100,13.5,11.47,12.15
Legacy Pro 400,Xtol,1+3,1600,22.5,19.12,20.25
Legacy Pro 400,Xtol,1+3,200,13.5,11.47,12.15
Legacy Pro 400,Xtol,1+3,3200,26.0,22.1,23.4
Legacy Pro 400,Xtol,1+3,400,15.75,13.39,14.18
Legacy Pro 400,Xtol,1+3,800,18.5,15.72,16.65
Legacy Pro 400,Xtol,stock,100,7.5,6.38,6.75
Legacy Pro 400,Xtol,stock,1600,11.5,9.78,10.35
Legacy Pro 400,Xtol,stock,200,7.5,6.38,6.75
Legacy Pro 400,Xtol,stock,3200,13.5,11.47,12.15
Legacy Pro 400,Xtol,stock,400,8.25,7.01,7.42
Legacy Pro 400,Xtol,stock,800,9.75,8.29,8.78
Lomography Babylon Kino,D-96,stock,13,10.0,8.5,9.0
Lomography Babylon Kino,HC-110,B,13,8.5,7.22,7.65
Lomography Babylon Kino,Ilfosol 3,1+9,13,12.0,10.2,10.8
Lomography Babylon Kino,Microphen,stock,12,9.0,7.65,8.1
Lomography Babylon Kino,Rodinal,1+50,13,9.0,7.65,8.1
Lomography Berlin Kino,Bellini Hydrofen,1+29,800,18.0,15.3,16.2
Lomography Berlin Kino,Caffenol C-L (cs),stock,400,70.0,59.5,63.0
Lomography Berlin Kino,D-76,stock,400,9.75,8.29,8.78
Lomography Berlin Kino,HC-110,B,400,7.0,5.95,6.3
Lomography Berlin Kino,ID-11,stock,400,9.5,8.07,8.55
Lomography Berlin Kino,Ilfosol 3,1+9,320,6.5,5.52,5.85
Lomography Berlin Kino,Ilfosol 3,1+9,400,8.75,7.44,7.88
Lomography Berlin Kino,Ilfotec DD-X,1+4,400,8.0,6.8,7.2
Lomography Berlin Kino,Microphen,stock,400,7.25,6.16,6.53
Lomography Berlin Kino,Rodinal,1+50,400,13.5,11.47,12.15
Lomography Berlin Kino,Sprint Standard,1+9,400,10.0,8.5,9.0
Lomography Berlin Kino,Spur HRX,1+17,100,9.45,8.03,8.5
Lomography Berlin Kino,Ultrafin T-Plus,1+4,400,4.5,3.82,4.05
Lomography Berlin Kino,XT-3,1+1,400,12.75,10.84,11.47
Lomography Berlin Kino,Xtol,1+1,400,12.75,10.84,11.47
Lomography Earl Grey,510-Pyro,1+100,200,18.5,15.72,16.65
Lomography Earl Grey,510-Pyro,1+100,80,10.5,8.92,9.45
Lomography Earl Grey,Ars-Imago FE,1+1,100,6.0,5.1,5.4
Lomography Earl Grey,Black/White & Green,1+49,100,11.0,9.35,9.9
Lomography Earl Grey,Caffenol Delta STD,stock,100,14.0,11.9,12.6
Lomography Earl Grey,D-72,stock,100,4.0,3.4,3.6
Lomography Earl Grey,D-76,1+1,100,9.0,7.65,8.1
Lomography Earl Grey,D-76,1+3,100,13.0,11.05,11.7
Lomography Earl Grey,D-76,stock,100,6.0,5.1,5.4
Lomography Earl Grey,Eco Pro,1+2,100,9.0,7.65,8.1
Lomography Earl Grey,Eco Pro,stock,100,5.0,4.25,4.5
Lomography Earl Grey,F76+,1+9,400,7.0,5.95,6.3
Lomography Earl Grey,Fomadon LQR,1+10,100,6.0,5.1,5.4
Lomography Earl Grey,HC-110,B,100,6.5,5.52,5.85
Lomography Earl Grey,HC-110,B,200,12.0,10.2,10.8
Lomography Earl Grey,ID-11,1+1,100,9.0,7.65,8.1
Lomography Earl Grey,ID-11,1+3,100,13.0,11.05,11.7
Lomography Earl Grey,ID-11,stock,100,6.0,5.1,5.4
Lomography Earl Grey,Ilfosol 3,1+14,100,6.0,5.1,5.4
Lomography Earl Grey,Ilfosol 3,1+9,100,5.0,4.25,4.5
Lomography Earl Grey,Microphen,1+1,100,9.0,7.65,8.1
Lomography Earl Grey,Microphen,stock,100,6.0,5.1,5.4
Lomography Earl Grey,Rodinal,1+12,100,2.0,1.7,1.8
Lomography Earl Grey,Rodinal,1+25,100,4.0,3.4,3.6
Lomography Earl Grey,Rodinal,1+50,100,8.0,6.8,7.2
Lomography Earl Grey,TMax Dev,1+4,100,6.0,5.1,5.4
Lomography Earl Grey,TMax RS,stock,100,6.0,5.1,5.4
Lomography Earl Grey,Ultrafin,1+20,100,7.0,5.95,6.3
Lomography Earl Grey,XT-3,1+1,100,8.0,6.8,7.2
Lomography Earl Grey,XT-3,1+2,100,9.0,7.65,8.1
Lomography Earl Grey,XT-3,stock,100,5.0,4.25,4.5
Lomography Earl Grey,Xtol,1+2,100,9.0,7.65,8.1
Lomography Earl Grey,Xtol,stock,100,5.0,4.25,4.5
Lomography Fantome Kino,510-Pyro,1+100,8,7.5,6.38,6.75
Lomography Fantome Kino,D-76,stock,8,6.0,5.1,5.4
Lomography Fantome Kino,D-96,stock,8,6.5,5.52,5.85
Lomography Fantome Kino,HC-110,B,8,7.0,5.95,6.3
Lomography Fantome Kino,Ilfosol 3,1+9,50,18.0,15.3,16.2
Lomography Fantome Kino,Ilfosol 3,1+9,8,10.5,8.92,9.45
Lomography Fantome Kino,Ilfotec HC,1+31,8,8.0,6.8,7.2
Lomography Fantome Kino,Ilfotec HC,1+63,8,14.0,11.9,12.6
Lomography Fantome Kino,Ilfotec LC29,1+29,8,12.0,10.2,10.8
Lomography Fantome Kino,Rodinal,1+50,8,8.0,6.8,7.2
Lomography Lady Grey,510-Pyro,1+100,200,17.0,14.45,15.3
Lomography Lady Grey,510-Pyro,1+100,400,23.0,19.55,20.7
Lomography Lady Grey,Acurol-N,1+32,400,13.0,11.05,11.7
Lomography Lady Grey,Adox HR-DEV,1+30,400,6.0,5.1,5.4
Lomography Lady Grey,Arista® Premium,1+9,400,7.0,5.95,6.3
Lomography Lady Grey,Ars-Imago FD,1+9,400,7.0,5.95,6.3
Lomography Lady Grey,Bellini Hydrofen,1+39,200,8.0,6.8,7.2
Lomography Lady Grey,Black/White & Green,1+49,400,12.0,10.2,10.8
Lomography Lady Grey,D-23,1+1,400,10.0,8.5,9.0
Lomography Lady Grey,D-23,stock,400,7.0,5.95,6.3
Lomography Lady Grey,D-76,1+1,400,10.25,8.71,9.22
Lomography Lady Grey,D-76,stock,400,7.5,6.38,6.75
Lomography Lady Grey,Eco Pro,1+3,400,13.0,11.05,11.7
Lomography Lady Grey,Eco Pro,stock,400,6.5,5.52,5.85
Lomography Lady Grey,FX-39,1+9,400,14.0,11.9,12.6
Lomography Lady Grey,HC-110,B,400,5.5,4.67,4.95
Lomography Lady Grey,ID-11,1+1,400,10.25,8.71,9.22
Lomography Lady Grey,ID-11,stock,400,7.5,6.38,6.75
Lomography Lady Grey,Ilfosol 3,1+9,400,6.5,5.52,5.85
Lomography Lady Grey,Ilfotec HC,1+31,400,6.0,5.1,5.4
Lomography Lady Grey,Microphen,stock,400,7.0,5.95,6.3
Lomography Lady Grey,Neofin Blue,stock,400,12.0,10.2,10.8
Lomography Lady Grey,Rodinal,1+25,400,5.0,4.25,4.5
Lomography Lady Grey,Rodinal,1+50,400,10.0,8.5,9.0
Lomography Lady Grey,Sprint Standard,1+9,400,6.5,5.52,5.85
Lomography Lady Grey,Spur TRX 2000,1+30,400,11.0,9.35,9.9
Lomography Lady Grey,TMax Dev,1+4,400,5.0,4.25,4.5
Lomography Lady Grey,TMax RS,stock,400,6.0,5.1,5.4
Lomography Lady Grey,XT-3,1+3,400,13.0,11.05,11.7
Lomography Lady Grey,XT-3,stock,400,6.5,5.52,5.85
Lomography Lady Grey,Xtol,1+1,400,8.25,7.01,7.42
Lomography Lady Grey,Xtol,1+3,400,13.0,11.05,11.7
Lomography Lady Grey,Xtol,stock,400,6.5,5.52,5.85
Lomography Orca 110,510-Pyro,1+100,100,7.75,6.59,6.98
Lomography Orca 110,Caffenol C-M,stock,100,16.0,13.6,14.4
Lomography Orca 110,D-76,1+1,100,7.0,5.95,6.3
Lomography Orca 110,Eco Pro,1+1,100,7.0,5.95,6.3
Lomography Orca 110,FX-1,1+1+8,100,9.0,7.65,8.1
Lomography Orca 110,HC-110,A,100,7.0,5.95,6.3
Lomography Orca 110,HC-110,B,100,8.25,7.01,7.42
Lomography Orca 110,HC-110,J,100,18.0,15.3,16.2
Lomography Orca 110,HC-110,J,80,18.0,15.3,16.2
Lomography Orca 110,ID-11,1+1,100,7.0,5.95,6.3
Lomography Orca 110,Ilfosol 3,1+9,100,5.0,4.25,4.5
Lomography Orca 110,Ilfotec DD-X,1+9,100,16.0,13.6,14.4
Lomography Orca 110,Ilfotec LC29,1+19,100,5.5,4.67,4.95
Lomography Orca 110,PMK,5+10+100,100,7.0,5.95,6.3
Lomography Orca 110,Pyrocat-HD,1+1+100,100,10.0,8.5,9.0
Lomography Orca 110,Pyrocat-HD,1+1+200,100,40.0,34.0,36.0
Lomography Orca 110,Rodinal,1+100,100,25.0,21.25,22.5
Lomography Orca 110,Rodinal,1+50,100,9.0,7.65,8.1
Lomography Orca 110,XT-3,1+1,100,7.0,5.95,6.3
Lomography Orca 110,XT-3,stock,100,6.25,5.31,5.62
Lomography Orca 110,Xtol,1+1,100,7.0,5.95,6.3
Lomography Orca 110,Xtol,stock,100,6.25,5.31,5.62
Lomography Potsdam Kino,510-Pyro,1+100,100,5.25,4.46,4.73
Lomography Potsdam Kino,510-Pyro,1+100,100,12.5,10.62,11.25
Lomography Potsdam Kino,Acurol-N,1+60,100,11.0,9.35,9.9
Lomography Potsdam Kino,Ars-Imago FE,1+1,100,6.5,5.52,5.85
Lomography Potsdam Kino,Bellini Hydrofen,1+39,100,5.0,4.25,4.5
Lomography Potsdam Kino,Black/White & Green,1+49,100,8.25,7.01,7.42
Lomography Potsdam Kino,D-76,1+1,100,7.0,5.95,6.3
Lomography Potsdam Kino,D-76,1+3,100,12.5,10.62,11.25
Lomography Potsdam Kino,D-76,stock,100,5.5,4.67,4.95
Lomography Potsdam Kino,Eco Pro,1+1,100,8.0,6.8,7.2
Lomography Potsdam Kino,Eco Pro,stock,100,6.0,5.1,5.4
Lomography Potsdam Kino,HC-110,E,100,6.0,5.1,5.4
Lomography Potsdam Kino,HC-110,G,100,65.0,55.25,58.5
Lomography Potsdam Kino,ID-11,1+1,100,7.0,5.95,6.3
Lomography Potsdam Kino,ID-11,1+3,100,12.5,10.62,11.25
Lomography Potsdam Kino,ID-11,stock,100,5.5,4.67,4.95
Lomography Potsdam Kino,Ilfosol 3,1+9,100,6.0,5.1,5.4
Lomography Potsdam Kino,Ilfosol 3,1+9,400,12.5,10.62,11.25
Lomography Potsdam Kino,Ilfotec DD-X,1+4,100,9.0,7.65,8.1
Lomography Potsdam Kino,Rodinal,1+100,100,60.0,51.0,54.0
Lomography Potsdam Kino,Rodinal,1+25,100,7.0,5.95,6.3
Lomography Potsdam Kino,Rodinal,1+50,100,9.5,8.07,8.55
Lomography Potsdam Kino,Sprint Standard,1+9,100,8.0,6.8,7.2
Lomography Potsdam Kino,Spur HRX,1+17,100,9.75,8.29,8.78
Lomography Potsdam Kino,Spur TRX 2000,1+32,100,13.0,11.05,11.7
Lomography Potsdam Kino,TMax Dev,1+9,100,13.5,11.47,12.15
Lomography Potsdam Kino,XT-3,1+1,100,7.5,6.38,6.75
Lomography Potsdam Kino,XT-3,stock,100,6.0,5.1,5.4
Lomography Potsdam Kino,Xtol,1+1,100,7.5,6.38,6.75
Lomography Potsdam Kino,Xtol,stock,100,6.0,5.1,5.4
Lucky 1021,D-76,stock,100,7.0,5.95,6.3
Lucky 1021,D-76,stock,160,9.0,7.65,8.1
Lucky 1023,510-Pyro,1+100,160,11.0,9.35,9.9
Lucky 1023,D-76,1+1,100,9.5,8.07,8.55
Lucky 1023,D-76,1+1,200,11.5,9.78,10.35
Lucky 1023,D-76,stock,100,7.0,5.95,6.3
Lucky 1023,D-76,stock,200,9.0,7.65,8.1
Lucky 1023,HC-110,B,200,6.25,5.31,5.62
Lucky 1023,PC-TEA,1+25,100,7.0,5.95,6.3
Lucky 1023,PC-TEA,1+25,200,10.0,8.5,9.0
Lucky 1023,Rodinal,1+50,200,11.0,9.35,9.9
Lucky 1025,D-76,stock,50,7.5,6.38,6.75
Lucky 1025,HC-110,B,50,4.0,3.4,3.6
Lucky 1025,Rodinal,1+50,50,8.0,6.8,7.2
Lucky 1025,Xtol,1+1,50,7.0,5.95,6.3
Lucky Aerial Film 1021,510-Pyro,1+100,200,11.0,9.35,9.9
Lucky Aerial Film 1023,Rodinal,1+50,400,30.0,25.5,27.0
Lucky New SHD 100,D-76,1+1,100,12.0,10.2,10.8
Lucky New SHD 100,Eco Pro,1+2,100,16.0,13.6,14.4
Lucky New SHD 100,FX-2,1+1+15,100,12.0,10.2,10.8
Lucky New SHD 100,FX-39,1+9,100,6.0,5.1,5.4
Lucky New SHD 100,HC-110,1+31,100,6.0,5.1,5.4
Lucky New SHD 100,HC-110,E,100,6.0,5.1,5.4
Lucky New SHD 100,ID-11,1+1,100,12.0,10.2,10.8
Lucky New SHD 100,Ilfotec DD-X,1+4,100,9.0,7.65,8.1
Lucky New SHD 100,Ilfotec DD-X,1+9,100,11.0,9.35,9.9
Lucky New SHD 100,Ilfotec LC29,1+29,100,10.0,8.5,9.0
Lucky New SHD 100,Lucky HB-17,1+12,100,8.0,6.8,7.2
Lucky New SHD 100,Pyrocat-HD,1+1+100,100,15.0,12.75,13.5
Lucky New SHD 100,Rodinal,1+25,100,6.5,5.52,5.85
Lucky New SHD 100,Rodinal,1+50,100,10.0,8.5,9.0
Lucky New SHD 100,XT-3,1+2,100,16.0,13.6,14.4
Lucky New SHD 100,Xtol,1+1,100,9.5,8.07,8.55
Lucky New SHD 100,Xtol,1+2,100,16.0,13.6,14.4
Lucky New SHD 400,D-76,stock,1600,20.0,17.0,18.0
Lucky New SHD 400,D-76,stock,400,9.0,7.65,8.1
Lucky New SHD 400,D-76,stock,800,11.5,9.78,10.35
Lucky New SHD 400,Ilfotec DD-X,1+4,1600,23.0,19.55,20.7
Lucky New SHD 400,Ilfotec DD-X,1+4,200,6.0,5.1,5.4
Lucky New SHD 400,Ilfotec DD-X,1+4,400,9.5,8.07,8.55
Lucky New SHD 400,Ilfotec DD-X,1+4,800,15.0,12.75,13.5
Lucky New SHD 400,Kalogen,1+50,200,11.0,9.35,9.9
Lucky SHD 100,Acufine,stock,100,3.5,2.98,3.15
Lucky SHD 100,Amaloco AM74,1+9,200,6.0,5.1,5.4
Lucky SHD 100,Atomal 49,1+1,100,10.0,8.5,9.0
Lucky SHD 100,D-76,1+1,100,12.0,10.2,10.8
Lucky SHD 100,Dektol,1+10,400,5.0,4.25,4.5
Lucky SHD 100,DK-50,1+1,100,9.25,7.86,8.33
Lucky SHD 100,Eco Pro,1+1,200,12.0,10.2,10.8
Lucky SHD 100,Eco Pro,2+3,100,8.0,6.8,7.2
Lucky SHD 100,Fomadon LQN,1+10,100,9.0,7.65,8.1
Lucky SHD 100,FX-1,1+1+8,100,13.0,11.05,11.7
Lucky SHD 100,HC-110,B,100,7.0,5.95,6.3
Lucky SHD 100,HC-110,B,125,6.0,5.1,5.4
Lucky SHD 100,HC-110,B,400,7.0,5.95,6.3
Lucky SHD 100,Ilfosol 3,1+14,100,7.5,6.38,6.75
Lucky SHD 100,Lucky HB-17,1+12,100,6.0,5.1,5.4
Lucky SHD 100,Lucky HB-17,1+16,100,7.0,5.95,6.3
Lucky SHD 100,Lucky HB-17,1+19,100,8.0,6.8,7.2
Lucky SHD 100,Lucky HB-17,1+22,100,8.75,7.44,7.88
Lucky SHD 100,Lucky HB-17,1+25,100,9.5,8.07,8.55
Lucky SHD 100,Microphen,1+1,100,10.0,8.5,9.0
Lucky SHD 100,Microphen,stock,100,8.0,6.8,7.2
Lucky SHD 100,Pyrocat-M,1+1+100,100,15.0,12.75,13.5
Lucky SHD 100,Rodinal,1+200,100,120.0,102.0,108.0
Lucky SHD 100,Rodinal,1+25,100,6.5,5.52,5.85
Lucky SHD 100,Rodinal,1+25,100,7.0,5.95,6.3
Lucky SHD 100,Rodinal,1+25,200,9.5,8.07,8.55
Lucky SHD 100,Rodinal,1+50,100,12.0,10.2,10.8
Lucky SHD 100,TMax Dev,1+4,100,9.0,7.65,8.1
Lucky SHD 100,TMax RS,1+4,100,6.5,5.52,5.85
Lucky SHD 100,XT-3,1+1,200,12.0,10.2,10.8
Lucky SHD 100,XT-3,2+3,100,8.0,6.8,7.2
Lucky SHD 100,Xtol,1+1,200,12.0,10.2,10.8
Lucky SHD 100,Xtol,2+3,100,8.0,6.8,7.2
Lucky SHD 400,D-76,1+1,1250,22.0,18.7,19.8
Lucky SHD 400,D-76,1+1,200,10.5,8.92,9.45
Lucky SHD 400,D-76,stock,200,8.75,7.44,7.88
Lucky SHD 400,D-76,stock,200,7.0,5.95,6.3
Lucky SHD 400,D-76,stock,400,9.0,7.65,8.1
Lucky SHD 400,D-96,stock,200,8.0,6.8,7.2
Lucky SHD 400,Eco Pro,1+1,400,6.5,5.52,5.85
Lucky SHD 400,FX-39,1+9,400,11.0,9.35,9.9
Lucky SHD 400,HC-110,1+31,200,6.0,5.1,5.4
Lucky SHD 400,HC-110,B,400,7.0,5.95,6.3
Lucky SHD 400,HC-110,G,400,60.0,51.0,54.0
Lucky SHD 400,Ilfosol 3,1+9,400,7.5,6.38,6.75
Lucky SHD 400,Ilfotec DD-X,1+4,200,12.0,10.2,10.8
Lucky SHD 400,Ilfotec DD-X,1+4,400,9.5,8.07,8.55
Lucky SHD 400,Ilfotec HC,1+31,200,10.5,8.92,9.45
Lucky SHD 400,Ilfotec HC,1+31,400,13.5,11.47,12.15
Lucky SHD 400,Ilfotec LC29,1+19,400,6.5,5.52,5.85
Lucky SHD 400,Lucky HB-17,1+12,400,9.25,7.86,8.33
Lucky SHD 400,Lucky HB-17,1+16,400,14.0,11.9,12.6
Lucky SHD 400,Lucky HB-17,1+19,400,15.25,12.96,13.72
Lucky SHD 400,Lucky HB-17,1+9,400,7.75,6.59,6.98
Lucky SHD 400,Microphen,1+3,400,18.0,15.3,16.2
Lucky SHD 400,Ornano Gradual ST20,1+9,400,13.5,11.47,12.15
Lucky SHD 400,Rodinal,1+25,400,7.0,5.95,6.3
Lucky SHD 400,Rodinal,1+50,400,15.0,12.75,13.5
Lucky SHD 400,Rodinal,1+50,800,60.0,51.0,54.0
Lucky SHD 400,SPD,stock,400,8.0,6.8,7.2
Lucky SHD 400,Spur SLD,1+9,400,4.5,3.82,4.05
Lucky SHD 400,Tanol,1+1+100,250,18.5,15.72,16.65
Lucky SHD 400,XT-3,1+1,400,6.5,5.52,5.85
Lucky SHD 400,Xtol,1+1,200,8.5,7.22,7.65
Lucky SHD 400,Xtol,1+1,400,14.0,11.9,12.6
Lucky SHD 400,Xtol,1+1,400,11.0,9.35,9.9
Lucky SHD 50,D-76,1+1,25,14.0,11.9,12.6
Lucky SHD 50,D-76,stock,12,17.25,14.66,15.53
Lucky SHD 50,D-76,stock,6,14.0,11.9,12.6
Lucky SHD 50,HC-110,H,6,10.0,8.5,9.0
Lucky SHD 50,Ilfotec HC,1+47,12,10.75,9.14,9.68
Lucky SHD 50,Ilfotec HC,1+95,25,24.0,20.4,21.6
Lucky SHD 50,Pyrocat-HD,1+1+100,12,15.0,12.75,13.5
Lucky SHD 50,Pyrocat-HD,1+1+100,25,19.0,16.15,17.1
Lucky SHD 50,Pyrocat-HD,1+1+100,50,28.0,23.8,25.2
Lucky SHD 50,Rodinal,1+50,25,8.0,6.8,7.2
Lucky SHD 50,Rodinal,1+50,6,6.0,5.1,5.4
Maco CUBE400c,D-76,stock,400,10.0,8.5,9.0
Maco CUBE400c,Eco Pro,1+2,200,22.5,19.12,20.25
Maco CUBE400c,Eco Pro,1+2,400,22.5,19.12,20.25
Maco CUBE400c,Ecoprint Universal,1+12,400,8.0,6.8,7.2
Maco CUBE400c,HC-110,B,400,14.0,11.9,12.6
Maco CUBE400c,ID-11,stock,400,10.0,8.5,9.0
Maco CUBE400c,Ilfotec HC,1+5,400,10.0,8.5,9.0
Maco CUBE400c,Microphen,stock,400,10.0,8.5,9.0
Maco CUBE400c,Perceptol,stock,400,14.0,11.9,12.6
Maco CUBE400c,Promicrol,1+14,1600,21.0,17.85,18.9
Maco CUBE400c,Promicrol,1+14,400,14.0,11.9,12.6
Maco CUBE400c,Promicrol,1+9,1600,14.0,11.9,12.6
Maco CUBE400c,Promicrol,1+9,400,10.0,8.5,9.0
Maco CUBE400c,Rodinal,1+25,400,12.0,10.2,10.8
Maco CUBE400c,Sprint Standard,1+9,400,15.0,12.75,13.5
Maco CUBE400c,TMax Dev,1+4,400,12.0,10.2,10.8
Maco CUBE400c,Ultrafin,1+10,400,12.0,10.2,10.8
Maco CUBE400c,Ultrafin,1+20,400,13.0,11.05,11.7
Maco CUBE400c,XT-3,1+2,200,22.5,19.12,20.25
Maco CUBE400c,XT-3,1+2,400,22.5,19.12,20.25
Maco CUBE400c,Xtol,1+2,200,22.5,19.12,20.25
Maco CUBE400c,Xtol,1+2,400,22.5,19.12,20.25
Maco Eagle AQS,510-Pyro,1+100,400,22.0,18.7,19.8
Maco Eagle AQS,D-76,1+1,400,12.0,10.2,10.8
Maco Eagle AQS,Eco Pro,1+1,200,12.0,10.2,10.8
Maco Eagle AQS,FX-39,1+9,400,15.0,12.75,13.5
Maco Eagle AQS,HC-110,1+31,400,11.0,9.35,9.9
Maco Eagle AQS,HC-110,1+31,800,16.5,14.03,14.85
Maco Eagle AQS,HC-110,A,400,5.5,4.67,4.95
Maco Eagle AQS,HC-110,B,1600,24.0,20.4,21.6
Maco Eagle AQS,HC-110,E,400,20.0,17.0,18.0
Maco Eagle AQS,ID-11,1+1,400,12.0,10.2,10.8
Maco Eagle AQS,Ilfotec DD-X,1+4,400,14.0,11.9,12.6
Maco Eagle AQS,Rodinal,1+25,200,12.0,10.2,10.8
Maco Eagle AQS,Rodinal,1+50,400,22.0,18.7,19.8
Maco Eagle AQS,Rollei Supergrain,1+9,200,4.25,3.61,3.83
Maco Eagle AQS,Silvermax,1+19,400,15.0,12.75,13.5
Maco Eagle AQS,Ultrafin,1+4,400,8.0,6.8,7.2
Maco Eagle AQS,XT-3,1+1,200,12.0,10.2,10.8
Maco Eagle AQS,XT-3,stock,400,14.0,11.9,12.6
Maco Eagle AQS,Xtol,1+1,200,12.0,10.2,10.8
Maco IR 820c/750c,D-76,stock,n/a,8.0,6.8,7.2
Maco IR 820c/750c,Eco Pro,1+2,200,20.0,17.0,18.0
Maco IR 820c/750c,Eco Pro,1+2,n/a,16.0,13.6,14.4
Maco IR 820c/750c,Eco Pro,1+3,12,14.0,11.9,12.6
Maco IR 820c/750c,Eco Pro,1+3,15,14.0,11.9,12.6
Maco IR 820c/750c,Ecoprint Universal,1+12,n/a,6.0,5.1,5.4
Maco IR 820c/750c,F76+,1+9,100,14.0,11.9,12.6
Maco IR 820c/750c,HC-110,B,n/a,7.0,5.95,6.3
Maco IR 820c/750c,ID-11,stock,n/a,8.0,6.8,7.2
Maco IR 820c/750c,Ilfotec HC,1+5,n/a,7.0,5.95,6.3
Maco IR 820c/750c,Microphen,stock,n/a,7.0,5.95,6.3
Maco IR 820c/750c,Perceptol,stock,n/a,10.0,8.5,9.0
Maco IR 820c/750c,Promicrol,1+14,100,8.5,7.22,7.65
Maco IR 820c/750c,Promicrol,1+9,100,6.0,5.1,5.4
Maco IR 820c/750c,Rodinal,1+25,n/a,9.0,7.65,8.1
Maco IR 820c/750c,Rodinal,1+50,4,11.0,9.35,9.9
Maco IR 820c/750c,Tanol,1+1+100,3,14.5,12.32,13.05
Maco IR 820c/750c,Tanol,1+1+100,40,14.5,12.32,13.05
Maco IR 820c/750c,Tanol,1+1+100,50,14.5,12.32,13.05
Maco IR 820c/750c,Tanol,1+1+100,6,14.5,12.32,13.05
Maco IR 820c/750c,TMax Dev,1+4,n/a,7.0,5.95,6.3
Maco IR 820c/750c,Ultrafin,1+10,n/a,8.0,6.8,7.2
Maco IR 820c/750c,Ultrafin,1+20,n/a,11.0,9.35,9.9
Maco IR 820c/750c,XT-3,1+2,200,20.0,17.0,18.0
Maco IR 820c/750c,XT-3,1+2,n/a,16.0,13.6,14.4
Maco IR 820c/750c,XT-3,1+3,12,14.0,11.9,12.6
Maco IR 820c/750c,XT-3,1+3,15,14.0,11.9,12.6
Maco IR 820c/750c,Xtol,1+2,200,20.0,17.0,18.0
Maco IR 820c/750c,Xtol,1+2,n/a,16.0,13.6,14.4
Maco IR 820c/750c,Xtol,1+3,12,14.0,11.9,12.6
Maco IR 820c/750c,Xtol,1+3,15,14.0,11.9,12.6
Maco ORT25c,D-76,stock,25,7.0,5.95,6.3
Maco ORT25c,Ecoprint Universal,1+12,25,5.0,4.25,4.5
Maco ORT25c,Fomadon R09,1+100,64,14.0,11.9,12.6
Maco ORT25c,Neutol,1+7,25,3.0,2.55,2.7
Maco ORT25c,Promicrol,1+19,25,4.0,3.4,3.6
Maco ORT25c,Rodinal,1+10,25,5.0,4.25,4.5
Maco ORT25c,Rodinal,1+100,12,10.0,8.5,9.0
Maco ORT25c,Rodinal,1+25,25,4.0,3.4,3.6
Maco ORT25c,Rodinal,1+25,25,7.0,5.95,6.3
Maco TP64c,D-76,1+3,64,19.0,16.15,17.1
Maco TP64c,Ecoprint Universal,1+12,64,5.0,4.25,4.5
Maco TP64c,Promicrol,1+14,64,7.0,5.95,6.3
Maco TP64c,Promicrol,1+9,64,4.5,3.82,4.05
Maco UP100p/PO100c,Eco Pro,1+1,400,11.0,9.35,9.9
Maco UP100p/PO100c,Eco Pro,1+2,200,20.0,17.0,18.0
Maco UP100p/PO100c,HC-110,B,100,5.0,4.25,4.5
Maco UP100p/PO100c,Ilfotec HC,1+31,100,7.0,5.95,6.3
Maco UP100p/PO100c,Ilfotec HC,1+5,100,5.0,4.25,4.5
Maco UP100p/PO100c,Microphen,stock,100,7.0,5.95,6.3
Maco UP100p/PO100c,Promicrol,1+14,100,10.0,8.5,9.0
Maco UP100p/PO100c,Promicrol,1+14,100,7.5,6.38,6.75
Maco UP100p/PO100c,Promicrol,1+9,100,6.5,5.52,5.85
Maco UP100p/PO100c,Promicrol,1+9,100,5.0,4.25,4.5
Maco UP100p/PO100c,Rodinal,1+25,100,8.0,6.8,7.2
Maco UP100p/PO100c,Sprint Standard,1+9,100,10.0,8.5,9.0
Maco UP100p/PO100c,XT-3,1+1,400,11.0,9.35,9.9
Maco UP100p/PO100c,XT-3,1+2,200,20.0,17.0,18.0
Maco UP100p/PO100c,Xtol,1+1,400,11.0,9.35,9.9
Maco UP100p/PO100c,Xtol,1+2,200,20.0,17.0,18.0
Maco UP25P,D-76,1+3,25,10.0,8.5,9.0
Maco UP25P,D-76,stock,25,6.0,5.1,5.4
Maco UP25P,Eco Pro,1+2,25,9.0,7.65,8.1
Maco UP25P,Ecoprint Universal,1+12,25,4.0,3.4,3.6
Maco UP25P,HC-110,B,25,4.0,3.4,3.6
Maco UP25P,ID-11,1+3,25,10.0,8.5,9.0
Maco UP25P,ID-11,stock,25,5.0,4.25,4.5
Maco UP25P,Ilfotec HC,1+5,25,5.0,4.25,4.5
Maco UP25P,Microphen,stock,25,5.0,4.25,4.5
Maco UP25P,Perceptol,stock,25,8.0,6.8,7.2
Maco UP25P,Promicrol,1+19,25,4.5,3.82,4.05
Maco UP25P,Rodinal,1+25,25,7.0,5.95,6.3
Maco UP25P,Sprint Standard,1+9,25,5.0,4.25,4.5
Maco UP25P,TMax Dev,1+4,25,4.0,3.4,3.6
Maco UP25P,Ultrafin,1+10,25,5.0,4.25,4.5
Maco UP25P,Ultrafin,1+20,25,9.0,7.65,8.1
Maco UP25P,XT-3,1+2,25,9.0,7.65,8.1
Maco UP25P,Xtol,1+2,25,9.0,7.65,8.1
Maco UP400p,D-23,stock,400,10.0,8.5,9.0
Maco UP400p,D-76,stock,400,10.0,8.5,9.0
Maco UP400p,Eco Pro,1+2,1600,23.0,19.55,20.7
Maco UP400p,Eco Pro,1+2,200,15.0,12.75,13.5
Maco UP400p,Eco Pro,1+2,400,18.0,15.3,16.2
Maco UP400p,Eco Pro,1+2,800,20.0,17.0,18.0
Maco UP400p,Ecoprint Universal,1+12,400,5.0,4.25,4.5
Maco UP400p,HC-110,B,400,8.0,6.8,7.2
Maco UP400p,ID-11,stock,400,9.0,7.65,8.1
Maco UP400p,Ilfotec HC,1+5,400,7.0,5.95,6.3
Maco UP400p,Microphen,stock,1600,15.0,12.75,13.5
Maco UP400p,Microphen,stock,400,8.0,6.8,7.2
Maco UP400p,Perceptol,stock,400,11.0,9.35,9.9
Maco UP400p,Promicrol,1+14,1600,17.0,14.45,15.3
Maco UP400p,Promicrol,1+14,400,10.0,8.5,9.0
Maco UP400p,Promicrol,1+9,1600,11.0,9.35,9.9
Maco UP400p,Promicrol,1+9,400,6.75,5.74,6.08
Maco UP400p,Rodinal,1+25,400,10.0,8.5,9.0
Maco UP400p,Sprint Standard,1+9,400,10.0,8.5,9.0
Maco UP400p,Spur SD 2525,1+15,250,6.5,5.52,5.85
Maco UP400p,Spur SLD,1+9,640,6.0,5.1,5.4
Maco UP400p,TMax Dev,1+4,400,9.0,7.65,8.1
Maco UP400p,Ultrafin,1+10,400,9.0,7.65,8.1
Maco UP400p,Ultrafin,1+20,400,10.0,8.5,9.0
Maco UP400p,XT-3,1+2,1600,23.0,19.55,20.7
Maco UP400p,XT-3,1+2,200,15.0,12.75,13.5
Maco UP400p,XT-3,1+2,400,18.0,15.3,16.2
Maco UP400p,XT-3,1+2,800,20.0,17.0,18.0
Maco UP400p,Xtol,1+2,1600,23.0,19.55,20.7
Maco UP400p,Xtol,1+2,200,15.0,12.75,13.5
Maco UP400p,Xtol,1+2,400,18.0,15.3,16.2
Maco UP400p,Xtol,1+2,800,20.0,17.0,18.0
Maco UP64c,D-76,stock,64,7.0,5.95,6.3
Maco UP64c,Eco Pro,1+2,64,14.0,11.9,12.6
Maco UP64c,Ecoprint Universal,1+12,64,4.0,3.4,3.6
Maco UP64c,HC-110,B,64,5.0,4.25,4.5
Maco UP64c,ID-11,stock,64,6.0,5.1,5.4
Maco UP64c,Ilfotec HC,1+5,64,5.0,4.25,4.5
Maco UP64c,Microphen,stock,64,5.0,4.25,4.5
Maco UP64c,Perceptol,stock,64,8.0,6.8,7.2
Maco UP64c,Promicrol,1+14,64,7.0,5.95,6.3
Maco UP64c,Promicrol,1+9,64,4.5,3.82,4.05
Maco UP64c,Rodinal,1+25,64,7.0,5.95,6.3
Maco UP64c,TMax Dev,1+4,64,6.0,5.1,5.4
Maco UP64c,Ultrafin,1+10,64,6.0,5.1,5.4
Maco UP64c,Ultrafin,1+20,64,9.0,7.65,8.1
Maco UP64c,XT-3,1+2,64,14.0,11.9,12.6
Maco UP64c,Xtol,1+2,64,14.0,11.9,12.6
Mosler Surveillance,HC-110,B,800,10.5,8.92,9.45
New Classic EZ400,Eco Pro,stock,400,7.0,5.95,6.3
New Classic EZ400,Fomadon R09,1+25,400,6.0,5.1,5.4
New Classic EZ400,HC-110,B,400,6.5,5.52,5.85
New Classic EZ400,Ilfosol 3,1+9,400,6.0,5.1,5.4
New Classic EZ400,Rodinal,1+25,400,5.5,4.67,4.95
New Classic EZ400,Rodinal,1+50,400,11.0,9.35,9.9
New Classic EZ400,Xtol,stock,400,7.0,5.95,6.3
NoColorStudio No.10,D-76,stock,100,8.0,6.8,7.2
NoColorStudio No.10,FD10,1+9,100,9.0,7.65,8.1
NoColorStudio No.10,ID-11,stock,100,8.0,6.8,7.2
NoColorStudio No.10,Microphen,stock,100,8.5,7.22,7.65
NoColorStudio No.10,Rodinal,1+50,100,13.5,11.47,12.15
NoColorStudio No.5,D-76,stock,5,7.0,5.95,6.3
NoColorStudio No.5,ID-11,stock,5,7.0,5.95,6.3
NoColorStudio No.5,Ilfotec HC,1+15,6,5.0,4.25,4.5
NoColorStudio No.5,Ilfotec HC,1+31,6,8.5,7.22,7.65
NoColorStudio No.5,Microphen,stock,5,9.5,8.07,8.55
NoColorStudio No.5,Perceptol,stock,5,12.0,10.2,10.8
NoColorStudio No.5,Rodinal,1+50,6,8.0,6.8,7.2
NoColorStudio No.99,D-76,stock,990,9.5,8.07,8.55
NoColorStudio No.99,ID-11,stock,990,10.0,8.5,9.0
NoColorStudio No.99,Rodinal,1+50,990,11.0,9.35,9.9
NoColorStudio No.99,Xtol,stock,990,11.0,9.35,9.9
Oriental Seagull 100,D-76,1+1,100,11.5,9.78,10.35
Oriental Seagull 100,D-76,stock,100,9.0,7.65,8.1
Oriental Seagull 100,HC-110,B,100,5.75,4.89,5.17
Oriental Seagull 100,ID-11,1+1,100,11.5,9.78,10.35
Oriental Seagull 100,ID-11,stock,100,9.0,7.65,8.1
Oriental Seagull 100,Ilfotec DD-X,1+4,100,10.5,8.92,9.45
Oriental Seagull 100,Microphen,1+1,100,10.5,8.92,9.45
Oriental Seagull 100,Microphen,stock,100,8.5,7.22,7.65
Oriental Seagull 100,Perceptol,1+1,100,15.5,13.17,13.95
Oriental Seagull 100,Perceptol,stock,100,12.5,10.62,11.25
Oriental Seagull 400,D-76,1+1,400,14.0,11.9,12.6
Oriental Seagull 400,D-76,1+1,800,17.0,14.45,15.3
Oriental Seagull 400,D-76,stock,400,9.5,8.07,8.55
Oriental Seagull 400,D-76,stock,800,12.5,10.62,11.25
Oriental Seagull 400,HC-110,B,1600,12.0,10.2,10.8
Oriental Seagull 400,HC-110,B,400,5.5,4.67,4.95
Oriental Seagull 400,ID-11,1+1,400,16.5,14.03,14.85
Oriental Seagull 400,ID-11,1+1,800,20.5,17.43,18.45
Oriental Seagull 400,ID-11,stock,400,9.5,8.07,8.55
Oriental Seagull 400,ID-11,stock,800,12.5,10.62,11.25
Oriental Seagull 400,Ilfotec DD-X,1+4,400,11.5,9.78,10.35
Oriental Seagull 400,Ilfotec DD-X,1+4,800,13.0,11.05,11.7
Oriental Seagull 400,Microphen,1+1,400,15.0,12.75,13.5
Oriental Seagull 400,Microphen,1+1,800,19.0,16.15,17.1
Oriental Seagull 400,Microphen,stock,400,8.0,6.8,7.2
Oriental Seagull 400,Microphen,stock,800,10.0,8.5,9.0
Oriental Seagull 400,Rodinal,1+25,400,7.5,6.38,6.75
Orwo N74+,Adox HR-DEV,1+30,400,11.0,9.35,9.9
Orwo N74+,Bellini FX6a Monobath,stock,400,11.0,9.35,9.9
Orwo N74+,D-23,1+1,400,13.0,11.05,11.7
Orwo N74+,D-76,1+1,400,10.0,8.5,9.0
Orwo N74+,D-76,1+1,400,9.0,7.65,8.1
Orwo N74+,D-76,stock,400,9.5,8.07,8.55
Orwo N74+,D-76,stock,800,12.5,10.62,11.25
Orwo N74+,HC-110,B,400,6.5,5.52,5.85
Orwo N74+,ID-11,1+1,400,10.0,8.5,9.0
Orwo N74+,ID-11,1+1,400,9.0,7.65,8.1
Orwo N74+,ID-11,stock,400,9.5,8.07,8.55
Orwo N74+,ID-11,stock,800,12.5,10.62,11.25
Orwo N74+,Microphen,stock,400,7.0,5.95,6.3
Orwo N74+,Paranol S,1+25,400,9.0,7.65,8.1
Orwo N74+,Rodinal,1+50,400,13.0,11.05,11.7
Orwo N74+,Spur TRX 2000,1+30,400,11.0,9.35,9.9
Orwo N74+,XT-3,stock,400,8.0,6.8,7.2
Orwo N74+,Xtol,stock,400,8.0,6.8,7.2
Orwo N75,510-Pyro,1+100,400,10.0,8.5,9.0
Orwo N75,Bellini FX6a Monobath,stock,320,11.0,9.35,9.9
Orwo N75,Bellini Hydrofen,1+39,320,6.0,5.1,5.4
Orwo N75,Black/White & Green,1+49,320,11.0,9.35,9.9
Orwo N75,D-23,1+1,320,13.0,11.05,11.7
Orwo N75,D-76,1+1,320,10.0,8.5,9.0
Orwo N75,D-76,1+1,320,9.0,7.65,8.1
Orwo N75,D-76,stock,320,9.5,8.07,8.55
Orwo N75,D-76,stock,800,12.5,10.62,11.25
Orwo N75,HC-110,B,320,6.5,5.52,5.85
Orwo N75,ID-11,1+1,320,10.0,8.5,9.0
Orwo N75,ID-11,1+1,320,9.0,7.65,8.1
Orwo N75,ID-11,stock,320,9.5,8.07,8.55
Orwo N75,ID-11,stock,800,12.5,10.62,11.25
Orwo N75,Ilfotec HC,1+15,400,6.5,5.52,5.85
Orwo N75,Microphen,stock,320,7.0,5.95,6.3
Orwo N75,Nucleol BF200,20+15+965,400,9.5,8.07,8.55
Orwo N75,Rodinal,1+50,320,13.0,11.05,11.7
ORWO NP22,Caffenol Delta STD,stock,100,10.0,8.5,9.0
ORWO NP22,Caffenol Delta STD,stock,125,10.0,8.5,9.0
Orwo NP22,HC-110,1+31,80,7.5,6.38,6.75
Orwo NP22,Rodinal,1+40,125,10.0,8.5,9.0
ORWO NP22,XT-3,1+1,50,10.0,8.5,9.0
Orwo/Wolfen DN21,D-76,stock,12-16,8.0,6.8,7.2
Orwo/Wolfen DN21,ID-11,stock,12-16,8.0,6.8,7.2
Orwo/Wolfen DP31,D-23,stock,8,10.5,8.92,9.45
Orwo/Wolfen DP31,D-76,stock,6,8.0,6.8,7.2
Orwo/Wolfen DP31,Eco Pro,1+1,25,22.0,18.7,19.8
Orwo/Wolfen DP31,Eco Pro,1+1,6,8.5,7.22,7.65
Orwo/Wolfen DP31,Eco Pro,stock,25,12.0,10.2,10.8
Orwo/Wolfen DP31,ID-11,stock,6,8.0,6.8,7.2
Orwo/Wolfen DP31,Ornano Gradual ST20,stock,10,5.5,4.67,4.95
Orwo/Wolfen DP31,Xtol,1+1,25,22.0,18.7,19.8
Orwo/Wolfen DP31,Xtol,1+1,6,8.5,7.22,7.65
Orwo/Wolfen DP31,Xtol,stock,25,12.0,10.2,10.8
Orwo/Wolfen NP100,Caffenol C,stock,100,10.75,9.14,9.68
Orwo/Wolfen NP100,HC-110,E,100,5.0,4.25,4.5
Orwo/Wolfen NP100,Rodinal,1+25,100,6.5,5.52,5.85
Orwo/Wolfen NP100,Rodinal,1+50,100,9.0,7.65,8.1
Orwo/Wolfen NP100,XT-3,1+1,100,5.5,4.67,4.95
Orwo/Wolfen NP100,XT-3,1+1,100,9.0,7.65,8.1
Orwo/Wolfen NP100,XT-3,1+1,200,8.0,6.8,7.2
Orwo/Wolfen NP100,XT-3,1+2,100,15.0,12.75,13.5
Orwo/Wolfen P400,D-76,1+1,400,9.5,8.07,8.55
Orwo/Wolfen P400,D-76,stock,400,8.0,6.8,7.2
Orwo/Wolfen P400,D175,1+1,320,7.0,5.95,6.3
Orwo/Wolfen P400,HC-110,B,400,6.5,5.52,5.85
Orwo/Wolfen P400,ID-11,1+1,400,9.5,8.07,8.55
Orwo/Wolfen P400,ID-11,stock,400,8.0,6.8,7.2
Orwo/Wolfen P400,Rodinal,1+25,200,17.0,14.45,15.3
Orwo/Wolfen P400,Rodinal,1+50,400,11.0,9.35,9.9
Orwo/Wolfen P400,XT-3,1+1,400,9.5,8.07,8.55
Orwo/Wolfen P400,Xtol,1+1,400,9.5,8.07,8.55
Orwo/Wolfen UN54,510-Pyro,1+100,100,5.25,4.46,4.73
Orwo/Wolfen UN54,510-Pyro,1+100,100,12.5,10.62,11.25
Orwo/Wolfen UN54,510-Pyro,1+100,200,10.5,8.92,9.45
Orwo/Wolfen UN54,510-Pyro,1+100,400,14.0,11.9,12.6
Orwo/Wolfen UN54,Adox HR-DEV,1+35,160,13.0,11.05,11.7
Orwo/Wolfen UN54,Adox M-Q Borax,stock,160,7.5,6.38,6.75
Orwo/Wolfen UN54,Atomal 49,1+2,100,18.0,15.3,16.2
Orwo/Wolfen UN54,Bellini Hydrofen,1+39,100,5.0,4.25,4.5
Orwo/Wolfen UN54,Beutler,1+1+10,100,7.0,5.95,6.3
Orwo/Wolfen UN54,Black/White & Green,1+49,100,8.25,7.01,7.42
Orwo/Wolfen UN54,Caffenol C-H,stock,100,15.0,12.75,13.5
Orwo/Wolfen UN54,D-23,1+1,100,12.0,10.2,10.8
Orwo/Wolfen UN54,D-23,stock,50,7.0,5.95,6.3
Orwo/Wolfen UN54,D-76,1+1,100,7.0,5.95,6.3
Orwo/Wolfen UN54,D-76,stock,100,5.5,4.67,4.95
Orwo/Wolfen UN54,Eco Pro,1+1,80,6.5,5.52,5.85
Orwo/Wolfen UN54,F76+,1+14,100,8.0,6.8,7.2
Orwo/Wolfen UN54,F76+,1+9,100,6.0,5.1,5.4
Orwo/Wolfen UN54,F76+,1+9,200,9.0,7.65,8.1
Orwo/Wolfen UN54,FX-1,1+1+8,100,9.0,7.65,8.1
Orwo/Wolfen UN54,HC-110,1+90,100,12.0,10.2,10.8
Orwo/Wolfen UN54,HC-110,B,100,6.0,5.1,5.4
Orwo/Wolfen UN54,HC-110,H,100,7.5,6.38,6.75
Orwo/Wolfen UN54,HC-110,J,100,18.0,15.3,16.2
Orwo/Wolfen UN54,HC-110,J,80,18.0,15.3,16.2
Orwo/Wolfen UN54,ID-11,1+1,100,7.0,5.95,6.3
Orwo/Wolfen UN54,ID-11,stock,100,5.5,4.67,4.95
Orwo/Wolfen UN54,Ilfotec DD-X,1+4,100,9.0,7.65,8.1
Orwo/Wolfen UN54,Ilfotec HC,1+31,100,6.0,5.1,5.4
Orwo/Wolfen UN54,Ilfotec LC29,1+19,100,5.5,4.67,4.95
Orwo/Wolfen UN54,Mocon,1+64,100,11.0,9.35,9.9
Orwo/Wolfen UN54,Nucleol BF200,20+15+965,100,7.0,5.95,6.3
Orwo/Wolfen UN54,Pyrocat-HD,1+1+100,100,10.0,8.5,9.0
Orwo/Wolfen UN54,Pyrocat-HD,1+1+200,100,40.0,34.0,36.0
Orwo/Wolfen UN54,Rodinal,1+100,100,25.0,21.25,22.5
Orwo/Wolfen UN54,Rodinal,1+25,100,6.5,5.52,5.85
Orwo/Wolfen UN54,Spur HRX,1+17,80,9.5,8.07,8.55
Orwo/Wolfen UN54,Spur SLD,1+20,200,9.5,8.07,8.55
Orwo/Wolfen UN54,Spur TRX 2000,1+35,160,13.0,11.05,11.7
Orwo/Wolfen UN54,Spur UFP,1+24,125,7.5,6.38,6.75
Orwo/Wolfen UN54,TMax Dev,1+9,100,8.0,6.8,7.2
Orwo/Wolfen UN54,XT-3,1+1,80,6.5,5.52,5.85
Orwo/Wolfen UN54,Xtol,1+1,80,6.5,5.52,5.85
Orwopan 100,510-Pyro,1+100,100,15.0,12.75,13.5
Owax 400,D-76,1+1,400,22.0,18.7,19.8
Owax 400,D-76,1+1,800,31.0,26.35,27.9
Owax 400,D-76,stock,1600,22.5,19.12,20.25
Owax 400,D-76,stock,3200,30.0,25.5,27.0
Owax 400,D-76,stock,400,11.0,9.35,9.9
Owax 400,D-76,stock,6400,37.5,31.88,33.75
Owax 400,D-76,stock,800,15.5,13.17,13.95
Owax 400,ID-11,1+1,400,22.0,18.7,19.8
Owax 400,ID-11,1+1,800,31.0,26.35,27.9
Owax 400,ID-11,stock,1600,22.5,19.12,20.25
Owax 400,ID-11,stock,3200,30.0,25.5,27.0
Owax 400,ID-11,stock,400,11.0,9.35,9.9
Owax 400,ID-11,stock,6400,37.5,31.88,33.75
Owax 400,ID-11,stock,800,15.5,13.17,13.95
Owax 50,D-76,1+1,100,14.0,11.9,12.6
Owax 50,D-76,1+1,200,18.0,15.3,16.2
Owax 50,D-76,1+1,50,6.0,5.1,5.4
Owax 50,D-76,1+3,100,25.0,21.25,22.5
Owax 50,D-76,1+3,50,11.0,9.35,9.9
Owax 50,D-76,stock,100,8.0,6.8,7.2
Owax 50,D-76,stock,50,3.5,2.98,3.15
Owax 50,HC-110,B,200,12.0,10.2,10.8
Owax 50,ID-11,1+1,100,14.0,11.9,12.6
Owax 50,ID-11,1+1,200,18.0,15.3,16.2
Owax 50,ID-11,1+1,50,6.0,5.1,5.4
Owax 50,ID-11,1+3,100,25.0,21.25,22.5
Owax 50,ID-11,1+3,50,11.0,9.35,9.9
Owax 50,ID-11,stock,100,8.0,6.8,7.2
Owax 50,ID-11,stock,50,3.5,2.98,3.15
Owax A2SH,D-76,stock,400,13.0,11.05,11.7
Owax A2SH,ID-11,stock,400,13.0,11.05,11.7
Owax A2SH,Microphen,stock,3200,32.0,27.2,28.8
Owax A2SH,Rodinal,1+50,400,20.0,17.0,18.0
Owax Onidis 400,D-76,1+1,400,17.0,14.45,15.3
Owax Onidis 400,D-76,stock,400,9.5,8.07,8.55
Owax Onidis 400,D-76,stock,800,12.5,10.62,11.25
Owax Onidis 400,Eco Pro,1+1,400,18.0,15.3,16.2
Owax Onidis 400,Eco Pro,stock,400,10.0,8.5,9.0
Owax Onidis 400,HC-110,B,400,6.5,5.52,5.85
Owax Onidis 400,ID-11,1+1,400,17.0,14.45,15.3
Owax Onidis 400,ID-11,stock,400,9.5,8.07,8.55
Owax Onidis 400,ID-11,stock,800,12.5,10.62,11.25
Owax Onidis 400,Rodinal,1+15,400,6.0,5.1,5.4
Owax Onidis 400,Rodinal,1+25,400,8.0,6.8,7.2
Owax Onidis 400,Rodinal,1+50,400,22.0,18.7,19.8
Owax Onidis 400,Rollei Supergrain,1+9,400,9.5,8.07,8.55
Owax Onidis 400,XT-3,1+1,400,18.0,15.3,16.2
Owax Onidis 400,XT-3,stock,400,10.0,8.5,9.0
Owax Onidis 400,Xtol,1+1,400,18.0,15.3,16.2
Owax Onidis 400,Xtol,stock,400,10.0,8.5,9.0
Owax Violeta,D-76,stock,6,5.5,4.67,4.95
Owax Violeta,HC-110,H,10,13.0,11.05,11.7
Owax Violeta,ID-11,stock,6,5.5,4.67,4.95
Owax Violeta,Ilfotec LC29,1+19,10,6.5,5.52,5.85
Owax Violeta,Rodinal,1+40,25,9.0,7.65,8.1
photodom. Silver Haze 400,D-76,1+1,400,9.0,7.65,8.1
photodom. Silver Haze 400,D-76,stock,400,8.0,6.8,7.2
photodom. Silver Haze 400,TMax Dev,1+4,400,8.0,6.8,7.2
Polypan F,510-Pyro,1+100,50,8.5,7.22,7.65
Polypan F,A&B Lith,1+1,400,6.0,5.1,5.4
Polypan F,Acufine,stock,100,5.0,4.25,4.5
Polypan F,Acufine,stock,50,3.5,2.98,3.15
Polypan F,Acurol-N,1+70,32,10.0,8.5,9.0
Polypan F,Atomal 49,stock,50,8.5,7.22,7.65
Polypan F,Caffenol C,stock,50,11.0,9.35,9.9
Polypan F,Caffenol C-L,stock,100,60.0,51.0,54.0
Polypan F,D-25,stock,25,40.0,34.0,36.0
Polypan F,D-76,1+1,100,19.5,16.57,17.55
Polypan F,D-96,stock,25,7.0,5.95,6.3
Polypan F,Dokumol,1+5,100,10.5,8.92,9.45
Polypan F,Dokumol,1+5,50,7.0,5.95,6.3
Polypan F,Eco Pro,1+3,100,23.0,19.55,20.7
Polypan F,Eco Pro,stock,125,13.0,11.05,11.7
Polypan F,Eco Pro,stock,50,7.0,5.95,6.3
Polypan F,FD10,1+9,100,11.0,9.35,9.9
Polypan F,FD10,1+9,50,8.0,6.8,7.2
Polypan F,Foma Retro Special,stock,100,6.0,5.1,5.4
Polypan F,Foma W-17 Hydrofen,1+1,200,20.0,17.0,18.0
Polypan F,Foma W-17 Hydrofen,1+3,50,18.0,15.3,16.2
Polypan F,Foma W-17 Hydrofen,1+7,65,34.0,28.9,30.6
Polypan F,Foma W-17 Hydrofen,1+7,80,34.0,28.9,30.6
Polypan F,Fomadon LQN,1+10,50,7.0,5.95,6.3
Polypan F,Fomadon LQN,1+14,25,10.0,8.5,9.0
Polypan F,Fomadon R09,1+50,200,25.0,21.25,22.5
Polypan F,FX-1,1+1+8,100,12.0,10.2,10.8
Polypan F,FX-39,1+9,50,9.0,7.65,8.1
Polypan F,HC-110,1+250,50,90.0,76.5,81.0
Polypan F,HC-110,1+500,50,90.0,76.5,81.0
Polypan F,HC-110,A,400,9.5,8.07,8.55
Polypan F,HC-110,B,400,32.0,27.2,28.8
Polypan F,HC-110,B,50,9.5,8.07,8.55
Polypan F,HC-110,H,25,12.5,10.62,11.25
Polypan F,HC-110,J,200,75.0,63.75,67.5
Polypan F,ID-11,1+1,100,9.5,8.07,8.55
Polypan F,ID-11,1+1,50,9.0,7.65,8.1
Polypan F,ID-68,1+3,25,12.0,10.2,10.8
Polypan F,ID-68,1+3,50,18.5,15.72,16.65
Polypan F,Ilfosol 3,1+14,50,6.5,5.52,5.85
Polypan F,Ilfosol 3,1+9,100,8.0,6.8,7.2
Polypan F,Ilfotec DD-X,1+4,50,8.0,6.8,7.2
Polypan F,Ilfotec HC,1+31,100,8.0,6.8,7.2
Polypan F,Microphen,1+1,50,9.0,7.65,8.1
Polypan F,Microphen,stock,200,15.5,13.17,13.95
Polypan F,Microphen,stock,64,10.5,8.92,9.45
Polypan F,PC-TEA,1+50,100,10.5,8.92,9.45
Polypan F,PC-TEA,1+50,50,7.5,6.38,6.75
Polypan F,Perceptol,1+3,25,15.0,12.75,13.5
Polypan F,Perceptol,1+3,50,15.0,12.75,13.5
Polypan F,Promicrol,1+9,50,8.0,6.8,7.2
Polypan F,Rodinal,1+100,100,60.0,51.0,54.0
Polypan F,Rodinal,1+100,100,65.0,55.25,58.5
Polypan F,Rodinal,1+100,50,40.0,34.0,36.0
Polypan F,Rodinal,1+100,50,60.0,51.0,54.0
Polypan F,Rodinal,1+25,100,10.5,8.92,9.45
Polypan F,Rodinal,1+25,50,6.0,5.1,5.4
Polypan F,Rodinal,1+50,100,17.0,14.45,15.3
Polypan F,Rodinal,1+50,200,25.0,21.25,22.5
Polypan F,Rodinal,1+50,25,8.5,7.22,7.65
Polypan F,Rodinal,1+50,50,13.0,11.05,11.7
Polypan F,Rodinal,1+90,100,60.0,51.0,54.0
Polypan F,Spur HRX,1+17,32,10.5,8.92,9.45
Polypan F,Spur HRX,1+18,50,9.5,8.07,8.55
Polypan F,Spur SD 2525,1+15,25,5.0,4.25,4.5
Polypan F,Spur SLD,1+24,50,6.0,5.1,5.4
Polypan F,TFX-2,stock,125,22.0,18.7,19.8
Polypan F,TMax Dev,1+9,50,12.0,10.2,10.8
Polypan F,Ultrafin,1+10,80,6.5,5.52,5.85
Polypan F,XT-3,1+3,100,23.0,19.55,20.7
Polypan F,XT-3,stock,125,13.0,11.05,11.7
Polypan F,XT-3,stock,50,7.0,5.95,6.3
Polypan F,Xtol,1+3,100,23.0,19.55,20.7
Polypan F,Xtol,stock,125,13.0,11.05,11.7
Polypan F,Xtol,stock,50,7.0,5.95,6.3
Pro Max 100,D-76,1+1,100,7.0,5.95,6.3
Pro Max 100,D-76,stock,100,5.5,4.67,4.95
Pro Max 100,Eco Pro,1+3,100,10.5,8.92,9.45
Pro Max 100,F76+,1+9,100,11.0,9.35,9.9
Pro Max 100,ID-11,1+1,100,7.0,5.95,6.3
Pro Max 100,ID-11,stock,100,5.5,4.67,4.95
Pro Max 100,Ilfosol 3,1+14,100,7.0,5.95,6.3
Pro Max 100,XT-3,1+3,100,10.5,8.92,9.45
Pro Max 100,Xtol,1+3,100,10.5,8.92,9.45
Pro Max 400,D-76,1+1,400,11.0,9.35,9.9
Pro Max 400,D-76,stock,400,8.0,6.8,7.2
Pro Max 400,ID-11,1+1,400,11.0,9.35,9.9
Pro Max 400,ID-11,stock,400,8.0,6.8,7.2
ReraPan 100,D-76,1+1,100,10.0,8.5,9.0
ReraPan 100,D-76,1+3,100,25.0,21.25,22.5
ReraPan 100,D-76,stock,100,7.0,5.95,6.3
ReraPan 100,D-76,stock,100,8.0,6.8,7.2
ReraPan 100,HC-110,B,100,6.5,5.52,5.85
ReraPan 100,HC-110,H,400,26.0,22.1,23.4
ReraPan 100,ID-11,stock,100,8.0,6.8,7.2
ReraPan 100,Ilfotec LC29,1+19,80,6.5,5.52,5.85
ReraPan 100,Rodinal,1+25,100,4.0,3.4,3.6
ReraPan 100,Rodinal,1+50,100,16.5,14.03,14.85
ReraPan 100,Rodinal,1+50,100,9.0,7.65,8.1
ReraPan 100S,D-76,stock,100,8.0,6.8,7.2
ReraPan 100S,Rodinal,1+50,100,13.0,11.05,11.7
ReraPan 400,Acurol-N,1+50,200,10.0,8.5,9.0
ReraPan 400,D-76,1+1,400,14.0,11.9,12.6
ReraPan 400,D-76,1+1,800,18.0,15.3,16.2
ReraPan 400,D-76,1+3,400,28.0,23.8,25.2
ReraPan 400,D-76,stock,400,8.0,6.8,7.2
ReraPan 400,D-76,stock,800,11.0,9.35,9.9
ReraPan 400,Fomadon LQR,1+10,400,10.0,8.5,9.0
ReraPan 400,FX-39,1+9,400,11.0,9.35,9.9
ReraPan 400,HC-110,B,400,6.0,5.1,5.4
ReraPan 400,ID-11,1+1,400,14.0,11.9,12.6
ReraPan 400,ID-11,1+1,800,18.0,15.3,16.2
ReraPan 400,ID-11,1+3,400,28.0,23.8,25.2
ReraPan 400,ID-11,stock,400,8.0,6.8,7.2
ReraPan 400,ID-11,stock,800,11.0,9.35,9.9
ReraPan 400,Ilfosol 3,1+14,400,11.0,9.35,9.9
ReraPan 400,Ilfosol 3,1+14,800,25.0,21.25,22.5
ReraPan 400,Ilfosol 3,1+9,400,6.5,5.52,5.85
ReraPan 400,Ilfosol 3,1+9,800,15.0,12.75,13.5
ReraPan 400,Ilfotec DD-X,1+4,400,10.0,8.5,9.0
ReraPan 400,Ilfotec DD-X,1+4,800,12.0,10.2,10.8
ReraPan 400,Ilfotec LC29,1+19,400,8.0,6.8,7.2
ReraPan 400,Ilfotec LC29,1+19,800,12.5,10.62,11.25
ReraPan 400,Ilfotec LC29,1+9,400,4.5,3.82,4.05
ReraPan 400,Ilfotec LC29,1+9,800,6.5,5.52,5.85
ReraPan 400,Microphen,1+1,400,13.0,11.05,11.7
ReraPan 400,Microphen,1+1,800,16.0,13.6,14.4
ReraPan 400,Microphen,stock,400,7.0,5.95,6.3
ReraPan 400,Microphen,stock,800,10.0,8.5,9.0
ReraPan 400,Perceptol,1+1,320,20.0,17.0,18.0
ReraPan 400,Promicrol,1+9,400,10.0,8.5,9.0
ReraPan 400,Rodinal,1+25,400,12.0,10.2,10.8
ReraPan 400,Rodinal,1+50,400,21.0,17.85,18.9
ReraPan 400,Rollei Supergrain,1+12,400,7.0,5.95,6.3
ReraPan 400,Studional,1+15,400,5.0,4.25,4.5
ReraPan 400,TMax Dev,1+4,400,7.0,5.95,6.3
ReraPan 400,TMax Dev,1+9,1600,18.0,15.3,16.2
ReraPan 400,TMax Dev,1+9,400,10.0,8.5,9.0
ReraPan 400,XT-3,1+1,400,12.0,10.2,10.8
ReraPan 400,XT-3,stock,400,9.0,7.65,8.1
ReraPan 400,Xtol,1+1,400,12.0,10.2,10.8
ReraPan 400,Xtol,stock,400,9.0,7.65,8.1
Rollei ATO 2.1,Burton 195,stock,10,6.0,5.1,5.4
Rollei ATO 2.1,Caffenol Delta Micro,stock,25,10.0,8.5,9.0
Rollei ATO 2.1,Rodinal,1+300,1,12.0,10.2,10.8
Rollei ATO 2.1,Rodinal,1+50,25,7.0,5.95,6.3
Rollei ATO 2.1,Rollei RSL Superlith,1+4,25,5.0,4.25,4.5
Rollei ATP 1.1,Burton 195,stock,16,8.0,6.8,7.2
Rollei ATP 1.1,Rodinal,1+150,15,6.5,5.52,5.85
Rollei ATP 1.1,Rodinal,1+300,20,12.0,10.2,10.8
Rollei ATP 1.1,Rodinal,1+300,25,12.0,10.2,10.8
Rollei ATP 1.1,Rollei ATP DC,2+23,40,6.0,5.1,5.4
Rollei ATP 1.1,Rollei RLC Low Contrast,1+4,10,6.0,5.1,5.4
Rollei ATP 1.1,Rollei RLC Low Contrast,1+4,32,6.0,5.1,5.4
Rollei Blackbird,510-Pyro,1+300,64,22.75,19.34,20.48
Rollei Blackbird,D-76,1+1,64,8.0,6.8,7.2
Rollei Blackbird,D-76,stock,100,10.0,8.5,9.0
Rollei Blackbird,D-76,stock,25,6.0,5.1,5.4
Rollei Blackbird,ID-11,stock,100,10.0,8.5,9.0
Rollei Blackbird,ID-11,stock,25,6.0,5.1,5.4
Rollei Blackbird,Ilfosol 3,1+19,64,5.0,4.25,4.5
Rollei Blackbird,Rollei Supergrain,1+12,25,7.0,5.95,6.3
Rollei Blackbird,Rollei Supergrain,1+9,25,5.5,4.67,4.95
Rollei Blackbird,Silberra Ascorol,1+29,100,10.0,8.5,9.0
Rollei Blackbird,Xtol,1+1,64,8.0,6.8,7.2
Rollei Infrared IR400,510-Pyro,1+100,400,22.0,18.7,19.8
Rollei Infrared IR400,Acufine,stock,25,5.5,4.67,4.95
Rollei Infrared IR400,Acurol-N,1+50,40,13.5,11.47,12.15
Rollei Infrared IR400,Adox HR-DEV,1+30,80,12.5,10.62,11.25
Rollei Infrared IR400,ADX II,1+24,160,11.0,9.35,9.9
Rollei Infrared IR400,Amaloco AM74,1+15,200,8.5,7.22,7.65
Rollei Infrared IR400,Ars-Imago FD,1+59,400,7.5,6.38,6.75
Rollei Infrared IR400,Atomal 49,stock,400,9.0,7.65,8.1
Rollei Infrared IR400,Bellini Hydrofen,1+15,400,8.5,7.22,7.65
Rollei Infrared IR400,Black/White & Green,1+49,400,6.0,5.1,5.4
Rollei Infrared IR400,D-76,1+1,12,9.5,8.07,8.55
Rollei Infrared IR400,D-76,1+1,250,9.5,8.07,8.55
Rollei Infrared IR400,D-76,stock,400 (25),6.0,5.1,5.4
Rollei Infrared IR400,D-76,stock,800,8.5,7.22,7.65
Rollei Infrared IR400,Eco Pro,1+1,400,17.0,14.45,15.3
Rollei Infrared IR400,Eco Pro,1+1,50,7.5,6.38,6.75
Rollei Infrared IR400,F76+,1+9,10,7.25,6.16,6.53
Rollei Infrared IR400,FD10,1+9,400,10.0,8.5,9.0
Rollei Infrared IR400,Fomadon Excel,stock,400,20.0,17.0,18.0
Rollei Infrared IR400,FX-39,1+9,25,21.0,17.85,18.9
Rollei Infrared IR400,HC-110,B,400 (12),8.75,7.44,7.88
Rollei Infrared IR400,HC-110,B,400 (6),6.0,5.1,5.4
Rollei Infrared IR400,HC-110,G,1600,25.0,21.25,22.5
Rollei Infrared IR400,HC-110,H,100,12.0,10.2,10.8
Rollei Infrared IR400,ID-11,stock,400 (25),6.0,5.1,5.4
Rollei Infrared IR400,ID-11,stock,800,8.5,7.22,7.65
Rollei Infrared IR400,Ilfosol 3,1+14,400,14.0,11.9,12.6
Rollei Infrared IR400,Ilfotec DD-X,1+4,200,6.5,5.52,5.85
Rollei Infrared IR400,Ilfotec DD-X,1+4,400,10.0,8.5,9.0
Rollei Infrared IR400,Ilfotec HC,1+31,12,9.0,7.65,8.1
Rollei Infrared IR400,Ilfotec LC29,1+19,400,7.5,6.38,6.75
Rollei Infrared IR400,Microdol-X,stock,800,30.0,25.5,27.0
Rollei Infrared IR400,Microphen,stock,1600,13.5,11.47,12.15
Rollei Infrared IR400,Microphen,stock,400,7.5,6.38,6.75
Rollei Infrared IR400,Microphen,stock,800,10.0,8.5,9.0
Rollei Infrared IR400,Nucleol BF200,20+15+965,400 (25),13.0,11.05,11.7
Rollei Infrared IR400,Paranol S,1+25,400,3.0,2.55,2.7
Rollei Infrared IR400,Paranol S,1+50,400,7.0,5.95,6.3
Rollei Infrared IR400,Perceptol,stock,400,14.0,11.9,12.6
Rollei Infrared IR400,Pyrocat-HD,1+1+100,400,17.0,14.45,15.3
Rollei Infrared IR400,Rodinal,1+100,200 (25),15.0,12.75,13.5
Rollei Infrared IR400,Rodinal,1+25,200 (25),5.25,4.46,4.73
Rollei Infrared IR400,Rodinal,1+25,400,8.0,6.8,7.2
Rollei Infrared IR400,Rodinal,1+25,400,10.5,8.92,9.45
Rollei Infrared IR400,Rodinal,1+25,400 (10-25),7.5,6.38,6.75
Rollei Infrared IR400,Rodinal,1+50,200 (25),8.5,7.22,7.65
Rollei Infrared IR400,Rodinal,1+50,400,22.0,18.7,19.8
Rollei Infrared IR400,Rodinal,1+50,400 (25),12.0,10.2,10.8
Rollei Infrared IR400,Rollei D74,1+15,200,8.5,7.22,7.65
Rollei Infrared IR400,Rollei D74,1+15,64,8.5,7.22,7.65
Rollei Infrared IR400,Rollei D74,1+7,200,5.5,4.67,4.95
Rollei Infrared IR400,Rollei D74,1+7,64,5.5,4.67,4.95
Rollei Infrared IR400,Rollei D74,1+9,200,6.0,5.1,5.4
Rollei Infrared IR400,Rollei D74,1+9,64,6.0,5.1,5.4
Rollei Infrared IR400,Rollei Supergrain,1+10,400,6.75,5.74,6.08
Rollei Infrared IR400,Sprint Standard,1+9,400,7.0,5.95,6.3
Rollei Infrared IR400,Spur HRX,1+11,40,12.0,10.2,10.8
Rollei Infrared IR400,Spur SLD,1+20,125,8.0,6.8,7.2
Rollei Infrared IR400,Spur Speed-Major,1+14,640,12.0,10.2,10.8
Rollei Infrared IR400,Spur Speed-Major,1+20,400,11.0,9.35,9.9
Rollei Infrared IR400,Spur Speed-Major,1+24,200,10.0,8.5,9.0
Rollei Infrared IR400,Spur Speed-Major,1+30,100,9.0,7.65,8.1
Rollei Infrared IR400,Spur Speed-Major,1+9,1000,13.0,11.05,11.7
Rollei Infrared IR400,Spur TRX 2000,1+30,80,12.5,10.62,11.25
Rollei Infrared IR400,Spur UFP,1+24,50,8.0,6.8,7.2
Rollei Infrared IR400,TMax Dev,1+4,2,7.5,6.38,6.75
Rollei Infrared IR400,TMax Dev,1+4,25,12.0,10.2,10.8
Rollei Infrared IR400,TMax Dev,1+4,400,26.0,22.1,23.4
Rollei Infrared IR400,Ultrafin T-Plus,1+4,400,4.25,3.61,3.83
Rollei Infrared IR400,XT-3,1+1,50,7.5,6.38,6.75
Rollei Infrared IR400,Xtol,1+1,400,17.0,14.45,15.3
Rollei Infrared IR400,Xtol,1+1,50,7.5,6.38,6.75
Rollei Ortho 25,510-Pyro,1+100,25,8.0,6.8,7.2
Rollei Ortho 25,Adox HR-DEV,1+49,50,13.0,11.05,11.7
Rollei Ortho 25,Ars-Imago FD,1+39,25,6.0,5.1,5.4
Rollei Ortho 25,Beutler,1+1+8,25,7.0,5.95,6.3
Rollei Ortho 25,D-76,stock,25,6.0,5.1,5.4
Rollei Ortho 25,ID-11,stock,25,6.0,5.1,5.4
Rollei Ortho 25,Ilfotec DD-X,1+4,25,8.0,6.8,7.2
Rollei Ortho 25,Neofin Blue,1+5,25,4.0,3.4,3.6
Rollei Ortho 25,Neofin Blue,1+9,25,8.5,7.22,7.65
Rollei Ortho 25,POTA,stock,25,17.0,14.45,15.3
Rollei Ortho 25,Rodinal,1+100,25,10.0,8.5,9.0
Rollei Ortho 25,Rodinal,1+25,25,4.0,3.4,3.6
Rollei Ortho 25,Rodinal,1+25,50,8.0,6.8,7.2
Rollei Ortho 25,Rodinal,1+50,25,6.0,5.1,5.4
Rollei Ortho 25,Rollei D74,1+15,25,8.5,7.22,7.65
Rollei Ortho 25,Rollei D74,1+15,50,13.0,11.05,11.7
Rollei Ortho 25,Rollei D74,1+7,25,5.5,4.67,4.95
Rollei Ortho 25,Rollei D74,1+7,50,7.5,6.38,6.75
Rollei Ortho 25,Rollei D74,1+9,25,6.0,5.1,5.4
Rollei Ortho 25,Rollei D74,1+9,50,8.5,7.22,7.65
Rollei Ortho 25,Rollei RLC Low Contrast,1+4,25,8.0,6.8,7.2
Rollei Ortho 25,Silberra Ascorol,1+29,25,6.0,5.1,5.4
Rollei Ortho 25,Spur TRX 2000,1+49,50,13.0,11.05,11.7
Rollei Ortho 25,Ultrafin T-Plus,1+4,25,5.75,4.89,5.17
Rollei Ortho 25 Plus,Adox HR-DEV,1+49,160,15.0,12.75,13.5
Rollei Ortho 25 Plus,Bellini Hydrofen,1+31,25,6.0,5.1,5.4
Rollei Ortho 25 Plus,D-76,1+1,25,8.0,6.8,7.2
Rollei Ortho 25 Plus,FX-39,1+19,25,22.0,18.7,19.8
Rollei Ortho 25 Plus,HC-110,B,25,5.5,4.67,4.95
Rollei Ortho 25 Plus,ID-11,1+1,25,8.0,6.8,7.2
Rollei Ortho 25 Plus,Spur HRX,1+24,100,12.5,10.62,11.25
Rollei Ortho 25 Plus,Spur SLD,1+30,200,12.5,10.62,11.25
Rollei Ortho 25 Plus,Spur Speed-Major,1+14,200,15.0,12.75,13.5
Rollei Ortho 25 Plus,Spur Speed-Major,1+20,160,13.0,11.05,11.7
Rollei Ortho 25 Plus,Spur Speed-Major,1+24,125,12.0,10.2,10.8
Rollei Ortho 25 Plus,Spur Speed-Major,1+30,80,12.0,10.2,10.8
Rollei Ortho 25 Plus,Spur Speed-Major,1+40,50,10.0,8.5,9.0
Rollei Ortho 25 Plus,Spur Speed-Major,1+49,25,7.0,5.95,6.3
Rollei Ortho 25 Plus,Spur Speed-Major,1+49,32,8.0,6.8,7.2
Rollei Ortho 25 Plus,Spur Speed-Major,1+49,40,9.0,7.65,8.1
Rollei Ortho 25 Plus,Spur TRX 2000,1+49,160,15.0,12.75,13.5
Rollei Paul & Reinhold 640,510-Pyro,1+100,640,11.0,9.35,9.9
Rollei Paul & Reinhold 640,Bellini Hydrofen,1+31,640,13.0,11.05,11.7
Rollei Paul & Reinhold 640,D-76,1+1,640,15.5,13.17,13.95
Rollei Paul & Reinhold 640,D-76,stock,640,9.0,7.65,8.1
Rollei Paul & Reinhold 640,Fomadon LQN,1+10,640,13.25,11.26,11.93
Rollei Paul & Reinhold 640,HC-110,B,640,8.0,6.8,7.2
Rollei Paul & Reinhold 640,ID-11,1+1,640,15.5,13.17,13.95
Rollei Paul & Reinhold 640,ID-11,stock,640,9.0,7.65,8.1
Rollei Paul & Reinhold 640,Ilfotec DD-X,1+4,640,7.0,5.95,6.3
Rollei Paul & Reinhold 640,Microphen,1+1,640,14.25,12.11,12.83
Rollei Paul & Reinhold 640,Perceptol,1+1,640,23.0,19.55,20.7
Rollei Paul & Reinhold 640,Rodinal,1+25,640,13.5,11.47,12.15
Rollei Paul & Reinhold 640,Rodinal,1+50,640,23.5,19.97,21.15
Rollei Paul & Reinhold 640,Rollei Supergrain,1+12,640,9.5,8.07,8.55
Rollei Paul & Reinhold 640,Rollei Supergrain,1+15,1600,26.0,22.1,23.4
Rollei Paul & Reinhold 640,Rollei Supergrain,1+9,640,8.0,6.8,7.2
Rollei Paul & Reinhold 640,XT-3,1+1,640,16.0,13.6,14.4
Rollei Paul & Reinhold 640,Xtol,1+1,640,16.0,13.6,14.4
Rollei R3,D-76,stock,100,7.0,5.95,6.3
Rollei R3,D-76,stock,200,10.0,8.5,9.0
Rollei R3,D-76,stock,400,14.0,11.9,12.6
Rollei R3,HC-110,B,400,14.0,11.9,12.6
Rollei R3,HC-110,B,640,16.0,13.6,14.4
Rollei R3,ID-11,stock,100,7.0,5.95,6.3
Rollei R3,ID-11,stock,200,10.0,8.5,9.0
Rollei R3,ID-11,stock,400,14.0,11.9,12.6
Rollei R3,Microphen,stock,100,9.5,8.07,8.55
Rollei R3,PC-TEA,1+50,300,24.0,20.4,21.6
Rollei R3,Perceptol,1+1,100,17.5,14.88,15.75
Rollei R3,Perceptol,stock,200,14.0,11.9,12.6
Rollei R3,Perceptol,stock,25,10.25,8.71,9.22
Rollei R3,Promicrol,1+14,1600,21.0,17.85,18.9
Rollei R3,Promicrol,1+14,400,14.0,11.9,12.6
Rollei R3,Promicrol,1+9,1600,14.0,11.9,12.6
Rollei R3,Promicrol,1+9,400,10.0,8.5,9.0
Rollei R3,Rodinal,1+25,400,12.0,10.2,10.8
Rollei Retro 100,510-Pyro,1+100,100,10.5,8.92,9.45
Rollei Retro 100,Acufine,stock,400,9.0,7.65,8.1
Rollei Retro 100,Acurol-N,1+100,125,50.0,42.5,45.0
Rollei Retro 100,Acurol-N,1+100,50,50.0,42.5,45.0
Rollei Retro 100,Acurol-N,1+100,80,31.0,26.35,27.9
Rollei Retro 100,Acurol-N,1+50,160,20.0,17.0,18.0
Rollei Retro 100,Acurol-N,1+50,50,9.5,8.07,8.55
Rollei Retro 100,Acurol-N,1+50,64,9.5,8.07,8.55
Rollei Retro 100,Acurol-N,1+50,64,12.0,10.2,10.8
Rollei Retro 100,Acurol-N,1+50,80,12.0,10.2,10.8
Rollei Retro 100,Amaloco AM74,1+7,100,5.0,4.25,4.5
Rollei Retro 100,Amaloco AM74,1+7,200,6.0,5.1,5.4
Rollei Retro 100,Amaloco AM74,1+7,400,7.0,5.95,6.3
Rollei Retro 100,Arista® Liquid,1+9,100,9.0,7.65,8.1
Rollei Retro 100,Atomal 49,3+2,100,6.5,5.52,5.85
Rollei Retro 100,Atomal 49,stock,100,5.75,4.89,5.17
Rollei Retro 100,Atomal 49,stock,200,7.5,6.38,6.75
Rollei Retro 100,Beutler,1+1+8,100,7.5,6.38,6.75
Rollei Retro 100,Caffenol C,stock,100,20.0,17.0,18.0
Rollei Retro 100,Caffenol C-M,stock,100,15.0,12.75,13.5
Rollei Retro 100,D-23,stock,100,11.0,9.35,9.9
Rollei Retro 100,D-76,1+1,100,13.5,11.47,12.15
Rollei Retro 100,D-76,1+3,100,19.5,16.57,17.55
Rollei Retro 100,D-76,stock,100,9.0,7.65,8.1
Rollei Retro 100,Eco Pro,1+1,100,9.75,8.29,8.78
Rollei Retro 100,Eco Pro,1+1,200,12.0,10.2,10.8
Rollei Retro 100,Eco Pro,1+1,25,8.0,6.8,7.2
Rollei Retro 100,Eco Pro,1+1,400,15.5,13.17,13.95
Rollei Retro 100,Eco Pro,1+1,50,8.0,6.8,7.2
Rollei Retro 100,Eco Pro,1+1,800,22.0,18.7,19.8
Rollei Retro 100,Eco Pro,1+2,100,13.75,11.69,12.38
Rollei Retro 100,Eco Pro,1+2,200,15.25,12.96,13.72
Rollei Retro 100,Eco Pro,1+2,25,12.0,10.2,10.8
Rollei Retro 100,Eco Pro,1+2,400,18.75,15.94,16.88
Rollei Retro 100,Eco Pro,1+2,50,12.0,10.2,10.8
Rollei Retro 100,Eco Pro,1+2,800,23.0,19.55,20.7
Rollei Retro 100,Eco Pro,1+3,100,17.25,14.66,15.53
Rollei Retro 100,Eco Pro,1+3,200,19.5,16.57,17.55
Rollei Retro 100,Eco Pro,1+3,25,15.25,12.96,13.72
Rollei Retro 100,Eco Pro,1+3,400,23.0,19.55,20.7
Rollei Retro 100,Eco Pro,1+3,50,15.25,12.96,13.72
Rollei Retro 100,Eco Pro,1+3,800,29.0,24.65,26.1
Rollei Retro 100,Eco Pro,stock,100,6.75,5.74,6.08
Rollei Retro 100,Eco Pro,stock,200,8.75,7.44,7.88
Rollei Retro 100,Eco Pro,stock,25,5.75,4.89,5.17
Rollei Retro 100,Eco Pro,stock,400,11.0,9.35,9.9
Rollei Retro 100,Eco Pro,stock,50,5.75,4.89,5.17
Rollei Retro 100,Eco Pro,stock,800,13.0,11.05,11.7
Rollei Retro 100,Extend Plus,1+15,100,13.0,11.05,11.7
Rollei Retro 100,F76+,1+9,100,6.5,5.52,5.85
Rollei Retro 100,F76+,1+9,100,9.0,7.65,8.1
Rollei Retro 100,FD10,1+14,100,11.0,9.35,9.9
Rollei Retro 100,FD10,1+9,100,5.0,4.25,4.5
Rollei Retro 100,Fomadon Excel,stock,100,10.0,8.5,9.0
Rollei Retro 100,Fomadon P,stock,100,10.0,8.5,9.0
Rollei Retro 100,Fomadon R09,1+24,100,7.5,6.38,6.75
Rollei Retro 100,FX-19,stock,100,9.0,7.65,8.1
Rollei Retro 100,FX-37,1+3,160,4.0,3.4,3.6
Rollei Retro 100,FX-39,1+9,100,7.5,6.38,6.75
Rollei Retro 100,HC-110,B,100,7.0,5.95,6.3
Rollei Retro 100,HC-110,B,80,7.0,5.95,6.3
Rollei Retro 100,HC-110,B,800,20.0,17.0,18.0
Rollei Retro 100,ID-11,1+1,100,13.5,11.47,12.15
Rollei Retro 100,ID-11,stock,100,9.0,7.65,8.1
Rollei Retro 100,ID-11,stock,400,20.0,17.0,18.0
Rollei Retro 100,Ilfosol 3,1+14,80,8.5,7.22,7.65
Rollei Retro 100,Ilfosol 3,1+9,80,6.0,5.1,5.4
Rollei Retro 100,Ilfotec DD-X,1+4,100,7.0,5.95,6.3
Rollei Retro 100,Ilfotec DD-X,1+4,200,8.0,6.8,7.2
Rollei Retro 100,Ilfotec DD-X,1+4,50,6.0,5.1,5.4
Rollei Retro 100,Ilfotec HC,1+31,100,7.5,6.38,6.75
Rollei Retro 100,Ilfotec LC29,1+19,100,7.5,6.38,6.75
Rollei Retro 100,Ilfotec LC29,1+29,100,9.0,7.65,8.1
Rollei Retro 100,Microdol-X,1+3,100,20.0,17.0,18.0
Rollei Retro 100,Microdol-X,stock,100,13.0,11.05,11.7
Rollei Retro 100,Microphen,stock,100,9.0,7.65,8.1
Rollei Retro 100,Neofin Blue,stock,100,14.0,11.9,12.6
Rollei Retro 100,Neopress HC,1+15,100,2.5,2.12,2.25
Rollei Retro 100,Neopress HC,1+31,100,2.5,2.12,2.25
Rollei Retro 100,Neopress HC,1+31,100,4.0,3.4,3.6
Rollei Retro 100,Nucleol BF200,20+15+965,100,4.5,3.82,4.05
Rollei Retro 100,Ornano Gradual ST20,1+9,100,6.5,5.52,5.85
Rollei Retro 100,Paranol S,1+25,100,18.0,15.3,16.2
Rollei Retro 100,Paranol S,1+50,100,40.0,34.0,36.0
Rollei Retro 100,PC-TEA,1+100,100,18.0,15.3,16.2
Rollei Retro 100,PC-TEA,1+50,100,10.0,8.5,9.0
Rollei Retro 100,Perceptol,stock,100,9.0,7.65,8.1
Rollei Retro 100,PMK,1+2+100,100,13.0,11.05,11.7
Rollei Retro 100,Promicrol,1+14,150,11.0,9.35,9.9
Rollei Retro 100,Promicrol,1+14,200,11.0,9.35,9.9
Rollei Retro 100,Promicrol,1+9,150,7.0,5.95,6.3
Rollei Retro 100,Promicrol,1+9,200,7.0,5.95,6.3
Rollei Retro 100,Promicrol,1+9,360,10.0,8.5,9.0
Rollei Retro 100,Pyrocat-HD,1+1+100,100,20.0,17.0,18.0
Rollei Retro 100,Pyrocat-HD-M,1+5+100,100,15.0,12.75,13.5
Rollei Retro 100,Rodinal,1+24,64,7.5,6.38,6.75
Rollei Retro 100,Rodinal,1+25,125,8.0,6.8,7.2
Rollei Retro 100,Rodinal,1+25,160,9.5,8.07,8.55
Rollei Retro 100,Rodinal,1+25,200,11.0,9.35,9.9
Rollei Retro 100,Rodinal,1+25,400,15.0,12.75,13.5
Rollei Retro 100,Rodinal,1+50,100,13.0,11.05,11.7
Rollei Retro 100,Rodinal,1+50,160,17.0,14.45,15.3
Rollei Retro 100,Rodinal,1+50,200,21.5,18.27,19.35
Rollei Retro 100,Rodinal,1+50,400,29.0,24.65,26.1
Rollei Retro 100,Rodinal,1+50,50,11.5,9.78,10.35
Rollei Retro 100,Rodinal,1+50,80,12.0,10.2,10.8
Rollei Retro 100,Rollei D74,1+15,100,8.5,7.22,7.65
Rollei Retro 100,Rollei D74,1+15,200,10.5,8.92,9.45
Rollei Retro 100,Rollei D74,1+7,100,5.5,4.67,4.95
Rollei Retro 100,Rollei D74,1+7,200,6.5,5.52,5.85
Rollei Retro 100,Rollei D74,1+9,100,6.0,5.1,5.4
Rollei Retro 100,Rollei D74,1+9,200,7.5,6.38,6.75
Rollei Retro 100,Silberra Ascorol,1+29,100,9.0,7.65,8.1
Rollei Retro 100,Sprint Standard,1+9,100,8.5,7.22,7.65
Rollei Retro 100,Spur HRX,1+20,64,10.0,8.5,9.0
Rollei Retro 100,Spur SD 2525,1+15,80,6.0,5.1,5.4
Rollei Retro 100,Spur SLD,1+9,100,4.0,3.4,3.6
Rollei Retro 100,Studional,1+15,100,3.5,2.98,3.15
Rollei Retro 100,Studional,1+15,100,4.0,3.4,3.6
Rollei Retro 100,Studional,1+15,125,4.0,3.4,3.6
Rollei Retro 100,Studional,1+15,200,6.0,5.1,5.4
Rollei Retro 100,Studional,1+15,64,3.5,2.98,3.15
Rollei Retro 100,Studional,1+29,64,7.0,5.95,6.3
Rollei Retro 100,Suprol,1+19,100,3.25,2.76,2.93
Rollei Retro 100,TFX-2,stock,160,17.0,14.45,15.3
Rollei Retro 100,TMax Dev,1+19,100,16.5,14.03,14.85
Rollei Retro 100,TMax Dev,1+4,100,6.5,5.52,5.85
Rollei Retro 100,TMax Dev,1+9,100,10.0,8.5,9.0
Rollei Retro 100,TMax RS,stock,100,5.0,4.25,4.5
Rollei Retro 100,Ultrafin,1+10,100,10.0,8.5,9.0
Rollei Retro 100,Ultrafin,1+20,100,13.0,11.05,11.7
Rollei Retro 100,Ultrafin T-Plus,1+4,100,10.0,8.5,9.0
Rollei Retro 100,WD2D+,stock,100,9.0,7.65,8.1
Rollei Retro 100,XT-3,1+1,100,9.75,8.29,8.78
Rollei Retro 100,XT-3,1+1,200,12.0,10.2,10.8
Rollei Retro 100,XT-3,1+1,25,8.0,6.8,7.2
Rollei Retro 100,XT-3,1+1,400,15.5,13.17,13.95
Rollei Retro 100,XT-3,1+1,50,8.0,6.8,7.2
Rollei Retro 100,XT-3,1+1,800,22.0,18.7,19.8
Rollei Retro 100,XT-3,1+2,100,13.75,11.69,12.38
Rollei Retro 100,XT-3,1+2,200,15.25,12.96,13.72
Rollei Retro 100,XT-3,1+2,25,12.0,10.2,10.8
Rollei Retro 100,XT-3,1+2,400,18.75,15.94,16.88
Rollei Retro 100,XT-3,1+2,50,12.0,10.2,10.8
Rollei Retro 100,XT-3,1+2,800,23.0,19.55,20.7
Rollei Retro 100,XT-3,1+3,100,17.25,14.66,15.53
Rollei Retro 100,XT-3,1+3,200,19.5,16.57,17.55
Rollei Retro 100,XT-3,1+3,25,15.25,12.96,13.72
Rollei Retro 100,XT-3,1+3,400,23.0,19.55,20.7
Rollei Retro 100,XT-3,1+3,50,15.25,12.96,13.72
Rollei Retro 100,XT-3,1+3,800,29.0,24.65,26.1
Rollei Retro 100,XT-3,stock,100,6.75,5.74,6.08
Rollei Retro 100,XT-3,stock,200,8.75,7.44,7.88
Rollei Retro 100,XT-3,stock,25,5.75,4.89,5.17
Rollei Retro 100,XT-3,stock,400,11.0,9.35,9.9
Rollei Retro 100,XT-3,stock,50,5.75,4.89,5.17
Rollei Retro 100,XT-3,stock,800,13.0,11.05,11.7
Rollei Retro 100,Xtol,1+1,100,9.75,8.29,8.78
Rollei Retro 100,Xtol,1+1,200,12.0,10.2,10.8
Rollei Retro 100,Xtol,1+1,25,8.0,6.8,7.2
Rollei Retro 100,Xtol,1+1,400,15.5,13.17,13.95
Rollei Retro 100,Xtol,1+1,50,8.0,6.8,7.2
Rollei Retro 100,Xtol,1+1,800,22.0,18.7,19.8
Rollei Retro 100,Xtol,1+2,100,13.75,11.69,12.38
Rollei Retro 100,Xtol,1+2,200,15.25,12.96,13.72
Rollei Retro 100,Xtol,1+2,25,12.0,10.2,10.8
Rollei Retro 100,Xtol,1+2,400,18.75,15.94,16.88
Rollei Retro 100,Xtol,1+2,50,12.0,10.2,10.8
Rollei Retro 100,Xtol,1+2,800,23.0,19.55,20.7
Rollei Retro 100,Xtol,1+3,100,17.25,14.66,15.53
Rollei Retro 100,Xtol,1+3,200,19.5,16.57,17.55
Rollei Retro 100,Xtol,1+3,25,15.25,12.96,13.72
Rollei Retro 100,Xtol,1+3,400,23.0,19.55,20.7
Rollei Retro 100,Xtol,1+3,50,15.25,12.96,13.72
Rollei Retro 100,Xtol,1+3,800,29.0,24.65,26.1
Rollei Retro 100,Xtol,stock,100,6.75,5.74,6.08
Rollei Retro 100,Xtol,stock,200,8.75,7.44,7.88
Rollei Retro 100,Xtol,stock,25,5.75,4.89,5.17
Rollei Retro 100,Xtol,stock,400,11.0,9.35,9.9
Rollei Retro 100,Xtol,stock,50,5.75,4.89,5.17
Rollei Retro 100,Xtol,stock,800,13.0,11.05,11.7
Rollei Retro 100 Tonal,Acurol-N,1+50,50,11.0,9.35,9.9
Rollei Retro 100 Tonal,D-76,stock,100,7.0,5.95,6.3
Rollei Retro 100 Tonal,Eco Pro,1+2,100,16.0,13.6,14.4
Rollei Retro 100 Tonal,Ecoprint Universal,1+12,100,5.0,4.25,4.5
Rollei Retro 100 Tonal,HC-110,B,100,5.0,4.25,4.5
Rollei Retro 100 Tonal,ID-11,stock,100,7.0,5.95,6.3
Rollei Retro 100 Tonal,Ilfotec DD-X,1+4,100,8.5,7.22,7.65
Rollei Retro 100 Tonal,Ilfotec HC,1+15,100,7.0,5.95,6.3
Rollei Retro 100 Tonal,Microphen,stock,200,7.0,5.95,6.3
Rollei Retro 100 Tonal,Perceptol,stock,50,9.0,7.65,8.1
Rollei Retro 100 Tonal,Promicrol,1+14,100,10.0,8.5,9.0
Rollei Retro 100 Tonal,Promicrol,1+9,100,6.5,5.52,5.85
Rollei Retro 100 Tonal,Rodinal,1+50,100,13.0,11.05,11.7
Rollei Retro 100 Tonal,Rollei RLC Low Contrast,1+4,100,8.0,6.8,7.2
Rollei Retro 100 Tonal,Spur HRX,1+13,64,13.0,11.05,11.7
Rollei Retro 100 Tonal,TMax Dev,1+4,100,6.0,5.1,5.4
Rollei Retro 100 Tonal,Ultrafin,1+10,100,7.0,5.95,6.3
Rollei Retro 100 Tonal,Ultrafin,1+20,100,9.0,7.65,8.1
Rollei Retro 100 Tonal,Uncle Mort's,1+9,100,6.5,5.52,5.85
Rollei Retro 100 Tonal,XT-3,1+2,100,16.0,13.6,14.4
Rollei Retro 100 Tonal,Xtol,1+2,100,16.0,13.6,14.4
Rollei Retro 400,510-Pyro,1+100,320,13.0,11.05,11.7
Rollei Retro 400,Amaloco AM74,1+7,400,5.0,4.25,4.5
Rollei Retro 400,Amaloco AM74,1+7,800,6.5,5.52,5.85
Rollei Retro 400,Arista® Liquid,1+9,400,8.0,6.8,7.2
Rollei Retro 400,Arista® Premium,1+9,400,7.5,6.38,6.75
Rollei Retro 400,Atomal 49,stock,400,9.0,7.65,8.1
Rollei Retro 400,D-23,stock,100,12.0,10.2,10.8
Rollei Retro 400,D-76,1+1,250,11.0,9.35,9.9
Rollei Retro 400,D-76,1+1,400,11.0,9.35,9.9
Rollei Retro 400,D-76,1+3,400,27.0,22.95,24.3
Rollei Retro 400,D-76,stock,400,12.0,10.2,10.8
Rollei Retro 400,D-76,stock,400,10.0,8.5,9.0
Rollei Retro 400,Eco Pro,1+1,3200,21.0,17.85,18.9
Rollei Retro 400,Eco Pro,1+1,400,10.5,8.92,9.45
Rollei Retro 400,Eco Pro,1+1,400,13.5,11.47,12.15
Rollei Retro 400,Eco Pro,1+2,1600,18.0,15.3,16.2
Rollei Retro 400,Eco Pro,1+2,400,12.0,10.2,10.8
Rollei Retro 400,Eco Pro,1+3,400,12.75,10.84,11.47
Rollei Retro 400,Eco Pro,1+4,100,6.5,5.52,5.85
Rollei Retro 400,Eco Pro,stock,400,8.0,6.8,7.2
Rollei Retro 400,Extend Plus,1+15,400,12.0,10.2,10.8
Rollei Retro 400,F76+,1+9,400,8.0,6.8,7.2
Rollei Retro 400,FD10,1+14,400,12.0,10.2,10.8
Rollei Retro 400,FD10,1+9,400,7.0,5.95,6.3
Rollei Retro 400,Foma W-17 Hydrofen,1+1,400,11.0,9.35,9.9
Rollei Retro 400,Foma W-17 Hydrofen,1+1,6400,85.0,72.25,76.5
Rollei Retro 400,Fomadon LQN,1+7,400,11.0,9.35,9.9
Rollei Retro 400,Fomadon P,stock,400,13.0,11.05,11.7
Rollei Retro 400,FX-19,stock,100,10.0,8.5,9.0
Rollei Retro 400,FX-39,1+9,400,11.0,9.35,9.9
Rollei Retro 400,HC-110,B,400,6.0,5.1,5.4
Rollei Retro 400,HC-110,C,100,7.5,6.38,6.75
Rollei Retro 400,HC-110,H,400,12.0,10.2,10.8
Rollei Retro 400,ID-11,1+1,250,11.0,9.35,9.9
Rollei Retro 400,ID-11,1+1,400,11.0,9.35,9.9
Rollei Retro 400,ID-11,stock,400,12.0,10.2,10.8
Rollei Retro 400,ID-11,stock,400,10.0,8.5,9.0
Rollei Retro 400,Ilfosol 3,1+14,320,14.5,12.32,13.05
Rollei Retro 400,Ilfosol 3,1+9,320,9.0,7.65,8.1
Rollei Retro 400,Ilfotec DD-X,1+4,200,10.0,8.5,9.0
Rollei Retro 400,Ilfotec DD-X,1+4,400,12.0,10.2,10.8
Rollei Retro 400,Ilfotec DD-X,1+4,800,15.0,12.75,13.5
Rollei Retro 400,Ilfotec LC29,1+29,320,15.0,12.75,13.5
Rollei Retro 400,Microdol-X,stock,320,13.0,11.05,11.7
Rollei Retro 400,Microphen,1+1,400,11.0,9.35,9.9
Rollei Retro 400,Microphen,1+1,6400,55.0,46.75,49.5
Rollei Retro 400,Microphen,stock,1600,16.0,13.6,14.4
Rollei Retro 400,Neofin Blue,1+10,400,13.0,11.05,11.7
Rollei Retro 400,Neofin Blue,stock,400,20.0,17.0,18.0
Rollei Retro 400,Neopress HC,1+15,1600,6.0,5.1,5.4
Rollei Retro 400,Neopress HC,1+15,400,2.0,1.7,1.8
Rollei Retro 400,Neopress HC,1+15,400,3.5,2.98,3.15
Rollei Retro 400,Neopress HC,1+15,800,3.5,2.98,3.15
Rollei Retro 400,Neopress HC,1+31,400,4.0,3.4,3.6
Rollei Retro 400,Neopress HC,1+31,400,7.0,5.95,6.3
Rollei Retro 400,Parodinal,1+50,400,20.0,17.0,18.0
Rollei Retro 400,Perceptol,stock,320,16.0,13.6,14.4
Rollei Retro 400,Promicrol,1+14,1600,20.0,17.0,18.0
Rollei Retro 400,Promicrol,1+14,400,13.0,11.05,11.7
Rollei Retro 400,Promicrol,1+14,600,13.0,11.05,11.7
Rollei Retro 400,Promicrol,1+14,800,13.0,11.05,11.7
Rollei Retro 400,Promicrol,1+9,1600,14.0,11.9,12.6
Rollei Retro 400,Promicrol,1+9,400,8.75,7.44,7.88
Rollei Retro 400,Promicrol,1+9,600,8.0,6.8,7.2
Rollei Retro 400,Promicrol,1+9,800,8.0,6.8,7.2
Rollei Retro 400,Pyrocat-HD,1+1+250,200,50.0,42.5,45.0
Rollei Retro 400,Pyrocat-HD,1+1+250,400,60.0,51.0,54.0
Rollei Retro 400,Rodinal,1+100,200,15.0,12.75,13.5
Rollei Retro 400,Rodinal,1+24,250,5.0,4.25,4.5
Rollei Retro 400,Rodinal,1+25,320,10.0,8.5,9.0
Rollei Retro 400,Rodinal,1+25,320,7.0,5.95,6.3
Rollei Retro 400,Rodinal,1+25,400,7.0,5.95,6.3
Rollei Retro 400,Rodinal,1+25,800,14.0,11.9,12.6
Rollei Retro 400,Rodinal,1+49,250,8.0,6.8,7.2
Rollei Retro 400,Rodinal,1+50,200,10.0,8.5,9.0
Rollei Retro 400,Rodinal,1+50,320,30.0,25.5,27.0
Rollei Retro 400,Rodinal,1+50,320,11.0,9.35,9.9
Rollei Retro 400,Rodinal,1+50,500,11.0,9.35,9.9
Rollei Retro 400,Silberra Ascorol,1+29,400,10.0,8.5,9.0
Rollei Retro 400,Sprint Standard,1+9,400,15.0,12.75,13.5
Rollei Retro 400,Spur HRX,1+17,320,15.0,12.75,13.5
Rollei Retro 400,Spur SD 2525,1+9,320,7.5,6.38,6.75
Rollei Retro 400,Studional,1+15,400,6.0,5.1,5.4
Rollei Retro 400,Studional,1+15,400,4.5,3.82,4.05
Rollei Retro 400,Studional,1+31,400,8.0,6.8,7.2
Rollei Retro 400,Suprol,1+19,400,5.0,4.25,4.5
Rollei Retro 400,TFX-2,1+1+18,400,19.0,16.15,17.1
Rollei Retro 400,TMax Dev,1+4,1600,15.0,12.75,13.5
Rollei Retro 400,TMax Dev,1+4,400,12.0,10.2,10.8
Rollei Retro 400,TMax Dev,1+4,400,7.0,5.95,6.3
Rollei Retro 400,TMax RS,stock,200,5.0,4.25,4.5
Rollei Retro 400,TMax RS,stock,320,6.0,5.1,5.4
Rollei Retro 400,Ultrafin,1+10,400,15.0,12.75,13.5
Rollei Retro 400,WD2D+,stock,400,10.0,8.5,9.0
Rollei Retro 400,XT-3,1+1,3200,21.0,17.85,18.9
Rollei Retro 400,XT-3,1+1,400,10.5,8.92,9.45
Rollei Retro 400,XT-3,1+1,400,13.5,11.47,12.15
Rollei Retro 400,XT-3,1+2,1600,18.0,15.3,16.2
Rollei Retro 400,XT-3,1+2,400,12.0,10.2,10.8
Rollei Retro 400,XT-3,1+3,400,12.75,10.84,11.47
Rollei Retro 400,XT-3,1+4,100,6.5,5.52,5.85
Rollei Retro 400,XT-3,stock,400,8.0,6.8,7.2
Rollei Retro 400,Xtol,1+1,3200,21.0,17.85,18.9
Rollei Retro 400,Xtol,1+1,400,10.5,8.92,9.45
Rollei Retro 400,Xtol,1+1,400,13.5,11.47,12.15
Rollei Retro 400,Xtol,1+2,1600,18.0,15.3,16.2
Rollei Retro 400,Xtol,1+2,400,12.0,10.2,10.8
Rollei Retro 400,Xtol,1+3,400,12.75,10.84,11.47
Rollei Retro 400,Xtol,1+4,100,6.5,5.52,5.85
Rollei Retro 400,Xtol,stock,400,8.0,6.8,7.2
Rollei Retro 400S,510-Pyro,1+100,400,22.0,18.7,19.8
Rollei Retro 400S,ACU-1,1+5,400,18.0,15.3,16.2
Rollei Retro 400S,Acufine,stock,200,17.0,14.45,15.3
Rollei Retro 400S,Acufine,stock,400,17.0,14.45,15.3
Rollei Retro 400S,Acurol-N,1+50,40,13.5,11.47,12.15
Rollei Retro 400S,ADX II,1+24,160,11.0,9.35,9.9
Rollei Retro 400S,Ars-Imago FD,1+31,400,14.0,11.9,12.6
Rollei Retro 400S,Atomal 49,1+1,400,15.0,12.75,13.5
Rollei Retro 400S,Atomal 49,stock,400,9.0,7.65,8.1
Rollei Retro 400S,Bellini Hydrofen,1+15,200,5.0,4.25,4.5
Rollei Retro 400S,Bellini Hydrofen,1+15,400,8.5,7.22,7.65
Rollei Retro 400S,Beutler,1+1+10,160,9.5,8.07,8.55
Rollei Retro 400S,Beutler,1+1+8,400,11.5,9.78,10.35
Rollei Retro 400S,Black/White & Green,1+49,400,19.5,16.57,17.55
Rollei Retro 400S,D-23,1+3,320,20.0,17.0,18.0
Rollei Retro 400S,D-76,1+1,400,16.0,13.6,14.4
Rollei Retro 400S,D-76,1+3,400,18.0,15.3,16.2
Rollei Retro 400S,D-76,1+3,800,36.0,30.6,32.4
Rollei Retro 400S,D-76,stock,400,10.5,8.92,9.45
Rollei Retro 400S,Eco Pro,1+1,400,17.0,14.45,15.3
Rollei Retro 400S,Eco Pro,1+2,200,13.0,11.05,11.7
Rollei Retro 400S,Eco Pro,1+2,400,21.0,17.85,18.9
Rollei Retro 400S,Eco Pro,stock,400,12.0,10.2,10.8
Rollei Retro 400S,FD10,1+9,400,12.0,10.2,10.8
Rollei Retro 400S,Foma Universal,1+3,400,10.5,8.92,9.45
Rollei Retro 400S,Fomadon Excel,stock,400,9.5,8.07,8.55
Rollei Retro 400S,Fomadon R09,1+25,1600,20.0,17.0,18.0
Rollei Retro 400S,HC-110,B,1600,16.0,13.6,14.4
Rollei Retro 400S,HC-110,B,400,6.5,5.52,5.85
Rollei Retro 400S,HC-110,E,400,10.0,8.5,9.0
Rollei Retro 400S,HC-110,H,400,13.0,11.05,11.7
Rollei Retro 400S,ID-11,1+1,400,16.0,13.6,14.4
Rollei Retro 400S,ID-11,1+3,400,18.0,15.3,16.2
Rollei Retro 400S,ID-11,stock,400,10.5,8.92,9.45
Rollei Retro 400S,Ilfosol 3,1+14,400,15.0,12.75,13.5
Rollei Retro 400S,Ilfosol 3,1+4,400,10.0,8.5,9.0
Rollei Retro 400S,Ilfosol 3,1+9,400,7.0,5.95,6.3
Rollei Retro 400S,Ilfotec DD-X,1+4,400,10.0,8.5,9.0
Rollei Retro 400S,Ilfotec DD-X,1+4,800,13.0,11.05,11.7
Rollei Retro 400S,Ilfotec HC,1+31,400,7.5,6.38,6.75
Rollei Retro 400S,Ilfotec LC29,1+19,100,7.5,6.38,6.75
Rollei Retro 400S,Ilfotec LC29,1+19,400,12.0,10.2,10.8
Rollei Retro 400S,Ilfotec LC29,1+19,800,16.0,13.6,14.4
Rollei Retro 400S,Kalogen,1+60,400,19.0,16.15,17.1
Rollei Retro 400S,Microphen,stock,1600,17.0,14.45,15.3
Rollei Retro 400S,Microphen,stock,200,7.0,5.95,6.3
Rollei Retro 400S,Microphen,stock,400,9.0,7.65,8.1
Rollei Retro 400S,Microphen,stock,800,13.0,11.05,11.7
Rollei Retro 400S,Nucleol BF200,20+15+965,400,9.5,8.07,8.55
Rollei Retro 400S,Paranol S,1+25,400,4.0,3.4,3.6
Rollei Retro 400S,Paranol S,1+50,400,7.0,5.95,6.3
Rollei Retro 400S,PC-TEA,1+50,320,11.0,9.35,9.9
Rollei Retro 400S,Rodinal,1+100,200,20.0,17.0,18.0
Rollei Retro 400S,Rodinal,1+100,400,60.0,51.0,54.0
Rollei Retro 400S,Rodinal,1+25,400,10.5,8.92,9.45
Rollei Retro 400S,Rodinal,1+50,400,22.0,18.7,19.8
Rollei Retro 400S,Rollei D74,1+7,200,9.5,8.07,8.55
Rollei Retro 400S,Rollei D74,1+7,400,9.5,8.07,8.55
Rollei Retro 400S,Rollei D74,1+9,320,10.5,8.92,9.45
Rollei Retro 400S,Rollei RLC Low Contrast,1+4,200,9.0,7.65,8.1
Rollei Retro 400S,Rollei RLC Low Contrast,1+4,400,10.25,8.71,9.22
Rollei Retro 400S,Silberra Ascorol,1+29,400,10.0,8.5,9.0
Rollei Retro 400S,SPD,1+1,100,3.0,2.55,2.7
Rollei Retro 400S,SPD,1+1,1600,16.5,14.03,14.85
Rollei Retro 400S,SPD,1+1,400,7.0,5.95,6.3
Rollei Retro 400S,SPD,1+1,800,10.5,8.92,9.45
Rollei Retro 400S,Sprint Standard,1+9,400,13.0,11.05,11.7
Rollei Retro 400S,Spur HRX,1+11,40,12.0,10.2,10.8
Rollei Retro 400S,Spur SLD,1+20,125,8.0,6.8,7.2
Rollei Retro 400S,Spur SLD,1+29,200,11.0,9.35,9.9
Rollei Retro 400S,Spur Speed-Major,1+14,640,12.0,10.2,10.8
Rollei Retro 400S,Spur Speed-Major,1+20,400,11.0,9.35,9.9
Rollei Retro 400S,Spur Speed-Major,1+24,200,10.0,8.5,9.0
Rollei Retro 400S,Spur Speed-Major,1+30,100,9.0,7.65,8.1
Rollei Retro 400S,Spur Speed-Major,1+9,1000,13.0,11.05,11.7
Rollei Retro 400S,Spur UFP,1+24,50,8.0,6.8,7.2
Rollei Retro 400S,Studional,1+15,400,8.5,7.22,7.65
Rollei Retro 400S,Studional,1+32,250,17.0,14.45,15.3
Rollei Retro 400S,TMax Dev,1+4,400,9.5,8.07,8.55
Rollei Retro 400S,Ultrafin,1+10,400,15.0,12.75,13.5
Rollei Retro 400S,Ultrafin,1+20,400,23.0,19.55,20.7
Rollei Retro 400S,Ultrafin,1+4,100,4.0,3.4,3.6
Rollei Retro 400S,Ultrafin,1+4,200,6.0,5.1,5.4
Rollei Retro 400S,Ultrafin,1+4,400,8.0,6.8,7.2
Rollei Retro 400S,Ultrafin T-Plus,1+4,400,4.0,3.4,3.6
Rollei Retro 400S,XT-3,1+1,400,17.0,14.45,15.3
Rollei Retro 400S,XT-3,1+2,200,13.0,11.05,11.7
Rollei Retro 400S,XT-3,1+2,400,21.0,17.85,18.9
Rollei Retro 400S,XT-3,stock,400,12.0,10.2,10.8
Rollei Retro 400S,Xtol,1+1,400,17.0,14.45,15.3
Rollei Retro 400S,Xtol,1+2,200,13.0,11.05,11.7
Rollei Retro 400S,Xtol,1+2,400,21.0,17.85,18.9
Rollei Retro 400S,Xtol,stock,400,12.0,10.2,10.8
Rollei Retro 80S,510-Pyro,1+100,80,9.75,8.29,8.78
Rollei Retro 80S,510-Pyro,1+150,25,8.75,7.44,7.88
Rollei Retro 80S,Acufine,stock,100,5.0,4.25,4.5
Rollei Retro 80S,Acufine,stock,80,4.5,3.82,4.05
Rollei Retro 80S,Adox HR-DEV,1+40,25,10.0,8.5,9.0
Rollei Retro 80S,ADX II,1+24,40,6.5,5.52,5.85
Rollei Retro 80S,Ars-Imago FD,1+39,80,8.0,6.8,7.2
Rollei Retro 80S,Atomal 49,1+1,65,13.0,11.05,11.7
Rollei Retro 80S,Bellini Hydrofen,1+15,80,4.5,3.82,4.05
Rollei Retro 80S,Bellini Hydrofen,1+31,64,8.0,6.8,7.2
Rollei Retro 80S,Bellini Hydrofen,1+31,80,10.0,8.5,9.0
Rollei Retro 80S,Beutler,1+1+8,100,10.0,8.5,9.0
Rollei Retro 80S,Beutler,1+1+8,80,9.0,7.65,8.1
Rollei Retro 80S,Burton 195,stock,80,60.0,51.0,54.0
Rollei Retro 80S,Caffenol C,stock,64,12.0,10.2,10.8
Rollei Retro 80S,Caffenol C,stock,80,12.0,10.2,10.8
Rollei Retro 80S,D-23,1+1,80,13.0,11.05,11.7
Rollei Retro 80S,D-23,stock,50,7.0,5.95,6.3
Rollei Retro 80S,D-76,1+1,160,16.5,14.03,14.85
Rollei Retro 80S,D-76,1+1,80,12.5,10.62,11.25
Rollei Retro 80S,D-76,1+3,100,25.0,21.25,22.5
Rollei Retro 80S,D-76,stock,80,9.0,7.65,8.1
Rollei Retro 80S,DK-76,1+3,80,18.0,15.3,16.2
Rollei Retro 80S,Eco Pro,1+1,80,8.0,6.8,7.2
Rollei Retro 80S,Eco Pro,1+2,40,9.5,8.07,8.55
Rollei Retro 80S,Eco Pro,1+2,64,11.0,9.35,9.9
Rollei Retro 80S,Eco Pro,1+2,80,12.0,10.2,10.8
Rollei Retro 80S,Eco Pro,stock,80,9.0,7.65,8.1
Rollei Retro 80S,Eco Pro,stock,80,6.5,5.52,5.85
Rollei Retro 80S,FD10,1+9,80,6.5,5.52,5.85
Rollei Retro 80S,Fuji Microfine,1+1,100,13.0,11.05,11.7
Rollei Retro 80S,FX-1,stock,50,10.0,8.5,9.0
Rollei Retro 80S,FX-39,1+19,64,13.0,11.05,11.7
Rollei Retro 80S,FX-39,1+19,80,14.0,11.9,12.6
Rollei Retro 80S,HC-110,B,80,5.0,4.25,4.5
Rollei Retro 80S,HC-110,B,80,8.0,6.8,7.2
Rollei Retro 80S,HC-110,E,80,5.0,4.25,4.5
Rollei Retro 80S,HC-110,F,80,13.5,11.47,12.15
Rollei Retro 80S,HC-110,G,50,20.0,17.0,18.0
Rollei Retro 80S,HC-110,H,80,15.0,12.75,13.5
Rollei Retro 80S,ID-11,1+1,80,12.5,10.62,11.25
Rollei Retro 80S,ID-11,stock,80,9.0,7.65,8.1
Rollei Retro 80S,Ilfosol 3,1+9,80,7.0,5.95,6.3
Rollei Retro 80S,Ilfosol 3,1+9,80,5.0,4.25,4.5
Rollei Retro 80S,Ilfotec DD-X,1+4,100,6.5,5.52,5.85
Rollei Retro 80S,Ilfotec DD-X,1+4,200,8.5,7.22,7.65
Rollei Retro 80S,Ilfotec DD-X,1+4,80,4.5,3.82,4.05
Rollei Retro 80S,Ilfotec HC,1+31,80,8.0,6.8,7.2
Rollei Retro 80S,Ilfotec LC29,1+29,80,11.0,9.35,9.9
Rollei Retro 80S,Microdol-X,1+3,80,15.0,12.75,13.5
Rollei Retro 80S,Microphen,stock,80,9.0,7.65,8.1
Rollei Retro 80S,Neofin Blue,1+16,50,5.0,4.25,4.5
Rollei Retro 80S,Neofin Blue,1+16,80,6.0,5.1,5.4
Rollei Retro 80S,Perceptol,1+3,25,12.5,10.62,11.25
Rollei Retro 80S,Perceptol,1+3,80,18.0,15.3,16.2
Rollei Retro 80S,PMK,1+2+100,80,13.0,11.05,11.7
Rollei Retro 80S,Pyrocat-HD,1+1+100,50,13.0,11.05,11.7
Rollei Retro 80S,Pyrocat-HD,1+1+100,75,13.0,11.05,11.7
Rollei Retro 80S,Rodinal,1+100,320,90.0,76.5,81.0
Rollei Retro 80S,Rodinal,1+100,64,40.0,34.0,36.0
Rollei Retro 80S,Rodinal,1+100,80,60.0,51.0,54.0
Rollei Retro 80S,Rodinal,1+200,100,110.0,93.5,99.0
Rollei Retro 80S,Rodinal,1+200,80,65.0,55.25,58.5
Rollei Retro 80S,Rodinal,1+25,80,8.0,6.8,7.2
Rollei Retro 80S,Rodinal,1+50,40,10.0,8.5,9.0
Rollei Retro 80S,Rodinal,1+50,50,11.0,9.35,9.9
Rollei Retro 80S,Rodinal,1+50,80,14.0,11.9,12.6
Rollei Retro 80S,Rollei D74,1+15,50,5.0,4.25,4.5
Rollei Retro 80S,Rollei D74,1+15,80,5.5,4.67,4.95
Rollei Retro 80S,Rollei RLS Low Speed,1+4,50,13.5,11.47,12.15
Rollei Retro 80S,Rollei RPX-D,1+19,40,8.0,6.8,7.2
Rollei Retro 80S,Rollei Supergrain,1+12,80,8.0,6.8,7.2
Rollei Retro 80S,Rollei Supergrain,1+15,50,8.25,7.01,7.42
Rollei Retro 80S,Sprint Standard,1+9,80,8.5,7.22,7.65
Rollei Retro 80S,Spur HRX,1+17,20,8.0,6.8,7.2
Rollei Retro 80S,Spur SD 2525,1+19,40,5.0,4.25,4.5
Rollei Retro 80S,Spur SLD,1+24,50,9.0,7.65,8.1
Rollei Retro 80S,Spur SLD,1+29,50,5.5,4.67,4.95
Rollei Retro 80S,Spur Speed-Major,1+14,200,13.0,11.05,11.7
Rollei Retro 80S,Spur Speed-Major,1+20,100,12.0,10.2,10.8
Rollei Retro 80S,Spur Speed-Major,1+27,80,11.0,9.35,9.9
Rollei Retro 80S,Spur Speed-Major,1+35,50,9.0,7.65,8.1
Rollei Retro 80S,Spur Speed-Major,1+40,25,7.0,5.95,6.3
Rollei Retro 80S,Spur Speed-Major,1+9,320,15.0,12.75,13.5
Rollei Retro 80S,Spur TRX 2000,1+40,25,10.0,8.5,9.0
Rollei Retro 80S,Spur UFP,1+40,20,9.0,7.65,8.1
Rollei Retro 80S,Studional,1+31,64,8.0,6.8,7.2
Rollei Retro 80S,Suprol,1+39,64,4.25,3.61,3.83
Rollei Retro 80S,TMax Dev,1+4,80,7.0,5.95,6.3
Rollei Retro 80S,Ultrafin,1+20,80,11.0,9.35,9.9
Rollei Retro 80S,XT-3,1+1,80,8.0,6.8,7.2
Rollei Retro 80S,XT-3,1+2,40,9.5,8.07,8.55
Rollei Retro 80S,XT-3,1+2,64,11.0,9.35,9.9
Rollei Retro 80S,XT-3,1+2,80,12.0,10.2,10.8
Rollei Retro 80S,Xtol,1+1,80,8.0,6.8,7.2
Rollei Retro 80S,Xtol,1+2,40,9.5,8.07,8.55
Rollei Retro 80S,Xtol,1+2,64,11.0,9.35,9.9
Rollei Retro 80S,Xtol,1+2,80,12.0,10.2,10.8
Rollei Retro 80S,Xtol,stock,80,9.5,8.07,8.55
Rollei Retro 80S,Xtol,stock,80,9.0,7.65,8.1
Rollei Retro 80S,Xtol,stock,80,6.5,5.52,5.85
Rollei RPX 100,510-Pyro,1+100,100,11.75,9.99,10.58
Rollei RPX 100,510-Pyro,1+100,100,15.0,12.75,13.5
Rollei RPX 100,ACU-1,1+10,100,9.0,7.65,8.1
Rollei RPX 100,ACU-1,1+10,200,10.5,8.92,9.45
Rollei RPX 100,Acurol-N,1+70,100,12.0,10.2,10.8
Rollei RPX 100,Adox HR-DEV,1+35,100,12.0,10.2,10.8
Rollei RPX 100,Ars-Imago FD,1+39,100,3.5,2.98,3.15
Rollei RPX 100,Ars-Imago FD,1+39,200,5.5,4.67,4.95
Rollei RPX 100,Ars-Imago FD,1+59,100,5.5,4.67,4.95
Rollei RPX 100,Ars-Imago FD,1+59,200,6.5,5.52,5.85
Rollei RPX 100,Ars-Imago FD,1+59,50,4.75,4.04,4.28
Rollei RPX 100,Ars-Imago FE,1+1,100,8.5,7.22,7.65
Rollei RPX 100,Ars-Imago FE,1+1,200,9.5,8.07,8.55
Rollei RPX 100,Ars-Imago FE,1+1,50,7.0,5.95,6.3
Rollei RPX 100,Bellini Hydrofen,1+31,100,7.75,6.59,6.98
Rollei RPX 100,Berspeed,1+1,100,11.0,9.35,9.9
Rollei RPX 100,Beutler,1+1+10,100,5.0,4.25,4.5
Rollei RPX 100,Caffenol C,stock,100,10.75,9.14,9.68
Rollei RPX 100,D-76,1+1,100,11.0,9.35,9.9
Rollei RPX 100,D-76,1+1,200,15.0,12.75,13.5
Rollei RPX 100,D-76,1+1,50,8.0,6.8,7.2
Rollei RPX 100,D-76,1+3,100,20.0,17.0,18.0
Rollei RPX 100,D-76,1+3,50,17.0,14.45,15.3
Rollei RPX 100,D-76,stock,100,8.5,7.22,7.65
Rollei RPX 100,D-76,stock,200,10.0,8.5,9.0
Rollei RPX 100,D-76,stock,50,6.5,5.52,5.85
Rollei RPX 100,Eco Pro,1+1,100,10.0,8.5,9.0
Rollei RPX 100,Eco Pro,1+1,50,8.5,7.22,7.65
Rollei RPX 100,Eco Pro,stock,100,8.0,6.8,7.2
Rollei RPX 100,Eco Pro,stock,50,6.5,5.52,5.85
Rollei RPX 100,Foma Universal,1+3,100,9.5,8.07,8.55
Rollei RPX 100,FX-39,1+9,100,7.5,6.38,6.75
Rollei RPX 100,HC-110,A,100,4.5,3.82,4.05
Rollei RPX 100,HC-110,A,200,6.0,5.1,5.4
Rollei RPX 100,HC-110,B,200,12.0,10.2,10.8
Rollei RPX 100,HC-110,B,400,16.0,13.6,14.4
Rollei RPX 100,HC-110,B,50,6.0,5.1,5.4
Rollei RPX 100,ID-11,1+1,100,12.0,10.2,10.8
Rollei RPX 100,ID-11,1+1,200,16.0,13.6,14.4
Rollei RPX 100,ID-11,1+1,50,9.0,7.65,8.1
Rollei RPX 100,ID-11,1+3,100,20.0,17.0,18.0
Rollei RPX 100,ID-11,1+3,50,18.0,15.3,16.2
Rollei RPX 100,ID-11,stock,100,9.0,7.65,8.1
Rollei RPX 100,ID-11,stock,200,11.0,9.35,9.9
Rollei RPX 100,ID-11,stock,50,7.0,5.95,6.3
Rollei RPX 100,Ilfosol 3,1+14,100,7.5,6.38,6.75
Rollei RPX 100,Ilfosol 3,1+9,100,5.0,4.25,4.5
Rollei RPX 100,Ilfotec DD-X,1+4,100,11.0,9.35,9.9
Rollei RPX 100,Ilfotec DD-X,1+4,200,13.0,11.05,11.7
Rollei RPX 100,Ilfotec DD-X,1+4,50,9.0,7.65,8.1
Rollei RPX 100,Ilfotec HC,1+15,100,4.5,3.82,4.05
Rollei RPX 100,Ilfotec HC,1+15,200,5.5,4.67,4.95
Rollei RPX 100,Ilfotec HC,1+31,100,7.0,5.95,6.3
Rollei RPX 100,Ilfotec HC,1+31,200,8.5,7.22,7.65
Rollei RPX 100,Ilfotec HC,1+31,50,5.5,4.67,4.95
Rollei RPX 100,Ilfotec LC29,1+19,100,7.5,6.38,6.75
Rollei RPX 100,Ilfotec LC29,1+19,200,8.5,7.22,7.65
Rollei RPX 100,Ilfotec LC29,1+19,50,6.0,5.1,5.4
Rollei RPX 100,Ilfotec LC29,1+29,100,11.0,9.35,9.9
Rollei RPX 100,Ilfotec LC29,1+29,50,7.5,6.38,6.75
Rollei RPX 100,Microdol-X,1+3,100,23.0,19.55,20.7
Rollei RPX 100,Microdol-X,1+3,50,17.0,14.45,15.3
Rollei RPX 100,Microdol-X,stock,100,15.0,12.75,13.5
Rollei RPX 100,Microdol-X,stock,50,10.0,8.5,9.0
Rollei RPX 100,Microphen,1+1,100,11.0,9.35,9.9
Rollei RPX 100,Microphen,1+1,200,15.0,12.75,13.5
Rollei RPX 100,Microphen,stock,100,9.0,7.65,8.1
Rollei RPX 100,Microphen,stock,200,9.5,8.07,8.55
Rollei RPX 100,Neofin Blue,1+5,100,10.0,8.5,9.0
Rollei RPX 100,Neofin Blue,1+9,100,15.0,12.75,13.5
Rollei RPX 100,Paranol S,1+25,100,9.0,7.65,8.1
Rollei RPX 100,Paranol S,1+50,100,18.0,15.3,16.2
Rollei RPX 100,Parvofin,stock,100,5.5,4.67,4.95
Rollei RPX 100,Perceptol,1+1,100,16.0,13.6,14.4
Rollei RPX 100,Perceptol,1+1,50,14.0,11.9,12.6
Rollei RPX 100,Perceptol,stock,100,13.0,11.05,11.7
Rollei RPX 100,Perceptol,stock,50,10.0,8.5,9.0
Rollei RPX 100,PMK,1+2+100,80,10.0,8.5,9.0
Rollei RPX 100,Promicrol,1+9,100,6.0,5.1,5.4
Rollei RPX 100,Promicrol,1+9,200,9.0,7.65,8.1
Rollei RPX 100,Pyrocat-HD,1+1+100,100,20.0,17.0,18.0
Rollei RPX 100,Rodinal,1+100,100,35.0,29.75,31.5
Rollei RPX 100,Rodinal,1+25,100,9.0,7.65,8.1
Rollei RPX 100,Rodinal,1+25,200,13.0,11.05,11.7
Rollei RPX 100,Rodinal,1+25,25,5.25,4.46,4.73
Rollei RPX 100,Rodinal,1+25,50,7.0,5.95,6.3
Rollei RPX 100,Rodinal,1+50,100,18.0,15.3,16.2
Rollei RPX 100,Rodinal,1+50,200,20.5,17.43,18.45
Rollei RPX 100,Romek PQ7,1+3,100,20.0,17.0,18.0
Rollei RPX 100,Silberra Ascorol,1+29,100,9.0,7.65,8.1
Rollei RPX 100,Spur HRX,1+17,100,12.0,10.2,10.8
Rollei RPX 100,Spur NHC,1+12,200,12.0,10.2,10.8
Rollei RPX 100,Spur NHC,1+15,200,10.0,8.5,9.0
Rollei RPX 100,Spur NHC,1+9,200,14.0,11.9,12.6
Rollei RPX 100,Spur PXD,1+15,100,6.5,5.52,5.85
Rollei RPX 100,Spur SD 2525,1+15,50,5.0,4.25,4.5
Rollei RPX 100,Spur SLD,1+24,200,8.5,7.22,7.65
Rollei RPX 100,Spur SLD,1+9,100,3.5,2.98,3.15
Rollei RPX 100,Spur Speed-Major,1+14,800,14.0,11.9,12.6
Rollei RPX 100,Spur Speed-Major,1+24,400,11.0,9.35,9.9
Rollei RPX 100,Spur Speed-Major,1+27,320,10.0,8.5,9.0
Rollei RPX 100,Spur Speed-Major,1+35,200,8.0,6.8,7.2
Rollei RPX 100,Spur Speed-Major,1+40,200,7.0,5.95,6.3
Rollei RPX 100,Spur Speed-Major,1+9,1000,15.0,12.75,13.5
Rollei RPX 100,Spur TRX 2000,1+35,100,12.0,10.2,10.8
Rollei RPX 100,Spur UFP,1+30,80,9.0,7.65,8.1
Rollei RPX 100,Studional,1+15,100,3.5,2.98,3.15
Rollei RPX 100,Studional,1+31,100,6.0,5.1,5.4
Rollei RPX 100,Studional,1+31,200,6.75,5.74,6.08
Rollei RPX 100,Tanol,1+1+100,80,15.0,12.75,13.5
Rollei RPX 100,TMax Dev,1+4,100,7.0,5.95,6.3
Rollei RPX 100,TMax Dev,1+4,100,4.5,3.82,4.05
Rollei RPX 100,TMax Dev,1+4,200,9.0,7.65,8.1
Rollei RPX 100,TMax RS,stock,100,5.0,4.25,4.5
Rollei RPX 100,Ultrafine Liquid,1+20,100,11.0,9.35,9.9
Rollei RPX 100,Uncle Mort's,1+9,100,6.0,5.1,5.4
Rollei RPX 100,XT-3,1+1,100,10.0,8.5,9.0
Rollei RPX 100,XT-3,1+1,50,8.5,7.22,7.65
Rollei RPX 100,XT-3,stock,100,8.0,6.8,7.2
Rollei RPX 100,XT-3,stock,50,6.5,5.52,5.85
Rollei RPX 100,Xtol,1+1,100,10.0,8.5,9.0
Rollei RPX 100,Xtol,1+1,50,8.5,7.22,7.65
Rollei RPX 100,Xtol,stock,100,8.0,6.8,7.2
Rollei RPX 100,Xtol,stock,50,6.5,5.52,5.85
Rollei RPX 25,510-Pyro,1+150,25,8.75,7.44,7.88
Rollei RPX 25,Acurol-N,1+70,20,11.0,9.35,9.9
Rollei RPX 25,Adox HR-DEV,1+40,100,10.0,8.5,9.0
Rollei RPX 25,ADX II,1+24,25,6.0,5.1,5.4
Rollei RPX 25,Atomal 49,1+1,32,10.5,8.92,9.45
Rollei RPX 25,Bellini FX6a Monobath,stock,25,8.0,6.8,7.2
Rollei RPX 25,Bellini Hydrofen,1+15,25,5.5,4.67,4.95
Rollei RPX 25,Bellini Hydrofen,1+31,25,11.0,9.35,9.9
Rollei RPX 25,Caffenol C-L,stock,80,60.0,51.0,54.0
Rollei RPX 25,D-76,1+1,25,8.0,6.8,7.2
Rollei RPX 25,Dokumol,1+7,25,10.0,8.5,9.0
Rollei RPX 25,Eco Pro,1+1,25,8.0,6.8,7.2
Rollei RPX 25,FX-39,1+9,25,8.0,6.8,7.2
Rollei RPX 25,FX-5,1+2,20,12.0,10.2,10.8
Rollei RPX 25,HC-110,B,25,5.0,4.25,4.5
Rollei RPX 25,HC-110,D,25,7.0,5.95,6.3
Rollei RPX 25,ID-11,1+1,25,8.0,6.8,7.2
Rollei RPX 25,Ilfosol 3,1+9,25,5.0,4.25,4.5
Rollei RPX 25,Ilfotec HC,1+31,25,5.5,4.67,4.95
Rollei RPX 25,Neofin Blue,1+9,25,5.0,4.25,4.5
Rollei RPX 25,Perceptol,1+1,25,10.0,8.5,9.0
Rollei RPX 25,Rodinal,1+100,12,14.0,11.9,12.6
Rollei RPX 25,Rodinal,1+100,3,10.0,8.5,9.0
Rollei RPX 25,Rodinal,1+25,25,6.0,5.1,5.4
Rollei RPX 25,Rodinal,1+50,25,11.0,9.35,9.9
Rollei RPX 25,Rollei Supergrain,1+12,25,5.0,4.25,4.5
Rollei RPX 25,Rollei Supergrain,1+15,25,6.5,5.52,5.85
Rollei RPX 25,Spur HRX,1+20,20,10.0,8.5,9.0
Rollei RPX 25,Spur HRX,1+20,50,10.0,8.5,9.0
Rollei RPX 25,Spur SLD,1+24,50,9.0,7.65,8.1
Rollei RPX 25,Spur Speed-Major,1+14,200,13.0,11.05,11.7
Rollei RPX 25,Spur Speed-Major,1+20,100,12.0,10.2,10.8
Rollei RPX 25,Spur Speed-Major,1+27,80,11.0,9.35,9.9
Rollei RPX 25,Spur Speed-Major,1+35,50,9.0,7.65,8.1
Rollei RPX 25,Spur Speed-Major,1+40,25,7.0,5.95,6.3
Rollei RPX 25,Spur Speed-Major,1+9,320,15.0,12.75,13.5
Rollei RPX 25,Spur TRX 2000,1+40,100,10.0,8.5,9.0
Rollei RPX 25,Spur UFP,1+40,20,8.5,7.22,7.65
Rollei RPX 25,Studional,1+15,25,5.5,4.67,4.95
Rollei RPX 25,Studional,1+31,25,7.0,5.95,6.3
Rollei RPX 25,TMax Dev,1+9,25,12.0,10.2,10.8
Rollei RPX 25,Ultrafin,1+20,25,9.0,7.65,8.1
Rollei RPX 25,XT-3,1+1,25,8.0,6.8,7.2
Rollei RPX 25,Xtol,1+1,25,8.0,6.8,7.2
Rollei RPX 400,510-Pyro,1+100,1600,25.0,21.25,22.5
Rollei RPX 400,510-Pyro,1+100,400,11.0,9.35,9.9
Rollei RPX 400,510-Pyro,1+100,400,20.5,17.43,18.45
Rollei RPX 400,ACU-1,1+10,800,11.5,9.78,10.35
Rollei RPX 400,Acufine,stock,1600,9.0,7.65,8.1
Rollei RPX 400,Acufine,stock,400,5.0,4.25,4.5
Rollei RPX 400,Acufine,stock,800,6.5,5.52,5.85
Rollei RPX 400,Acurol-N,1+50,200,10.0,8.5,9.0
Rollei RPX 400,Adox HR-DEV,1+17,100,14.0,11.9,12.6
Rollei RPX 400,Ars-Imago FD,1+39,100,4.5,3.82,4.05
Rollei RPX 400,Ars-Imago FD,1+39,200,6.5,5.52,5.85
Rollei RPX 400,Ars-Imago FD,1+39,400,9.5,8.07,8.55
Rollei RPX 400,Ars-Imago FE,1+1,200,7.0,5.95,6.3
Rollei RPX 400,Ars-Imago FE,1+1,400,8.5,7.22,7.65
Rollei RPX 400,Ars-Imago FE,1+1,800,10.0,8.5,9.0
Rollei RPX 400,Atomal 49,1+1,400,13.0,11.05,11.7
Rollei RPX 400,Bellini Hydrofen,1+15,1600,11.25,9.56,10.12
Rollei RPX 400,Bellini Hydrofen,1+39,400,9.5,8.07,8.55
Rollei RPX 400,Berspeed,1+1,400,12.5,10.62,11.25
Rollei RPX 400,D-23,1+1,400,13.25,11.26,11.93
Rollei RPX 400,D-76,1+1,400,14.0,11.9,12.6
Rollei RPX 400,D-76,1+1,800,18.0,15.3,16.2
Rollei RPX 400,D-76,1+3,400,28.0,23.8,25.2
Rollei RPX 400,D-76,stock,1600,15.0,12.75,13.5
Rollei RPX 400,D-76,stock,400,8.0,6.8,7.2
Rollei RPX 400,D-76,stock,800,12.0,10.2,10.8
Rollei RPX 400,Eco Pro,1+1,1600,18.0,15.3,16.2
Rollei RPX 400,Eco Pro,1+1,400,12.0,10.2,10.8
Rollei RPX 400,Eco Pro,1+1,800,14.5,12.32,13.05
Rollei RPX 400,Eco Pro,stock,1600,13.0,11.05,11.7
Rollei RPX 400,Eco Pro,stock,3200,17.5,14.88,15.75
Rollei RPX 400,Eco Pro,stock,400,9.0,7.65,8.1
Rollei RPX 400,Eco Pro,stock,800,10.5,8.92,9.45
Rollei RPX 400,FA-1027,1+14,400,9.0,7.65,8.1
Rollei RPX 400,Foma Universal,1+3,400,10.0,8.5,9.0
Rollei RPX 400,FX-39,1+9,400,11.0,9.35,9.9
Rollei RPX 400,HC-110,A,1600,5.5,4.67,4.95
Rollei RPX 400,HC-110,A,3200,9.5,8.07,8.55
Rollei RPX 400,HC-110,B,100,5.25,4.46,4.73
Rollei RPX 400,HC-110,B,1600,11.0,9.35,9.9
Rollei RPX 400,HC-110,B,400,6.0,5.1,5.4
Rollei RPX 400,HC-110,B,800,7.5,6.38,6.75
Rollei RPX 400,HC-110,E,400,9.0,7.65,8.1
Rollei RPX 400,HC-110,H,200,7.75,6.59,6.98
Rollei RPX 400,ID-11,1+1,400,14.0,11.9,12.6
Rollei RPX 400,ID-11,1+1,800,18.0,15.3,16.2
Rollei RPX 400,ID-11,1+3,400,25.5,21.68,22.95
Rollei RPX 400,ID-11,stock,1600,15.0,12.75,13.5
Rollei RPX 400,ID-11,stock,400,8.0,6.8,7.2
Rollei RPX 400,ID-11,stock,800,11.0,9.35,9.9
Rollei RPX 400,Ilfosol 3,1+14,400,11.0,9.35,9.9
Rollei RPX 400,Ilfosol 3,1+14,400,20.0,17.0,18.0
Rollei RPX 400,Ilfosol 3,1+14,800,25.0,21.25,22.5
Rollei RPX 400,Ilfosol 3,1+9,1600,20.25,17.21,18.23
Rollei RPX 400,Ilfosol 3,1+9,400,6.5,5.52,5.85
Rollei RPX 400,Ilfosol 3,1+9,800,15.0,12.75,13.5
Rollei RPX 400,Ilfotec DD-X,1+4,400,10.0,8.5,9.0
Rollei RPX 400,Ilfotec DD-X,1+4,800,12.0,10.2,10.8
Rollei RPX 400,Ilfotec HC,1+15,1600,8.0,6.8,7.2
Rollei RPX 400,Ilfotec HC,1+15,3200,11.5,9.78,10.35
Rollei RPX 400,Ilfotec HC,1+15,400,4.0,3.4,3.6
Rollei RPX 400,Ilfotec HC,1+15,800,5.5,4.67,4.95
Rollei RPX 400,Ilfotec HC,1+31,1600,15.0,12.75,13.5
Rollei RPX 400,Ilfotec HC,1+31,400,6.5,5.52,5.85
Rollei RPX 400,Ilfotec HC,1+31,800,10.5,8.92,9.45
Rollei RPX 400,Ilfotec LC29,1+19,400,8.0,6.8,7.2
Rollei RPX 400,Ilfotec LC29,1+19,800,12.5,10.62,11.25
Rollei RPX 400,Ilfotec LC29,1+9,400,4.5,3.82,4.05
Rollei RPX 400,Ilfotec LC29,1+9,800,6.5,5.52,5.85
Rollei RPX 400,Microdol-X,1+3,400,25.0,21.25,22.5
Rollei RPX 400,Microdol-X,stock,400,11.0,9.35,9.9
Rollei RPX 400,Microphen,1+1,400,13.0,11.05,11.7
Rollei RPX 400,Microphen,1+1,800,16.0,13.6,14.4
Rollei RPX 400,Microphen,stock,1600,11.5,9.78,10.35
Rollei RPX 400,Microphen,stock,3200,16.5,14.03,14.85
Rollei RPX 400,Microphen,stock,400,7.0,5.95,6.3
Rollei RPX 400,Microphen,stock,800,10.0,8.5,9.0
Rollei RPX 400,Neopress HC,1+15,1600,6.0,5.1,5.4
Rollei RPX 400,Neopress HC,1+15,800,3.5,2.98,3.15
Rollei RPX 400,Neopress HC,1+31,400,6.0,5.1,5.4
Rollei RPX 400,Paranol S,1+25,400,11.0,9.35,9.9
Rollei RPX 400,Paranol S,1+50,400,28.0,23.8,25.2
Rollei RPX 400,PC-TEA,1+50,400,10.0,8.5,9.0
Rollei RPX 400,Perceptol,1+1,320,20.0,17.0,18.0
Rollei RPX 400,PMK,1+2+100,100,10.0,8.5,9.0
Rollei RPX 400,PMK,1+2+100,400,14.0,11.9,12.6
Rollei RPX 400,Promicrol,1+14,400,16.0,13.6,14.4
Rollei RPX 400,Promicrol,1+14,800,17.5,14.88,15.75
Rollei RPX 400,Promicrol,1+9,400,10.0,8.5,9.0
Rollei RPX 400,Pyrocat-HD,1+1+100,320,18.0,15.3,16.2
Rollei RPX 400,Rodinal,1+25,1600,27.0,22.95,24.3
Rollei RPX 400,Rodinal,1+25,400,12.0,10.2,10.8
Rollei RPX 400,Rodinal,1+25,800,18.0,15.3,16.2
Rollei RPX 400,Rodinal,1+50,200,17.0,14.45,15.3
Rollei RPX 400,Rodinal,1+50,400,21.0,17.85,18.9
Rollei RPX 400,Rodinal,1+50,800,25.0,21.25,22.5
Rollei RPX 400,Rodinal,1+87,3200,180.0,153.0,162.0
Rollei RPX 400,Rollei D74,1+10,400,5.5,4.67,4.95
Rollei RPX 400,Rollei RHS DC,1+10,400,5.5,4.67,4.95
Rollei RPX 400,Rollei RPX-D,1+11,400,11.0,9.35,9.9
Rollei RPX 400,Rollei Supergrain,1+12,400,7.0,5.95,6.3
Rollei RPX 400,Silberra Ascorol,1+29,400,8.0,6.8,7.2
Rollei RPX 400,Spur HRX,1+9,400,15.0,12.75,13.5
Rollei RPX 400,Spur NHC,1+15,500,10.0,8.5,9.0
Rollei RPX 400,Spur NHC,1+15,500,8.0,6.8,7.2
Rollei RPX 400,Spur NHC,1+15,640,14.0,11.9,12.6
Rollei RPX 400,Spur PXD,1+11,400,11.0,9.35,9.9
Rollei RPX 400,Spur SD 2525,1+15,250,6.5,5.52,5.85
Rollei RPX 400,Spur SLD,1+12,500,12.0,10.2,10.8
Rollei RPX 400,Spur SLD,1+9,240,6.0,5.1,5.4
Rollei RPX 400,Spur Speed-Major,1+14,1000,13.0,11.05,11.7
Rollei RPX 400,Spur Speed-Major,1+20,800,12.0,10.2,10.8
Rollei RPX 400,Spur Speed-Major,1+24,640,11.0,9.35,9.9
Rollei RPX 400,Spur Speed-Major,1+30,400,10.0,8.5,9.0
Rollei RPX 400,Spur Speed-Major,1+7,1600,15.0,12.75,13.5
Rollei RPX 400,Spur Speed-Major,1+9,1250,14.0,11.9,12.6
Rollei RPX 400,Spur TRX 2000,1+17,100,14.0,11.9,12.6
Rollei RPX 400,Spur UFP,1+17,400,12.0,10.2,10.8
Rollei RPX 400,Studional,1+15,400,5.0,4.25,4.5
Rollei RPX 400,Studional,1+15,640,6.25,5.31,5.62
Rollei RPX 400,Studional,1+31,320,9.0,7.65,8.1
Rollei RPX 400,Studional,1+31,400,8.0,6.8,7.2
Rollei RPX 400,TMax Dev,1+4,400,7.0,5.95,6.3
Rollei RPX 400,TMax Dev,1+9,1600,18.0,15.3,16.2
Rollei RPX 400,TMax Dev,1+9,400,10.0,8.5,9.0
Rollei RPX 400,Ultrafin,1+20,400,9.0,7.65,8.1
Rollei RPX 400,Uncle Mort's,1+9,400,10.0,8.5,9.0
Rollei RPX 400,XT-3,1+1,1600,18.0,15.3,16.2
Rollei RPX 400,XT-3,1+1,400,12.0,10.2,10.8
Rollei RPX 400,XT-3,1+1,800,14.5,12.32,13.05
Rollei RPX 400,XT-3,stock,1600,13.0,11.05,11.7
Rollei RPX 400,XT-3,stock,3200,17.5,14.88,15.75
Rollei RPX 400,XT-3,stock,400,9.0,7.65,8.1
Rollei RPX 400,XT-3,stock,800,10.5,8.92,9.45
Rollei RPX 400,Xtol,1+1,1600,18.0,15.3,16.2
Rollei RPX 400,Xtol,1+1,400,12.0,10.2,10.8
Rollei RPX 400,Xtol,1+1,800,14.5,12.32,13.05
Rollei RPX 400,Xtol,stock,1600,13.0,11.05,11.7
Rollei RPX 400,Xtol,stock,3200,17.5,14.88,15.75
Rollei RPX 400,Xtol,stock,400,9.0,7.65,8.1
Rollei RPX 400,Xtol,stock,800,10.5,8.92,9.45
Rollei Superpan 200,510-Pyro,1+100,200,14.0,11.9,12.6
Rollei Superpan 200,510-Pyro,1+500,200,60.0,51.0,54.0
Rollei Superpan 200,Acurol-N,1+50,40,13.5,11.47,12.15
Rollei Superpan 200,Adox HR-DEV,1+30,80,12.5,10.62,11.25
Rollei Superpan 200,ADX II,1+24,160,11.0,9.35,9.9
Rollei Superpan 200,Atomal 49,stock,800,13.0,11.05,11.7
Rollei Superpan 200,Bellini Hydrofen,1+15,200,4.0,3.4,3.6
Rollei Superpan 200,Bellini Hydrofen,1+31,160,13.0,11.05,11.7
Rollei Superpan 200,Beutler,1+1+10,160,9.5,8.07,8.55
Rollei Superpan 200,Burton 195,1+1,200,75.0,63.75,67.5
Rollei Superpan 200,D-23,stock,200,9.0,7.65,8.1
Rollei Superpan 200,D-76,1+1,200,14.0,11.9,12.6
Rollei Superpan 200,D-76,1+2,200,18.0,15.3,16.2
Rollei Superpan 200,D-76,1+3,200,22.0,18.7,19.8
Rollei Superpan 200,D-76,2+15,100,30.0,25.5,27.0
Rollei Superpan 200,D-76,2+15,1600,42.0,35.7,37.8
Rollei Superpan 200,D-76,stock,200,10.0,8.5,9.0
Rollei Superpan 200,D-76,stock,200,14.0,11.9,12.6
Rollei Superpan 200,D-76,stock,320,11.0,9.35,9.9
Rollei Superpan 200,D-76,stock,800,18.5,15.72,16.65
Rollei Superpan 200,Eco Pro,1+1,200,14.0,11.9,12.6
Rollei Superpan 200,Eco Pro,1+1,400,17.0,14.45,15.3
Rollei Superpan 200,Eco Pro,1+2,400,21.0,17.85,18.9
Rollei Superpan 200,Foma Universal,1+3,200,10.0,8.5,9.0
Rollei Superpan 200,Fomadon P,stock,200,14.0,11.9,12.6
Rollei Superpan 200,Fomadon R09,1+100,200,45.0,38.25,40.5
Rollei Superpan 200,FX-39,1+14,200,17.0,14.45,15.3
Rollei Superpan 200,FX-39,1+9,200,13.5,11.47,12.15
Rollei Superpan 200,FX-5,1+3,200,30.0,25.5,27.0
Rollei Superpan 200,HC-110,B,200,8.0,6.8,7.2
Rollei Superpan 200,HC-110,B,200,6.0,5.1,5.4
Rollei Superpan 200,ID-11,1+1,200,14.0,11.9,12.6
Rollei Superpan 200,ID-11,1+2,200,18.0,15.3,16.2
Rollei Superpan 200,ID-11,2+15,100,30.0,25.5,27.0
Rollei Superpan 200,ID-11,2+15,1600,42.0,35.7,37.8
Rollei Superpan 200,ID-11,stock,200,10.0,8.5,9.0
Rollei Superpan 200,ID-11,stock,200,14.0,11.9,12.6
Rollei Superpan 200,ID-11,stock,320,11.0,9.35,9.9
Rollei Superpan 200,ID-11,stock,800,18.5,15.72,16.65
Rollei Superpan 200,Ilfosol 3,1+9,200,7.5,6.38,6.75
Rollei Superpan 200,Ilfosol 3,1+9,200,10.0,8.5,9.0
Rollei Superpan 200,Ilfotec DD-X,1+4,200,8.75,7.44,7.88
Rollei Superpan 200,Ilfotec HC,1+31,200,9.5,8.07,8.55
Rollei Superpan 200,Neofin Blue,1+5,200,4.0,3.4,3.6
Rollei Superpan 200,Neofin Blue,1+9,200,6.0,5.1,5.4
Rollei Superpan 200,Nucleol BF200,20+15+965,200,10.0,8.5,9.0
Rollei Superpan 200,Paranol S,1+25,200,3.0,2.55,2.7
Rollei Superpan 200,Paranol S,1+50,200,8.0,6.8,7.2
Rollei Superpan 200,PC-TEA,1+50,200,14.0,11.9,12.6
Rollei Superpan 200,PMK,1+2+100,100,13.0,11.05,11.7
Rollei Superpan 200,PMK,1+2+100,200,17.0,14.45,15.3
Rollei Superpan 200,Pyrocat-HD,1+1+100,320,14.0,11.9,12.6
Rollei Superpan 200,Pyrocat-HD,1+1+250,200,50.0,42.5,45.0
Rollei Superpan 200,Rodinal,1+100,125,24.0,20.4,21.6
Rollei Superpan 200,Rodinal,1+100,200,45.0,38.25,40.5
Rollei Superpan 200,Rodinal,1+25,200,8.0,6.8,7.2
Rollei Superpan 200,Rodinal,1+25,400,10.0,8.5,9.0
Rollei Superpan 200,Rodinal,1+43,200,9.0,7.65,8.1
Rollei Superpan 200,Rodinal,1+50,100,15.0,12.75,13.5
Rollei Superpan 200,Rodinal,1+50,200,17.0,14.45,15.3
Rollei Superpan 200,Rollei D74,1+15,200,8.75,7.44,7.88
Rollei Superpan 200,Rollei D74,1+7,200,6.5,5.52,5.85
Rollei Superpan 200,Rollei D74,1+7,400,7.5,6.38,6.75
Rollei Superpan 200,Rollei D74,1+9,200,7.0,5.95,6.3
Rollei Superpan 200,Silvermax,1+29,160,15.5,13.17,13.95
Rollei Superpan 200,Silvermax,1+29,200,15.5,13.17,13.95
Rollei Superpan 200,Spur HRX,1+11,40,12.0,10.2,10.8
Rollei Superpan 200,Spur SLD,1+20,125,8.0,6.8,7.2
Rollei Superpan 200,Spur SLD,1+29,160,8.5,7.22,7.65
Rollei Superpan 200,Spur SLD,1+29,200,8.5,7.22,7.65
Rollei Superpan 200,Spur Speed-Major,1+14,640,12.0,10.2,10.8
Rollei Superpan 200,Spur Speed-Major,1+20,400,11.0,9.35,9.9
Rollei Superpan 200,Spur Speed-Major,1+24,200,10.0,8.5,9.0
Rollei Superpan 200,Spur Speed-Major,1+30,100,9.0,7.65,8.1
Rollei Superpan 200,Spur Speed-Major,1+9,1000,13.0,11.05,11.7
Rollei Superpan 200,Spur TRX 2000,1+30,80,12.5,10.62,11.25
Rollei Superpan 200,Spur UFP,1+24,50,8.0,6.8,7.2
Rollei Superpan 200,Studional,1+15,250,6.5,5.52,5.85
Rollei Superpan 200,Studional,1+31,160,13.0,11.05,11.7
Rollei Superpan 200,TMax Dev,1+4,125,6.0,5.1,5.4
Rollei Superpan 200,Ultrafin,1+20,200,15.0,12.75,13.5
Rollei Superpan 200,Ultrafin,1+9,200,9.0,7.65,8.1
Rollei Superpan 200,Ultrafin T-Plus,1+4,200,5.5,4.67,4.95
Rollei Superpan 200,Ultrafine Liquid,1+4,400,13.5,11.47,12.15
Rollei Superpan 200,XT-3,1+1,200,14.0,11.9,12.6
Rollei Superpan 200,XT-3,1+1,400,17.0,14.45,15.3
Rollei Superpan 200,XT-3,1+2,400,21.0,17.85,18.9
Rollei Superpan 200,Xtol,1+1,200,14.0,11.9,12.6
Rollei Superpan 200,Xtol,1+1,400,17.0,14.45,15.3
Rollei Superpan 200,Xtol,1+2,400,21.0,17.85,18.9
Santa RAE 1000,D-76,1+1,1000,13.5,11.47,12.15
Santa RAE 1000,Eco Pro,1+1,1000,13.5,11.47,12.15
Santa RAE 1000,Eco Pro,stock,1000,8.5,7.22,7.65
Santa RAE 1000,Eco Pro,stock,200,4.5,3.82,4.05
Santa RAE 1000,Eco Pro,stock,400,6.0,5.1,5.4
Santa RAE 1000,HC-110,1+100,1000,45.0,38.25,40.5
Santa RAE 1000,HC-110,B,1000,16.0,13.6,14.4
Santa RAE 1000,HC-110,G,1000,45.0,38.25,40.5
Santa RAE 1000,ID-11,1+1,1000,13.5,11.47,12.15
Santa RAE 1000,Ilfotec HC,1+119,200,45.0,38.25,40.5
Santa RAE 1000,Rodinal,1+100,1000,60.0,51.0,54.0
Santa RAE 1000,Rodinal,1+25,1000,9.75,8.29,8.78
Santa RAE 1000,XT-3,1+1,1000,13.5,11.47,12.15
Santa RAE 1000,Xtol,1+1,1000,13.5,11.47,12.15
Santa RAE 1000,Xtol,stock,1000,8.5,7.22,7.65
Santa RAE 1000,Xtol,stock,200,4.5,3.82,4.05
Santa RAE 1000,Xtol,stock,400,6.0,5.1,5.4
Shanghai GP3 Pan 100,510-Pyro,1+100,100,12.5,10.62,11.25
Shanghai GP3 Pan 100,510-Pyro,1+100,100,6.0,5.1,5.4
Shanghai GP3 Pan 100,510-Pyro,1+100,125,10.0,8.5,9.0
Shanghai GP3 Pan 100,Acufine,stock,100,4.0,3.4,3.6
Shanghai GP3 Pan 100,Acurol-N,1+60,100,11.5,9.78,10.35
Shanghai GP3 Pan 100,Adox HR-DEV,1+35,160,13.0,11.05,11.7
Shanghai GP3 Pan 100,Adox M-Q Borax,stock,160,7.5,6.38,6.75
Shanghai GP3 Pan 100,Amaloco AM74,1+19,50,11.0,9.35,9.9
Shanghai GP3 Pan 100,Atomal 49,1+1,100,11.5,9.78,10.35
Shanghai GP3 Pan 100,Atomal 49,1+2,100,18.0,15.3,16.2
Shanghai GP3 Pan 100,AVR-3,1+50,100,12.0,10.2,10.8
Shanghai GP3 Pan 100,AVR-3,1+50,200,18.0,15.3,16.2
Shanghai GP3 Pan 100,AVR-3,1+50,400,27.0,22.95,24.3
Shanghai GP3 Pan 100,Bellini Hydrofen,1+39,100,5.0,4.25,4.5
Shanghai GP3 Pan 100,Beutler,1+1+10,100,7.0,5.95,6.3
Shanghai GP3 Pan 100,Beutler,1+1+8,100,18.0,15.3,16.2
Shanghai GP3 Pan 100,Caffenol C,stock,100,10.0,8.5,9.0
Shanghai GP3 Pan 100,Caffenol C-H,stock,100,15.0,12.75,13.5
Shanghai GP3 Pan 100,Caffenol C-L,stock,400,75.0,63.75,67.5
Shanghai GP3 Pan 100,Caffenol C-M (rs),stock,100,20.0,17.0,18.0
Shanghai GP3 Pan 100,D-23,1+1,100,12.0,10.2,10.8
Shanghai GP3 Pan 100,D-23,stock,100,12.0,10.2,10.8
Shanghai GP3 Pan 100,D-72,1+4,100,4.0,3.4,3.6
Shanghai GP3 Pan 100,D-76,1+1,100,14.0,11.9,12.6
Shanghai GP3 Pan 100,D-76,1+1,100,7.0,5.95,6.3
Shanghai GP3 Pan 100,D-76,1+1,100,14.5,12.32,13.05
Shanghai GP3 Pan 100,D-76,1+1,200,12.5,10.62,11.25
Shanghai GP3 Pan 100,D-76,1+1,400,28.0,23.8,25.2
Shanghai GP3 Pan 100,D-76,1+3,100,24.0,20.4,21.6
Shanghai GP3 Pan 100,D-76,stock,100,9.0,7.65,8.1
Shanghai GP3 Pan 100,D-76,stock,400,14.0,11.9,12.6
Shanghai GP3 Pan 100,D-96,1+1,100,12.0,10.2,10.8
Shanghai GP3 Pan 100,DK-50,1+1,100,10.0,8.5,9.0
Shanghai GP3 Pan 100,Eco Pro,1+1,100,10.0,8.5,9.0
Shanghai GP3 Pan 100,Eco Pro,1+1,80,6.5,5.52,5.85
Shanghai GP3 Pan 100,Eco Pro,1+2,100,14.0,11.9,12.6
Shanghai GP3 Pan 100,Eco Pro,1+3,100,16.0,13.6,14.4
Shanghai GP3 Pan 100,Eco Pro,stock,100,7.5,6.38,6.75
Shanghai GP3 Pan 100,F76+,1+9,100,10.25,8.71,9.22
Shanghai GP3 Pan 100,Foma Universal,1+3,100,10.0,8.5,9.0
Shanghai GP3 Pan 100,FX-1,1+1+8,100,9.0,7.65,8.1
Shanghai GP3 Pan 100,FX-39,1+14,100,12.0,10.2,10.8
Shanghai GP3 Pan 100,FX-39,1+9,100,14.0,11.9,12.6
Shanghai GP3 Pan 100,HC-110,1+90,100,12.0,10.2,10.8
Shanghai GP3 Pan 100,HC-110,A,100,5.0,4.25,4.5
Shanghai GP3 Pan 100,HC-110,B,100,7.5,6.38,6.75
Shanghai GP3 Pan 100,HC-110,B,100,8.0,6.8,7.2
Shanghai GP3 Pan 100,HC-110,B,160,9.0,7.65,8.1
Shanghai GP3 Pan 100,HC-110,H,100,7.5,6.38,6.75
Shanghai GP3 Pan 100,HC-110,J,100,18.0,15.3,16.2
Shanghai GP3 Pan 100,HC-110,J,80,18.0,15.3,16.2
Shanghai GP3 Pan 100,ID-11,1+1,100,14.0,11.9,12.6
Shanghai GP3 Pan 100,ID-11,1+1,100,7.0,5.95,6.3
Shanghai GP3 Pan 100,ID-11,1+1,100,14.5,12.32,13.05
Shanghai GP3 Pan 100,ID-11,1+1,400,28.0,23.8,25.2
Shanghai GP3 Pan 100,ID-11,1+3,100,24.0,20.4,21.6
Shanghai GP3 Pan 100,ID-11,stock,100,9.0,7.65,8.1
Shanghai GP3 Pan 100,ID-11,stock,400,14.0,11.9,12.6
Shanghai GP3 Pan 100,Ilfosol 3,1+14,100,12.0,10.2,10.8
Shanghai GP3 Pan 100,Ilfosol 3,1+9,100,8.0,6.8,7.2
Shanghai GP3 Pan 100,Ilfotec HC,1+31,100,7.75,6.59,6.98
Shanghai GP3 Pan 100,Ilfotec LC29,1+19,100,6.5,5.52,5.85
Shanghai GP3 Pan 100,Ilfotec LC29,1+29,100,11.0,9.35,9.9
Shanghai GP3 Pan 100,Microphen,1+3,100,20.0,17.0,18.0
Shanghai GP3 Pan 100,Mocon,1+64,100,11.0,9.35,9.9
Shanghai GP3 Pan 100,Perceptol,stock,80,14.0,11.9,12.6
Shanghai GP3 Pan 100,PMK,1+2+100,100,10.0,8.5,9.0
Shanghai GP3 Pan 100,Pyrocat-HD,1+1+100,100,10.0,8.5,9.0
Shanghai GP3 Pan 100,Pyrocat-HD,1+1+200,100,40.0,34.0,36.0
Shanghai GP3 Pan 100,Rodinal,1+100,100,60.0,51.0,54.0
Shanghai GP3 Pan 100,Rodinal,1+100,100,25.0,21.25,22.5
Shanghai GP3 Pan 100,Rodinal,1+100,400,120.0,102.0,108.0
Shanghai GP3 Pan 100,Rodinal,1+200,100,120.0,102.0,108.0
Shanghai GP3 Pan 100,Rodinal,1+25,100,6.5,5.52,5.85
Shanghai GP3 Pan 100,Rodinal,1+25,400,35.0,29.75,31.5
Shanghai GP3 Pan 100,Rodinal,1+25,50,6.0,5.1,5.4
Shanghai GP3 Pan 100,Rodinal,1+400,100,480.0,408.0,432.0
Shanghai GP3 Pan 100,Rodinal,1+50,100,15.0,12.75,13.5
Shanghai GP3 Pan 100,Sprint Standard,1+9,100,8.0,6.8,7.2
Shanghai GP3 Pan 100,Spur HRX,1+17,80,9.5,8.07,8.55
Shanghai GP3 Pan 100,Spur TRX 2000,1+35,160,13.0,11.05,11.7
Shanghai GP3 Pan 100,Spur UFP,1+24,125,7.5,6.38,6.75
Shanghai GP3 Pan 100,TMax Dev,1+4,100,7.0,5.95,6.3
Shanghai GP3 Pan 100,TMax Dev,1+40,100,120.0,102.0,108.0
Shanghai GP3 Pan 100,TMax Dev,1+9,100,8.0,6.8,7.2
Shanghai GP3 Pan 100,Ultrafin,1+20,100,8.0,6.8,7.2
Shanghai GP3 Pan 100,XT-3,1+1,100,10.0,8.5,9.0
Shanghai GP3 Pan 100,XT-3,1+1,80,6.5,5.52,5.85
Shanghai GP3 Pan 100,XT-3,1+2,100,14.0,11.9,12.6
Shanghai GP3 Pan 100,XT-3,1+3,100,16.0,13.6,14.4
Shanghai GP3 Pan 100,XT-3,stock,100,7.5,6.38,6.75
Shanghai GP3 Pan 100,Xtol,1+1,100,10.0,8.5,9.0
Shanghai GP3 Pan 100,Xtol,1+1,80,6.5,5.52,5.85
Shanghai GP3 Pan 100,Xtol,1+2,100,14.0,11.9,12.6
Shanghai GP3 Pan 100,Xtol,1+3,100,16.0,13.6,14.4
Shanghai GP3 Pan 100,Xtol,stock,100,7.5,6.38,6.75
Shanghai GP3 Pan 400,Bellini FX6a Monobath,stock,400,11.0,9.35,9.9
Shanghai GP3 Pan 400,D-23,1+1,400,13.0,11.05,11.7
Shanghai GP3 Pan 400,D-76,1+1,400,10.0,8.5,9.0
Shanghai GP3 Pan 400,D-76,1+1,400,9.0,7.65,8.1
Shanghai GP3 Pan 400,D-76,stock,400,9.5,8.07,8.55
Shanghai GP3 Pan 400,D-76,stock,800,12.5,10.62,11.25
Shanghai GP3 Pan 400,HC-110,B,400,6.5,5.52,5.85
Shanghai GP3 Pan 400,ID-11,1+1,400,10.0,8.5,9.0
Shanghai GP3 Pan 400,ID-11,1+1,400,9.0,7.65,8.1
Shanghai GP3 Pan 400,ID-11,stock,400,9.5,8.07,8.55
Shanghai GP3 Pan 400,ID-11,stock,800,12.5,10.62,11.25
Shanghai GP3 Pan 400,Microphen,stock,400,7.0,5.95,6.3
Shanghai GP3 Pan 400,Rodinal,1+50,400,13.0,11.05,11.7
Silberra ORTA50,D-76,1+1,50,7.5,6.38,6.75
Silberra ORTA50,ID-11,1+1,50,7.5,6.38,6.75
Silberra ORTA50,Rodinal,1+25,50,11.0,9.35,9.9
Silberra ORTA50,Silberra Ascorol,1+29,50,7.0,5.95,6.3
Silberra ORTA50,XT-3,1+1,50,7.0,5.95,6.3
Silberra ORTA50,Xtol,1+1,50,7.0,5.95,6.3
Silberra Pan/Ultima 100,HC-110,B,100,6.5,5.52,5.85
Silberra Pan/Ultima 100,Rodinal,100,200,6.0,5.1,5.4
Silberra Pan/Ultima 160,D-76,1+1,200,19.0,16.15,17.1
Silberra Pan/Ultima 160,D-76,1+2,200,22.0,18.7,19.8
Silberra Pan/Ultima 160,D-76,stock,200,14.0,11.9,12.6
Silberra Pan/Ultima 160,HC-110,B,160,9.0,7.65,8.1
Silberra Pan/Ultima 160,ID-11,1+1,200,19.0,16.15,17.1
Silberra Pan/Ultima 160,ID-11,1+2,200,22.0,18.7,19.8
Silberra Pan/Ultima 160,ID-11,stock,200,14.0,11.9,12.6
Silberra Pan/Ultima 160,Ilfosol 3,1+9,160,6.0,5.1,5.4
Silberra Pan/Ultima 160,Ilfotec DD-X,1+4,160,9.0,7.65,8.1
Silberra Pan/Ultima 160,Microphen,stock,160,8.0,6.8,7.2
Silberra Pan/Ultima 160,Pyrocat-HD,1+1+100,200,21.0,17.85,18.9
Silberra Pan/Ultima 160,Rodinal,1+50,160,17.0,14.45,15.3
Silberra Pan/Ultima 160,Silberra Ascorol,1+29,200,14.0,11.9,12.6
Silberra Pan/Ultima 160,Silberra Pyro-HD,1+1+100,200,21.0,17.85,18.9
Silberra Pan/Ultima 160,Silberra RDN-LQ,stock,200,17.0,14.45,15.3
Silberra Pan/Ultima 160,Silberra S-76,stock,200,14.0,11.9,12.6
Silberra Pan/Ultima 160,Ultrafin,1+20,160,9.0,7.65,8.1
Silberra Pan/Ultima 200,D-76,1+1,200,16.0,13.6,14.4
Silberra Pan/Ultima 200,D-76,1+2,200,20.0,17.0,18.0
Silberra Pan/Ultima 200,D-76,stock,200,12.0,10.2,10.8
Silberra Pan/Ultima 200,Eco Pro,stock,200,10.0,8.5,9.0
Silberra Pan/Ultima 200,ID-11,1+1,200,16.0,13.6,14.4
Silberra Pan/Ultima 200,ID-11,1+2,200,20.0,17.0,18.0
Silberra Pan/Ultima 200,ID-11,stock,200,12.0,10.2,10.8
Silberra Pan/Ultima 200,Pyrocat-HD,1+1+100,200,17.0,14.45,15.3
Silberra Pan/Ultima 200,Rodinal,1+25,200,8.0,6.8,7.2
Silberra Pan/Ultima 200,Silberra Ascorol,1+29,200,12.0,10.2,10.8
Silberra Pan/Ultima 200,Silberra Micro-F,stock,200,12.0,10.2,10.8
Silberra Pan/Ultima 200,Silberra Microl,stock,200,22.0,18.7,19.8
Silberra Pan/Ultima 200,Silberra Pyro-HD,1+1+100,200,17.0,14.45,15.3
Silberra Pan/Ultima 200,Silberra S-76,stock,200,12.0,10.2,10.8
Silberra Pan/Ultima 200,XT-3,stock,200,10.0,8.5,9.0
Silberra Pan/Ultima 200,Xtol,stock,200,10.0,8.5,9.0
Silberra Pan/Ultima 50,HC-110,B,50,4.5,3.82,4.05
Silberra Pan/Ultima 50,Microphen,stock,50,8.5,7.22,7.65
Silberra Pan/Ultima 50,Rodinal,1+100,50,9.0,7.65,8.1
Silberra S25,D-76,1+1,25,6.5,5.52,5.85
Silberra S25,D-76,stock,25,4.5,3.82,4.05
Silberra S25,HC-110,F,25,10.0,8.5,9.0
Silberra S25,ID-11,1+1,25,6.5,5.52,5.85
Silberra S25,ID-11,stock,25,4.5,3.82,4.05
Silberra S25,Perceptol,stock,25,8.0,6.8,7.2
Silberra S25,Rodinal,1+100,25,6.0,5.1,5.4
Silberra S25,Silberra Aphenol,stock,25,4.5,3.82,4.05
Silberra S25,Silberra RDN-LQ,1+100,25,6.0,5.1,5.4
Silberra S25,Silberra S-76,1+1,25,6.5,5.52,5.85
Silberra S25,Silberra S-76,stock,25,4.5,3.82,4.05
Silberra S25,XT-3,stock,25,4.5,3.82,4.05
Silberra S25,Xtol,stock,25,4.5,3.82,4.05
Silberra U200,510-Pyro,1+100,125,17.0,14.45,15.3
Silberra U200,D-76,1+1,200,12.0,10.2,10.8
Silberra U200,D-76,stock,200,10.0,8.5,9.0
Silberra U200,HC-110,B,200,4.5,3.82,4.05
Silberra U200,ID-11,1+1,200,12.0,10.2,10.8
Silberra U200,ID-11,stock,200,10.0,8.5,9.0
Silberra U200,Rodinal,1+25,200,6.5,5.52,5.85
Silberra U200,Rodinal,1+50,200,12.0,10.2,10.8
Silberra U200,Silberra Ascorol,1+29,200,9.0,7.65,8.1
Silberra U200,Silberra Pyro-HD,1+1+100,200,16.0,13.6,14.4
Silberra U200,Silberra RDN-LQ,1+25,200,7.0,5.95,6.3
Silberra U200,Silberra RDN-LQ,1+50,200,12.0,10.2,10.8
Silberra U200,Silberra S-76,1+1,200,12.0,10.2,10.8
Silberra U200,Silberra S-76,stock,200,10.0,8.5,9.0
Silberra U400,D-76,1+1,400,10.0,8.5,9.0
Silberra U400,D-76,stock,400,7.0,5.95,6.3
Silberra U400,HC-110,B,400,5.0,4.25,4.5
Silberra U400,ID-11,1+1,400,10.0,8.5,9.0
Silberra U400,ID-11,stock,400,7.0,5.95,6.3
Silberra U400,Perceptol,stock,400,12.0,10.2,10.8
Silberra U400,Rodinal,1+50,400,7.5,6.38,6.75
Silberra U400,Silberra Aphenol,stock,400,5.5,4.67,4.95
Silberra U400,Silberra RDN-LQ,1+50,400,7.5,6.38,6.75
Silberra U400,Silberra S-76,1+1,400,10.0,8.5,9.0
Silberra U400,Silberra S-76,stock,400,7.0,5.95,6.3
Silberra U400,XT-3,stock,400,5.5,4.67,4.95
Silberra U400,Xtol,stock,400,5.5,4.67,4.95
SPUR Ultra R 800,D-76,stock,50,7.0,5.95,6.3
SPUR Ultra R 800,Spur Nanotech UR,1+24,6,7.5,6.38,6.75
Street Candy ATM 400,510-Pyro,1+100,400,9.0,7.65,8.1
Street Candy ATM 400,D-76,1+1,400,9.5,8.07,8.55
Street Candy ATM 400,D-76,stock,400,8.0,6.8,7.2
Street Candy ATM 400,HC-110,H,400,7.5,6.38,6.75
Street Candy ATM 400,ID-11,1+1,400,9.5,8.07,8.55
Street Candy ATM 400,ID-11,stock,400,8.0,6.8,7.2
Street Candy ATM 400,Ilfotec DD-X,1+4,400,9.0,7.65,8.1
Street Candy ATM 400,Ilfotec HC,1+31,400,7.5,6.38,6.75
Street Candy ATM 400,Rodinal,1+25,400,6.0,5.1,5.4
Street Candy ATM 400,XT-3,stock,400,8.0,6.8,7.2
Street Candy ATM 400,Xtol,1+1,400,12.0,10.2,10.8
Svema 200 Reporter,D-76,1+1,200,20.0,17.0,18.0
Svema 200 Reporter,D-76,stock,100,6.25,5.31,5.62
Svema 200 Reporter,ID-11,1+1,200,20.0,17.0,18.0
Svema 200 Reporter,ID-11,stock,100,6.25,5.31,5.62
Svema A2-SH,D-76,stock,400,13.0,11.05,11.7
Svema A2-SH,ID-11,stock,400,13.0,11.05,11.7
Svema A2-SH,Ilfotec DD-X,1+4,400,20.0,17.0,18.0
Svema A2-SH,Microphen,stock,3200,32.0,27.2,28.8
Svema A2-SH,Mikratol-2,1+50,200,12.0,10.2,10.8
Svema A2-SH,Mikratol-2,1+50,200,15.0,12.75,13.5
Svema A2-SH,Mikratol-2,1+50,400,15.0,12.75,13.5
Svema A2-SH,Mikratol-2,1+50,400,20.0,17.0,18.0
Svema A2-SH,Mikratol-2,1+50,800,22.0,18.7,19.8
Svema A2-SH,Mikratol-2,1+50,800,28.0,23.8,25.2
Svema A2-SH,Rodinal,1+50,400,20.0,17.0,18.0
Svema A2-SH,Rodinal,1+50,800,24.0,20.4,21.6
Svema Blue Sensitive,HC-110,H,6,10.5,8.92,9.45
Svema Blue Sensitive,Ilfosol 3,1+14,1.5,6.0,5.1,5.4
Svema FN250,Rodinal,1+25,100,8.5,7.22,7.65
Svema FN32,Rodinal,1+50,32,12.0,10.2,10.8
Svema FN64,D-23,1+3,64,60.0,51.0,54.0
Svema FN64,D-76,1+3,50,15.0,12.75,13.5
Svema FN64,D-76,stock,64,9.0,7.65,8.1
Svema FN64,Eco Pro,1+1,64,11.0,9.35,9.9
Svema FN64,Fomadon LQN,1+10,64,7.5,6.38,6.75
Svema FN64,Fomadon R09,1+100,64,60.0,51.0,54.0
Svema FN64,HC-110,B,400,18.0,15.3,16.2
Svema FN64,HC-110,B,64,8.0,6.8,7.2
Svema FN64,HC-110,F,64,18.0,15.3,16.2
Svema FN64,ID-11,1+3,50,15.0,12.75,13.5
Svema FN64,ID-11,stock,64,9.0,7.65,8.1
Svema FN64,Kalogen,1+60,32,5.5,4.67,4.95
Svema FN64,Pyrocat-HD,1+1+100,32,10.0,8.5,9.0
Svema FN64,Rodinal,1+25,64,6.25,5.31,5.62
Svema FN64,Rodinal,1+50,125,11.0,9.35,9.9
Svema FN64,Rodinal,1+50,64,11.0,9.35,9.9
Svema FN64,Rodinal,1+50,64,10.5,8.92,9.45
Svema FN64,XT-3,1+1,64,11.0,9.35,9.9
Svema FN64,Xtol,1+1,64,11.0,9.35,9.9
Svema Foto 100,D-76,1+1,100,11.5,9.78,10.35
Svema Foto 100,D-76,stock,100,7.0,5.95,6.3
Svema Foto 100,Eco Pro,1+1,100,10.0,8.5,9.0
Svema Foto 100,HC-110,B,100,6.0,5.1,5.4
Svema Foto 100,HC-110,B,200,11.0,9.35,9.9
Svema Foto 100,ID-11,1+1,100,11.5,9.78,10.35
Svema Foto 100,ID-11,stock,100,7.0,5.95,6.3
Svema Foto 100,Ilfosol 3,1+14,100,12.0,10.2,10.8
Svema Foto 100,Ilfosol 3,1+14,100,7.5,6.38,6.75
Svema Foto 100,Microphen,stock,100,7.5,6.38,6.75
Svema Foto 100,Rodinal,1+50,100,13.0,11.05,11.7
Svema Foto 100,XT-3,1+1,100,10.0,8.5,9.0
Svema Foto 100,Xtol,1+1,100,10.0,8.5,9.0
Svema Foto 200,D-76,1+1,200,14.25,12.11,12.83
Svema Foto 200,D-76,stock,200,8.5,7.22,7.65
Svema Foto 200,Eco Pro,1+1,200,12.0,10.2,10.8
Svema Foto 200,HC-110,J,200,60.0,51.0,54.0
Svema Foto 200,Ilfosol 3,1+14,200,12.0,10.2,10.8
Svema Foto 200,Ilfotec DD-X,1+4,200,8.0,6.8,7.2
Svema Foto 200,PQ Universal,1+31,160,5.0,4.25,4.5
Svema Foto 200,Rodinal,1+25,200,7.0,5.95,6.3
Svema Foto 200,Rodinal,1+50,200,14.0,11.9,12.6
Svema Foto 200,TMax Dev,1+4,200,7.5,6.38,6.75
Svema Foto 200,XT-3,1+1,200,12.0,10.2,10.8
Svema Foto 200,Xtol,1+1,200,12.0,10.2,10.8
Svema Foto 400,Bellini Hydrofen,1+31,400,17.0,14.45,15.3
Svema Foto 400,D-76,1+1,400,20.0,17.0,18.0
Svema Foto 400,D-76,stock,400,10.0,8.5,9.0
Svema Foto 400,HC-110,B,400,6.5,5.52,5.85
Svema Foto 400,ID-11,1+1,400,20.0,17.0,18.0
Svema Foto 400,ID-11,stock,400,10.0,8.5,9.0
Svema Foto 400,Ilfotec DD-X,1+4,400,13.0,11.05,11.7
Svema Foto 400,Pyrocat-HD,1+1+100,200,14.0,11.9,12.6
Svema Foto 400,Rodinal,1+25,400,10.0,8.5,9.0
Svema Foto 64,Kalogen,1+54,12,10.5,8.92,9.45
Svema Foto 65,Rodinal,1+25,80,7.0,5.95,6.3
Svema KN-3,D-76,1+2,32,8.0,6.8,7.2
Svema KN-3,D-76,1+2,40,8.0,6.8,7.2
Svema KN-4S,Rodinal,1+25,12,8.0,6.8,7.2
Svema Micrat-Orto,D-76,1+1,0.75,6.75,5.74,6.08
Svema Micrat-Orto,Eco Pro,1+1,0.75,14.0,11.9,12.6
Svema Micrat-Orto,Eco Pro,stock,0.75,8.0,6.8,7.2
Svema Micrat-Orto,ID-11,1+1,0.75,6.75,5.74,6.08
Svema Micrat-Orto,Pyrocat-HD,1+1+100,0.375,14.5,12.32,13.05
Svema Micrat-Orto,XT-3,1+1,0.75,14.0,11.9,12.6
Svema Micrat-Orto,XT-3,stock,0.75,8.0,6.8,7.2
Svema Micrat-Orto,Xtol,1+1,0.75,14.0,11.9,12.6
Svema Micrat-Orto,Xtol,stock,0.75,8.0,6.8,7.2
Svema MZ-3,Caffenol,stock,3,30.0,25.5,27.0
Svema MZ-3,Caffenol C-L,stock,1.6,14.0,11.9,12.6
Svema MZ-3,HC-110,H,3,9.25,7.86,8.33
Svema MZ-3,Ilfotec HC,1+17,3,6.0,5.1,5.4
Svema NK-2,Ilfotec LC29,1+29,25,5.0,4.25,4.5
Svema NK-2SH,510-Pyro,1+100,100,11.0,9.35,9.9
Svema NK-2SH,D-76,stock,100,10.0,8.5,9.0
Svema NK-2SH,D-76,stock,320,11.0,9.35,9.9
Svema NK-2SH,Eco Pro,stock,100,7.25,6.16,6.53
Svema NK-2SH,HC-110,B,100,10.0,8.5,9.0
Svema NK-2SH,ID-11,stock,100,10.0,8.5,9.0
Svema NK-2SH,ID-11,stock,320,11.0,9.35,9.9
Svema NK-2SH,Ilfosol 3,1+14,100,12.0,10.2,10.8
Svema NK-2SH,Ilfotec LC29,1+29,25,5.0,4.25,4.5
Svema NK-2SH,Rollei D74,1+15,100,5.0,4.25,4.5
Svema NK-2SH,XT-3,stock,100,7.25,6.16,6.53
Svema NK-2SH,Xtol,stock,100,7.25,6.16,6.53
Svema Type 17,Eco Pro,stock,400,7.0,5.95,6.3
Svema Type 17,UPB-1,stock,400,13.0,11.05,11.7
Svema Type 17,XT-3,stock,400,7.0,5.95,6.3
Svema Type 17,Xtol,stock,400,7.0,5.95,6.3
Svema ZT-7,HC-110,H,6,11.5,9.78,10.35
Svema ZT-8,D-76,1+1,3,6.0,5.1,5.4
Svema ZT-8,ID-11,1+1,3,6.0,5.1,5.4
Svema ZT-8,Rodinal,1+50,100,11.0,9.35,9.9
Tasma 100 Super,D-76,1+1,100,7.0,5.95,6.3
Tasma 100 Super,ID-11,1+1,100,7.0,5.95,6.3
Tasma 100 Super,Rodinal,1+50,100,9.0,7.65,8.1
Tasma A-2,Pyrocat-HD,1+1+100,400,18.0,15.3,16.2
Tasma Aero 100,D-76,1+1,100,6.0,5.1,5.4
Tasma FN-64,Foma Universal,1+3,25,7.5,6.38,6.75
Tasma FN-64,Rodinal,1+50,64,12.0,10.2,10.8
Tasma KN-1,Rodinal,1+36,400,25.0,21.25,22.5
Tasma KN-1,Rodinal,1+50,100,22.0,18.7,19.8
Tasma KN-2,Rodinal,1+50,25,6.0,5.1,5.4
Tasma M3-3L,Rodinal,1+100,12,25.0,21.25,22.5
Tasma Mikrat 200,D-76,1+1,6,6.0,5.1,5.4
Tasma Mikrat 200,ID-11,1+1,6,6.0,5.1,5.4
Tasma Mikrat 200,Kalogen,1+60,25,4.0,3.4,3.6
Tasma Mikrat 200,Kalogen,1+60,6,2.5,2.12,2.25
Tasma Mikrat 200,Mikratol-2,1+50,n/a,30.0,25.5,27.0
Tasma Mikrat 200,Silberra Ascorol,1+19,25,11.5,9.78,10.35
Tasma Mikrat 300,Caffenol C-L,stock,25,20.0,17.0,18.0
Tasma Mikrat 300,Mikratol-2,1+50,n/a,30.0,25.5,27.0
Tasma Mikrat Isopan,D-76,stock,12,9.0,7.65,8.1
Tasma Mikrat Isopan,ID-11,stock,12,9.0,7.65,8.1
Tasma MZ-3,510-Pyro,1+100,2,17.5,14.88,15.75
Tasma NK-2,Caffenol C-L,stock,100,60.0,51.0,54.0
Tasma NK-2,D-76,stock,100,10.0,8.5,9.0
Tasma NK-2,D-76,stock,320,11.0,9.35,9.9
Tasma NK-2,Eco Pro,stock,100,7.25,6.16,6.53
Tasma NK-2,HC-110,B,100,10.0,8.5,9.0
Tasma NK-2,ID-11,stock,100,10.0,8.5,9.0
Tasma NK-2,ID-11,stock,320,11.0,9.35,9.9
Tasma NK-2,Ilfosol 3,1+14,100,12.0,10.2,10.8
Tasma NK-2,Rodinal,1+50,100,6.0,5.1,5.4
Tasma NK-2,Rollei D74,1+15,100,5.0,4.25,4.5
Tasma NK-2,Silberra Ascorol,1+19,100,9.0,7.65,8.1
Tasma NK-2,XT-3,stock,100,7.25,6.16,6.53
Tasma NK-2,Xtol,stock,100,7.25,6.16,6.53
Tasma Type-17,D-23,1+2,200,26.0,22.1,23.4
Tasma Type-17,D-23,1+2,320,33.0,28.05,29.7
Tasma Type-17,D-23,1+4,100,30.0,25.5,27.0
Tasma Type-17,FX-1,1+1+8,200,25.0,21.25,22.5
Tasma Type-17,Hubl Glycin Paste,1+60,200,20.0,17.0,18.0
Tasma Type-17,Pyrocat-HD,1+1+100,320,8.5,7.22,7.65
Tasma Type-17,Rodinal,1+100,200,60.0,51.0,54.0
Tasma Type-25L,510-Pyro,1+100,200,12.5,10.62,11.25
Tasma Type-25L,510-Pyro,1+100,200,12.0,10.2,10.8
Tasma Type-25L,Acurol-N,1+50,400,13.0,11.05,11.7
Tasma Type-25L,AVR-3,1+50,200,8.0,6.8,7.2
Tasma Type-25L,D-76,stock,200,6.5,5.52,5.85
Tasma Type-25L,DK-76,stock,125,7.0,5.95,6.3
Tasma Type-25L,HC-110,E,125,12.0,10.2,10.8
Tasma Type-25L,PC-Glycol,1+1+48,200,19.0,16.15,17.1
Tasma Type-25L,PC-Glycol,1+1+48,400,20.0,17.0,18.0
Tasma Type-25L,Pyrocat-HD,1+1+100,125,11.0,9.35,9.9
Tasma Type-25L,Pyrocat-HD,1+1+100,200,12.0,10.2,10.8
Tasma Type-25L,Rodinal,1+49,100,7.0,5.95,6.3
Tasma Type-25L,Silberra Ascorol,1+29,200,8.0,6.8,7.2
Tasma Type-25L,Silberra RDN-LQ,1+50,125,6.25,5.31,5.62
Tasma Type-25L,Wiedermann RSC,1+50,160,13.0,11.05,11.7
Tasma Type-25L,XT-3,1+1,200,9.5,8.07,8.55
Tasma Type-42L,510-Pyro,1+100,400,13.0,11.05,11.7
Tasma Type-42L,AVR-3,1+50,200,8.0,6.8,7.2
Tasma Type-42L,AVR-3,1+50,400,10.0,8.5,9.0
Tasma Type-42L,Bellini Hydrofen,1+15,400,3.5,2.98,3.15
Tasma Type-42L,D-76,1+1,200,8.5,7.22,7.65
Tasma Type-42L,D-76,1+1,400,12.0,10.2,10.8
Tasma Type-42L,D-76,1+3,400,24.0,20.4,21.6
Tasma Type-42L,D-76,stock,400,10.0,8.5,9.0
Tasma Type-42L,ID-11,1+1,200,8.5,7.22,7.65
Tasma Type-42L,ID-11,1+1,400,12.0,10.2,10.8
Tasma Type-42L,ID-11,1+3,400,24.0,20.4,21.6
Tasma Type-42L,ID-11,stock,400,10.0,8.5,9.0
Tasma Type-42L,Ilfosol 3,1+9,800,10.0,8.5,9.0
Tasma Type-42L,Microphen,1+3,1600,55.0,46.75,49.5
Tasma Type-42L,Microphen,1+3,400,23.0,19.55,20.7
Tasma Type-42L,Perceptol,stock,270,8.0,6.8,7.2
Tasma Type-42L,POTA,stock,200,12.0,10.2,10.8
Tasma Type-42L,Pyrocat-HD,1+1+100,400,13.0,11.05,11.7
Tasma Type-42L,Rodinal,1+100,400,60.0,51.0,54.0
Tasma Type-42L,Rodinal,1+39,200,6.5,5.52,5.85
Tasma Type-42L,Rodinal,1+50,400,10.0,8.5,9.0
Tasma Type-42L,XT-3,1+1,400,10.0,8.5,9.0
Type-D 200,D-76,1+1,200,12.0,10.2,10.8
Type-D 200,D-76,stock,200,10.0,8.5,9.0
Type-D 200,Eco Pro,1+1,200,10.0,8.5,9.0
Type-D 200,HC-110,B,200,3.5,2.98,3.15
Type-D 200,ID-11,1+1,200,12.0,10.2,10.8
Type-D 200,ID-11,stock,200,10.0,8.5,9.0
Type-D 200,Microphen,1+1,200,10.0,8.5,9.0
Type-D 200,Silvermax,1+29,100,11.0,9.35,9.9
Type-D 200,Silvermax,1+29,200,16.0,13.6,14.4
Type-D 200,Silvermax,1+29,400,20.0,17.0,18.0
Type-D 200,XT-3,1+1,200,10.0,8.5,9.0
Type-D 200,Xtol,1+1,200,10.0,8.5,9.0
Type-D 400,D-76,1+1,400,13.0,11.05,11.7
Type-D 400,ID-11,1+1,400,13.0,11.05,11.7
Type-D 400,Ilfosol 3,1+9,400,6.0,5.1,5.4
Type-D 400,Microphen,stock,200,12.0,10.2,10.8
Type-D 400,Microphen,stock,400,14.0,11.9,12.6
Ultrafine 125,Arista® Liquid,1+9,125,5.5,4.67,4.95
Ultrafine 125,D-76,1+1,125,10.0,8.5,9.0
Ultrafine 125,HC-110,B,125,5.0,4.25,4.5
Ultrafine 125,TMax Dev,1+4,125,5.5,4.67,4.95
Ultrafine 125,Ultrafine Liquid,1+2,125,5.5,4.67,4.95
Ultrafine 125,Ultrafine Liquid,1+4,125,8.5,7.22,7.65
Ultrafine 125,Ultrafine Powder,1+1,125,10.0,8.5,9.0
Ultrafine 125,Ultrafine Powder,stock,125,8.0,6.8,7.2
Ultrafine 400,Arista® Liquid,1+9,400,11.0,9.35,9.9
Ultrafine 400,D-76,1+1,400,13.0,11.05,11.7
Ultrafine 400,D-76,stock,400,7.5,6.38,6.75
Ultrafine 400,HC-110,B,400,6.0,5.1,5.4
Ultrafine 400,HC-110,H,3200,38.0,32.3,34.2
Ultrafine 400,TMax Dev,1+4,400,8.0,6.8,7.2
Ultrafine 400,Ultrafine Liquid,1+2,400,7.5,6.38,6.75
Ultrafine 400,Ultrafine Liquid,1+4,400,11.0,9.35,9.9
Ultrafine 400,Ultrafine Powder,1+1,400,13.0,11.05,11.7
Ultrafine 400,Ultrafine Powder,stock,400,7.5,6.38,6.75
Ultrafine Finesse 100,510-Pyro,1+100,100,6.0,5.1,5.4
Ultrafine Finesse 100,Acufine,stock,100,3.5,2.98,3.15
Ultrafine Finesse 100,Acurol-N,1+50,100,10.0,8.5,9.0
Ultrafine Finesse 100,Adox HR-DEV,1+40,100,12.0,10.2,10.8
Ultrafine Finesse 100,Arista® Premium,1+9,100,7.0,5.95,6.3
Ultrafine Finesse 100,Atomal 49,1+1,100,13.0,11.05,11.7
Ultrafine Finesse 100,Atomal 49,stock,100,8.0,6.8,7.2
Ultrafine Finesse 100,Bellini Hydrofen,1+31,100,10.0,8.5,9.0
Ultrafine Finesse 100,Berspeed,1+1,100,8.0,6.8,7.2
Ultrafine Finesse 100,Black/White & Green,1+49,100,12.0,10.2,10.8
Ultrafine Finesse 100,D-23,stock,100,11.0,9.35,9.9
Ultrafine Finesse 100,D-76,1+1,100,10.5,8.92,9.45
Ultrafine Finesse 100,D-76,stock,100,6.5,5.52,5.85
Ultrafine Finesse 100,D-96,stock,100,8.0,6.8,7.2
Ultrafine Finesse 100,Eco Pro,1+1,100,8.0,6.8,7.2
Ultrafine Finesse 100,Eco Pro,stock,100,6.5,5.52,5.85
Ultrafine Finesse 100,F76+,1+9,100,7.0,5.95,6.3
Ultrafine Finesse 100,FD10,1+9,100,8.0,6.8,7.2
Ultrafine Finesse 100,FX-55,stock,80,9.0,7.65,8.1
Ultrafine Finesse 100,HC-110,B,100,6.5,5.52,5.85
Ultrafine Finesse 100,ID-11,1+1,100,10.5,8.92,9.45
Ultrafine Finesse 100,ID-11,stock,100,6.5,5.52,5.85
Ultrafine Finesse 100,Ilfosol 3,1+14,100,7.5,6.38,6.75
Ultrafine Finesse 100,Ilfosol 3,1+9,100,5.5,4.67,4.95
Ultrafine Finesse 100,Ilfotec DD,1+4,100,9.0,7.65,8.1
Ultrafine Finesse 100,Ilfotec DD-X,1+4,100,8.0,6.8,7.2
Ultrafine Finesse 100,Ilfotec HC,1+31,100,7.0,5.95,6.3
Ultrafine Finesse 100,Ilfotec LC29,1+19,100,6.5,5.52,5.85
Ultrafine Finesse 100,Marathon,1+9,100,6.0,5.1,5.4
Ultrafine Finesse 100,Microdol-X,1+1,100,10.0,8.5,9.0
Ultrafine Finesse 100,Microdol-X,stock,100,8.0,6.8,7.2
Ultrafine Finesse 100,Microphen,1+1,100,9.0,7.65,8.1
Ultrafine Finesse 100,Microphen,stock,100,7.0,5.95,6.3
Ultrafine Finesse 100,Microphen,stock,200,8.5,7.22,7.65
Ultrafine Finesse 100,Neofin Blue,1+9,100,8.0,6.8,7.2
Ultrafine Finesse 100,Paranol S,1+25,100,4.0,3.4,3.6
Ultrafine Finesse 100,Paranol S,1+50,100,10.0,8.5,9.0
Ultrafine Finesse 100,Perceptol,1+1,100,11.0,9.35,9.9
Ultrafine Finesse 100,Perceptol,stock,100,8.0,6.8,7.2
Ultrafine Finesse 100,Perceptol,stock,50,7.5,6.38,6.75
Ultrafine Finesse 100,Promicrol,1+14,200,13.0,11.05,11.7
Ultrafine Finesse 100,Pyrocat-HD,1+1+100,100,12.0,10.2,10.8
Ultrafine Finesse 100,Rodinal,1+100,100,20.0,17.0,18.0
Ultrafine Finesse 100,Rodinal,1+25,100,5.5,4.67,4.95
Ultrafine Finesse 100,Rodinal,1+50,100,9.0,7.65,8.1
Ultrafine Finesse 100,Sprint Standard,1+9,100,8.5,7.22,7.65
Ultrafine Finesse 100,TMax Dev,1+4,100,8.0,6.8,7.2
Ultrafine Finesse 100,TMax RS,stock,100,5.5,4.67,4.95
Ultrafine Finesse 100,Ultrafin,1+20,100,7.5,6.38,6.75
Ultrafine Finesse 100,Ultrafin T-Plus,1+4,100,4.5,3.82,4.05
Ultrafine Finesse 100,Ultrafine Endurance,1+9,100,8.0,6.8,7.2
Ultrafine Finesse 100,Xtol,1+1,100,8.0,6.8,7.2
Ultrafine Finesse 100,Xtol,stock,100,6.5,5.52,5.85
Ultrafine Finesse 400,510-Pyro,1+100,400,8.25,7.01,7.42
Ultrafine Finesse 400,Acufine,stock,400,6.0,5.1,5.4
Ultrafine Finesse 400,Adox HR-DEV,1+30,200,15.0,12.75,13.5
Ultrafine Finesse 400,Arista® Premium,1+9,400,8.0,6.8,7.2
Ultrafine Finesse 400,Atomal 49,1+1,400,13.0,11.05,11.7
Ultrafine Finesse 400,Atomal 49,stock,400,10.0,8.5,9.0
Ultrafine Finesse 400,Bellini Hydrofen,1+39,400,6.5,5.52,5.85
Ultrafine Finesse 400,Berspeed,1+1,400,12.0,10.2,10.8
Ultrafine Finesse 400,Black/White & Green,1+49,100,14.0,11.9,12.6
Ultrafine Finesse 400,D-19,stock,400,8.0,6.8,7.2
Ultrafine Finesse 400,D-23,stock,250,7.5,6.38,6.75
Ultrafine Finesse 400,D-76,1+1,400,12.5,10.62,11.25
Ultrafine Finesse 400,D-76,stock,400,7.5,6.38,6.75
Ultrafine Finesse 400,Eco Pro,1+1,400,9.5,8.07,8.55
Ultrafine Finesse 400,Eco Pro,stock,400,7.5,6.38,6.75
Ultrafine Finesse 400,F76+,1+9,400,8.0,6.8,7.2
Ultrafine Finesse 400,FD10,1+9,400,10.0,8.5,9.0
Ultrafine Finesse 400,FX-39,1+9,400,14.0,11.9,12.6
Ultrafine Finesse 400,HC-110,B,400,7.0,5.95,6.3
Ultrafine Finesse 400,ID-11,1+1,400,12.5,10.62,11.25
Ultrafine Finesse 400,ID-11,stock,400,7.5,6.38,6.75
Ultrafine Finesse 400,Ilfosol 3,1+9,400,8.5,7.22,7.65
Ultrafine Finesse 400,Ilfosol 3,1+9,800,12.0,10.2,10.8
Ultrafine Finesse 400,Ilfotec DD-X,1+4,400,9.0,7.65,8.1
Ultrafine Finesse 400,Ilfotec DD-X,1+4,800,11.0,9.35,9.9
Ultrafine Finesse 400,Ilfotec LC29,1+19,400,6.5,5.52,5.85
Ultrafine Finesse 400,Ilfotec LC29,1+29,400,9.0,7.65,8.1
Ultrafine Finesse 400,Marathon,1+9,100,6.5,5.52,5.85
Ultrafine Finesse 400,Microdol-X,stock,400,15.0,12.75,13.5
Ultrafine Finesse 400,Microphen,1+1,400,13.0,11.05,11.7
Ultrafine Finesse 400,Microphen,stock,1600,17.0,14.45,15.3
Ultrafine Finesse 400,Microphen,stock,400,9.0,7.65,8.1
Ultrafine Finesse 400,Microphen,stock,800,15.0,12.75,13.5
Ultrafine Finesse 400,Paranol S,1+25,400,7.0,5.95,6.3
Ultrafine Finesse 400,Paranol S,1+50,400,15.0,12.75,13.5
Ultrafine Finesse 400,Perceptol,stock,400,10.0,8.5,9.0
Ultrafine Finesse 400,PMK,1+2+100,400,15.0,12.75,13.5
Ultrafine Finesse 400,Promicrol,1+14,400,12.0,10.2,10.8
Ultrafine Finesse 400,Promicrol,1+14,800,15.0,12.75,13.5
Ultrafine Finesse 400,Rodinal,1+25,400,6.0,5.1,5.4
Ultrafine Finesse 400,Rodinal,1+50,1600,25.0,21.25,22.5
Ultrafine Finesse 400,Rodinal,1+50,400,11.0,9.35,9.9
Ultrafine Finesse 400,Rodinal,1+50,800,18.0,15.3,16.2
Ultrafine Finesse 400,Silvermax,1+19,400,17.0,14.45,15.3
Ultrafine Finesse 400,Sprint Standard,1+9,400,12.0,10.2,10.8
Ultrafine Finesse 400,Studional,1+30,400,12.0,10.2,10.8
Ultrafine Finesse 400,TMax Dev,1+4,400,8.5,7.22,7.65
Ultrafine Finesse 400,TMax RS,stock,400,8.0,6.8,7.2
Ultrafine Finesse 400,Ultrafin,1+20,400,15.0,12.75,13.5
Ultrafine Finesse 400,Ultrafin T-Plus,1+4,400,7.5,6.38,6.75
Ultrafine Finesse 400,Ultrafine Endurance,1+9,400,7.0,5.95,6.3
Ultrafine Finesse 400,Xtol,1+1,400,9.5,8.07,8.55
Ultrafine Finesse 400,Xtol,stock,400,7.5,6.38,6.75
Ultrafine Ortho Litho,A&B Lith,1+3,8,3.0,2.55,2.7
Ultrafine Ortho Litho,D-19,stock,16,5.0,4.25,4.5
Ultrafine Ortho Litho,D-76,stock,25,13.0,11.05,11.7
Ultrafine Ortho Litho,ID-11,stock,25,13.0,11.05,11.7
Ultrafine Ortho Litho,Rodinal,1+150,8,8.0,6.8,7.2
Ultrafine Plus 100,Acufine,stock,100,3.5,2.98,3.15
Ultrafine Plus 100,HC-110,H,100,12.0,10.2,10.8
Ultrafine Plus 100,Rodinal,1+100,100,14.0,11.9,12.6
Ultrafine Plus 100,Rodinal,1+100,200,18.0,15.3,16.2
Ultrafine Plus 400,Arista® Liquid,1+9,400,7.0,5.95,6.3
Ultrafine Plus 400,D-76,1+1,400,13.0,11.05,11.7
Ultrafine Plus 400,D-76,stock,400,7.5,6.38,6.75
Ultrafine Plus 400,HC-110,B,400,5.0,4.25,4.5
Ultrafine Plus 400,TMax Dev,1+4,400,6.5,5.52,5.85
Ultrafine Plus 400,Ultrafine Liquid,1+2,400,7.5,6.38,6.75
Ultrafine Plus 400,Ultrafine Liquid,1+4,400,11.0,9.35,9.9
Ultrafine Plus 400,Ultrafine Powder,1+1,400,13.0,11.05,11.7
Ultrafine Plus 400,Ultrafine Powder,stock,400,7.5,6.38,6.75
Ultrafine T-Grain 400,Arista® Liquid,1+9,400,9.0,7.65,8.1
Ultrafine T-Grain 400,D-76,1+1,400,10.0,8.5,9.0
Ultrafine T-Grain 400,D-76,stock,400,6.0,5.1,5.4
Ultrafine T-Grain 400,HC-110,1+1+250,400,30.0,25.5,27.0
Ultrafine T-Grain 400,HC-110,B,400,5.0,4.25,4.5
Ultrafine T-Grain 400,Rodinal,1+1+250,400,30.0,25.5,27.0
Ultrafine T-Grain 400,TMax Dev,1+4,400,8.0,6.8,7.2
Ultrafine T-Grain 400,Ultrafine Liquid,1+2,400,8.0,6.8,7.2
Ultrafine T-Grain 400,Ultrafine Liquid,1+4,400,12.5,10.62,11.25
Ultrafine T-Grain 400,Ultrafine Powder,1+1,400,10.0,8.5,9.0
Ultrafine T-Grain 400,Ultrafine Powder,stock,400,6.0,5.1,5.4
Ultrafine Xtreme 100,510-Pyro,1+100,200,19.5,16.57,17.55
Ultrafine Xtreme 100,Acufine,stock,250,6.0,5.1,5.4
Ultrafine Xtreme 100,Acufine,stock,320,6.0,5.1,5.4
Ultrafine Xtreme 100,Acurol-N,1+70,64,10.0,8.5,9.0
Ultrafine Xtreme 100,Black/White & Green,1+49,100,13.5,11.47,12.15
Ultrafine Xtreme 100,Caffenol Concoction,stock,100,10.0,8.5,9.0
Ultrafine Xtreme 100,Cawanol,stock,100,17.0,14.45,15.3
Ultrafine Xtreme 100,D-76,1+1,100,11.5,9.78,10.35
Ultrafine Xtreme 100,D-76,1+1,200,15.5,13.17,13.95
Ultrafine Xtreme 100,D-76,1+1,50,8.5,7.22,7.65
Ultrafine Xtreme 100,D-76,1+3,100,21.0,17.85,18.9
Ultrafine Xtreme 100,D-76,1+3,50,17.5,14.88,15.75
Ultrafine Xtreme 100,D-76,stock,100,9.0,7.65,8.1
Ultrafine Xtreme 100,D-76,stock,200,11.0,9.35,9.9
Ultrafine Xtreme 100,D-76,stock,50,7.0,5.95,6.3
Ultrafine Xtreme 100,Eco Pro,1+1,100,10.0,8.5,9.0
Ultrafine Xtreme 100,Eco Pro,1+1,50,8.5,7.22,7.65
Ultrafine Xtreme 100,Eco Pro,stock,100,8.0,6.8,7.2
Ultrafine Xtreme 100,Eco Pro,stock,50,6.5,5.52,5.85
Ultrafine Xtreme 100,F76+,1+9,100,6.0,5.1,5.4
Ultrafine Xtreme 100,HC-110,B,100,8.5,7.22,7.65
Ultrafine Xtreme 100,HC-110,H,100,10.0,8.5,9.0
Ultrafine Xtreme 100,HC-110,H,200,10.0,8.5,9.0
Ultrafine Xtreme 100,ID-11,1+1,100,11.5,9.78,10.35
Ultrafine Xtreme 100,ID-11,1+1,200,15.5,13.17,13.95
Ultrafine Xtreme 100,ID-11,1+1,50,8.5,7.22,7.65
Ultrafine Xtreme 100,ID-11,1+3,100,21.0,17.85,18.9
Ultrafine Xtreme 100,ID-11,1+3,50,17.5,14.88,15.75
Ultrafine Xtreme 100,ID-11,stock,100,9.0,7.65,8.1
Ultrafine Xtreme 100,ID-11,stock,200,11.0,9.35,9.9
Ultrafine Xtreme 100,ID-11,stock,50,7.0,5.95,6.3
Ultrafine Xtreme 100,Ilfosol 3,1+14,100,7.5,6.38,6.75
Ultrafine Xtreme 100,Ilfosol 3,1+9,100,5.0,4.25,4.5
Ultrafine Xtreme 100,Ilfotec DD-X,1+4,100,10.5,8.92,9.45
Ultrafine Xtreme 100,Ilfotec DD-X,1+4,200,12.5,10.62,11.25
Ultrafine Xtreme 100,Ilfotec DD-X,1+4,50,8.5,7.22,7.65
Ultrafine Xtreme 100,Ilfotec HC,1+15,100,4.0,3.4,3.6
Ultrafine Xtreme 100,Ilfotec HC,1+15,200,5.0,4.25,4.5
Ultrafine Xtreme 100,Ilfotec HC,1+31,100,6.5,5.52,5.85
Ultrafine Xtreme 100,Ilfotec HC,1+31,200,8.0,6.8,7.2
Ultrafine Xtreme 100,Ilfotec HC,1+31,50,5.0,4.25,4.5
Ultrafine Xtreme 100,Ilfotec LC29,1+19,100,7.0,5.95,6.3
Ultrafine Xtreme 100,Ilfotec LC29,1+19,200,8.0,6.8,7.2
Ultrafine Xtreme 100,Ilfotec LC29,1+19,50,5.5,4.67,4.95
Ultrafine Xtreme 100,Ilfotec LC29,1+29,100,11.0,9.35,9.9
Ultrafine Xtreme 100,Ilfotec LC29,1+29,50,7.5,6.38,6.75
Ultrafine Xtreme 100,Ilfotec LC29,1+9,100,4.0,3.4,3.6
Ultrafine Xtreme 100,Ilfotec LC29,1+9,200,5.0,4.25,4.5
Ultrafine Xtreme 100,Microphen,1+1,100,10.5,8.92,9.45
Ultrafine Xtreme 100,Microphen,1+1,200,14.0,11.9,12.6
Ultrafine Xtreme 100,Microphen,1+3,100,14.5,12.32,13.05
Ultrafine Xtreme 100,Microphen,stock,100,8.5,7.22,7.65
Ultrafine Xtreme 100,Microphen,stock,200,9.0,7.65,8.1
Ultrafine Xtreme 100,Perceptol,1+1,100,15.5,13.17,13.95
Ultrafine Xtreme 100,Perceptol,1+1,50,13.5,11.47,12.15
Ultrafine Xtreme 100,Perceptol,stock,100,12.5,10.62,11.25
Ultrafine Xtreme 100,Perceptol,stock,50,9.5,8.07,8.55
Ultrafine Xtreme 100,Pyrocat-M,1+100,50,15.0,12.75,13.5
Ultrafine Xtreme 100,Rodinal,1+50,100,13.0,11.05,11.7
Ultrafine Xtreme 100,Rodinal,1+50,50,9.0,7.65,8.1
Ultrafine Xtreme 100,SPD,stock,100,6.5,5.52,5.85
Ultrafine Xtreme 100,Sprint Standard,1+9,100,8.5,7.22,7.65
Ultrafine Xtreme 100,TMax Dev,1+4,100,6.0,5.1,5.4
Ultrafine Xtreme 100,Ultrafine Endurance,1+9,100,4.0,3.4,3.6
Ultrafine Xtreme 100,Ultrafine Powder,1+1,100,10.5,8.92,9.45
Ultrafine Xtreme 100,Ultrafine Powder,stock,100,8.5,7.22,7.65
Ultrafine Xtreme 100,Uncle Mort's,1+9,100,6.0,5.1,5.4
Ultrafine Xtreme 100,Wiedermann RSC,1+50,100,13.0,11.05,11.7
Ultrafine Xtreme 100,XT-3,1+1,100,10.0,8.5,9.0
Ultrafine Xtreme 100,XT-3,1+1,50,8.5,7.22,7.65
Ultrafine Xtreme 100,XT-3,stock,100,8.0,6.8,7.2
Ultrafine Xtreme 100,XT-3,stock,50,6.5,5.52,5.85
Ultrafine Xtreme 100,Xtol,1+1,100,10.0,8.5,9.0
Ultrafine Xtreme 100,Xtol,1+1,50,8.5,7.22,7.65
Ultrafine Xtreme 100,Xtol,stock,100,8.0,6.8,7.2
Ultrafine Xtreme 100,Xtol,stock,50,6.5,5.52,5.85
Ultrafine Xtreme 400,Acufine,stock,400,4.0,3.4,3.6
Ultrafine Xtreme 400,Acurol-N,1+50,200,11.5,9.78,10.35
Ultrafine Xtreme 400,Black/White & Green,1+49,400,16.25,13.81,14.62
Ultrafine Xtreme 400,Caffenol C-M,stock,400,20.0,17.0,18.0
Ultrafine Xtreme 400,Cawanol,stock,400,16.5,14.03,14.85
Ultrafine Xtreme 400,D-76,1+1,1600,18.0,15.3,16.2
Ultrafine Xtreme 400,D-76,1+1,3200,25.0,21.25,22.5
Ultrafine Xtreme 400,D-76,1+1,400,14.0,11.9,12.6
Ultrafine Xtreme 400,D-76,1+1,800,17.0,14.45,15.3
Ultrafine Xtreme 400,D-76,1+3,400,28.0,23.8,25.2
Ultrafine Xtreme 400,D-76,stock,1600,15.5,13.17,13.95
Ultrafine Xtreme 400,D-76,stock,3200,18.5,15.72,16.65
Ultrafine Xtreme 400,D-76,stock,400,9.5,8.07,8.55
Ultrafine Xtreme 400,D-76,stock,800,12.5,10.62,11.25
Ultrafine Xtreme 400,DK-50,stock,320,5.0,4.25,4.5
Ultrafine Xtreme 400,Eco Pro,1+1,1600,18.0,15.3,16.2
Ultrafine Xtreme 400,Eco Pro,1+1,400,12.0,10.2,10.8
Ultrafine Xtreme 400,Eco Pro,1+1,800,14.5,12.32,13.05
Ultrafine Xtreme 400,Eco Pro,stock,1600,13.0,11.05,11.7
Ultrafine Xtreme 400,Eco Pro,stock,3200,17.5,14.88,15.75
Ultrafine Xtreme 400,Eco Pro,stock,400,9.0,7.65,8.1
Ultrafine Xtreme 400,Eco Pro,stock,800,10.5,8.92,9.45
Ultrafine Xtreme 400,FA-1027,1+14,400,11.0,9.35,9.9
Ultrafine Xtreme 400,FD10,1+9,400,12.0,10.2,10.8
Ultrafine Xtreme 400,HC-110,B,1600,9.0,7.65,8.1
Ultrafine Xtreme 400,HC-110,B,400,5.0,4.25,4.5
Ultrafine Xtreme 400,HC-110,F,400,16.0,13.6,14.4
Ultrafine Xtreme 400,ID-11,1+1,1600,18.0,15.3,16.2
Ultrafine Xtreme 400,ID-11,1+1,400,16.5,14.03,14.85
Ultrafine Xtreme 400,ID-11,1+1,800,20.5,17.43,18.45
Ultrafine Xtreme 400,ID-11,1+3,400,25.5,21.68,22.95
Ultrafine Xtreme 400,ID-11,stock,1600,15.5,13.17,13.95
Ultrafine Xtreme 400,ID-11,stock,3200,18.5,15.72,16.65
Ultrafine Xtreme 400,ID-11,stock,400,9.5,8.07,8.55
Ultrafine Xtreme 400,ID-11,stock,800,13.0,11.05,11.7
Ultrafine Xtreme 400,Ilfosol 3,1+14,400,11.0,9.35,9.9
Ultrafine Xtreme 400,Ilfosol 3,1+14,800,25.0,21.25,22.5
Ultrafine Xtreme 400,Ilfosol 3,1+9,400,4.5,3.82,4.05
Ultrafine Xtreme 400,Ilfosol 3,1+9,800,6.5,5.52,5.85
Ultrafine Xtreme 400,Ilfotec DD-X,1+4,400,11.5,9.78,10.35
Ultrafine Xtreme 400,Ilfotec DD-X,1+4,800,13.0,11.05,11.7
Ultrafine Xtreme 400,Ilfotec HC,1+15,400,4.5,3.82,4.05
Ultrafine Xtreme 400,Ilfotec HC,1+15,800,6.5,5.52,5.85
Ultrafine Xtreme 400,Ilfotec HC,1+31,400,8.0,6.8,7.2
Ultrafine Xtreme 400,Ilfotec HC,1+31,800,12.5,10.62,11.25
Ultrafine Xtreme 400,Ilfotec LC29,1+19,250,8.0,6.8,7.2
Ultrafine Xtreme 400,Ilfotec LC29,1+19,400,8.0,6.8,7.2
Ultrafine Xtreme 400,Ilfotec LC29,1+19,800,12.5,10.62,11.25
Ultrafine Xtreme 400,Ilfotec LC29,1+29,200,9.0,7.65,8.1
Ultrafine Xtreme 400,Ilfotec LC29,1+29,400,11.0,9.35,9.9
Ultrafine Xtreme 400,Ilfotec LC29,1+9,400,4.5,3.82,4.05
Ultrafine Xtreme 400,Ilfotec LC29,1+9,800,6.5,5.52,5.85
Ultrafine Xtreme 400,Kalogen,1+75,400,7.5,6.38,6.75
Ultrafine Xtreme 400,Microphen,1+1,400,15.0,12.75,13.5
Ultrafine Xtreme 400,Microphen,1+1,800,19.0,16.15,17.1
Ultrafine Xtreme 400,Microphen,1+3,200,9.0,7.65,8.1
Ultrafine Xtreme 400,Microphen,stock,400,8.0,6.8,7.2
Ultrafine Xtreme 400,Microphen,stock,800,10.0,8.5,9.0
Ultrafine Xtreme 400,PC-TEA,1+50,400,15.0,12.75,13.5
Ultrafine Xtreme 400,Perceptol,1+1,320,23.0,19.55,20.7
Ultrafine Xtreme 400,PMK,1+2+100,400,13.0,11.05,11.7
Ultrafine Xtreme 400,Rodinal,1+25,400,7.5,6.38,6.75
Ultrafine Xtreme 400,Rodinal,1+50,25,7.0,5.95,6.3
Ultrafine Xtreme 400,Sprint Standard,1+9,400,11.5,9.78,10.35
Ultrafine Xtreme 400,TMax Dev,1+4,400,5.5,4.67,4.95
Ultrafine Xtreme 400,TMax Dev,1+9,1600,18.0,15.3,16.2
Ultrafine Xtreme 400,TMax Dev,1+9,400,10.0,8.5,9.0
Ultrafine Xtreme 400,TMax RS,stock,400,6.5,5.52,5.85
Ultrafine Xtreme 400,Ultrafine Endurance,1+9,400,5.0,4.25,4.5
Ultrafine Xtreme 400,Ultrafine Powder,1+1,400,10.5,8.92,9.45
Ultrafine Xtreme 400,Ultrafine Powder,stock,400,9.0,7.65,8.1
Ultrafine Xtreme 400,Uncle Mort's,1+9,400,10.0,8.5,9.0
Ultrafine Xtreme 400,XT-3,1+1,1600,18.0,15.3,16.2
Ultrafine Xtreme 400,XT-3,1+1,400,12.0,10.2,10.8
Ultrafine Xtreme 400,XT-3,1+1,800,14.5,12.32,13.05
Ultrafine Xtreme 400,XT-3,stock,1600,13.0,11.05,11.7
Ultrafine Xtreme 400,XT-3,stock,3200,17.5,14.88,15.75
Ultrafine Xtreme 400,XT-3,stock,400,9.0,7.65,8.1
Ultrafine Xtreme 400,XT-3,stock,800,10.5,8.92,9.45
Ultrafine Xtreme 400,Xtol,1+1,1600,18.0,15.3,16.2
Ultrafine Xtreme 400,Xtol,1+1,400,12.0,10.2,10.8
Ultrafine Xtreme 400,Xtol,1+1,800,14.5,12.32,13.05
Ultrafine Xtreme 400,Xtol,stock,1600,13.0,11.05,11.7
Ultrafine Xtreme 400,Xtol,stock,3200,17.5,14.88,15.75
Ultrafine Xtreme 400,Xtol,stock,400,9.0,7.65,8.1
Ultrafine Xtreme 400,Xtol,stock,800,10.5,8.92,9.45
Vibe 100 BW,ID-11,stock,100,8.0,6.8,7.2
Vibe 100 BW,ID-11,stock,200,11.5,9.78,10.35
Vibe 100 BW,ID-11,stock,400,14.0,11.9,12.6
Vibe 400 BW,D-76,1+1,400,15.0,12.75,13.5
Vibe 400 BW,D-76,stock,400,8.0,6.8,7.2
Vibe 400 BW,HC-110,B,400,8.0,6.8,7.2
Vibe 400 BW,HC-110,H,400,10.5,8.92,9.45
Vibe 400 BW,ID-11,1+1,400,15.0,12.75,13.5
Vibe 400 BW,ID-11,stock,400,8.0,6.8,7.2
Vibe 400 BW,Ilfotec DD-X,stock,400,10.0,8.5,9.0
Vibe 400 BW,Ilfotec LC29,1+29,400,9.5,8.07,8.55
Vibe 400 BW,XT-3,1+1,400,10.5,8.92,9.45
Vibe 400 BW,XT-3,stock,400,8.0,6.8,7.2
Vibe 400 BW,Xtol,1+1,400,10.5,8.92,9.45
Vibe 400 BW,Xtol,stock,400,8.0,6.8,7.2
Washi - A,D-76,1+3,12,23.0,19.55,20.7
Washi - A,D-76,stock,12,9.5,8.07,8.55
Washi - A,Eukobrom,1+1,25,4.0,3.4,3.6
Washi - A,ID-11,1+3,12,23.0,19.55,20.7
Washi - A,ID-11,stock,12,9.5,8.07,8.55
Washi - A,Ilfosol 3,1+9,12,4.5,3.82,4.05
Washi - A,Ilfotec DD-X,1+4,12,6.0,5.1,5.4
Washi - A,Ilfotec LC29,1+19,12,7.0,5.95,6.3
Washi - A,Microphen,stock,12,5.5,4.67,4.95
Washi - A,Rodinal,1+50,12,13.0,11.05,11.7
Washi - A,Rodinal,1+50,6,8.0,6.8,7.2
Washi - A,XT-3,stock,12,5.5,4.67,4.95
Washi - A,Xtol,stock,12,5.5,4.67,4.95
Washi - D,Bellini Hydrofen,1+15,500,3.5,2.98,3.15
Washi - D,D-76,1+1,500,8.5,7.22,7.65
Washi - D,Eco Pro,stock,500,6.5,5.52,5.85
Washi - D,HC-110,B,500,4.0,3.4,3.6
Washi - D,ID-11,1+1,500,8.5,7.22,7.65
Washi - D,Ilfotec LC29,1+19,500,7.0,5.95,6.3
Washi - D,Rodinal,1+50,500,11.0,9.35,9.9
Washi - D,XT-3,stock,500,6.5,5.52,5.85
Washi - D,Xtol,stock,500,6.5,5.52,5.85
Washi - E,Dektol,1+2,3,3.0,2.55,2.7
Washi - E,HC-110,1+31,3,7.5,6.38,6.75
Washi - E,Ilford Multigrade,1+9,3,3.5,2.98,3.15
Washi - F,510-Pyro,1+100,100,25.0,21.25,22.5
Washi - F,D-76,1+1,100,11.0,9.35,9.9
Washi - F,F76+,1+9,100,5.5,4.67,4.95
Washi - F,HC-110,A,100,4.5,3.82,4.05
Washi - F,ID-11,1+1,100,11.0,9.35,9.9
Washi - F,Ilfotec HC,1+31,100,8.0,6.8,7.2
Washi - F,Ilfotec LC29,1+19,100,8.0,6.8,7.2
Washi - F,Rodinal,1+25,100,9.0,7.65,8.1
Washi - F,XT-3,stock,100,8.0,6.8,7.2
Washi - I,Rodinal,1+25,80,6.0,5.1,5.4
Washi - K,Rodinal,1+25,100,6.0,5.1,5.4
Washi - S,Bellini Hydrofen,1+31,50,7.0,5.95,6.3
Washi - S,D-76,1+1,50,9.5,8.07,8.55
Washi - S,ID-11,1+1,50,9.5,8.07,8.55
Washi - S,Ilfosol 3,1+9,50,7.5,6.38,6.75
Washi - S,Ilfotec HC,1+5,50,5.0,4.25,4.5
Washi - S,Ilfotec LC29,1+19,50,12.0,10.2,10.8
Washi - S,PMK,1+2+100,50,14.0,11.9,12.6
Washi - S,Rodinal,1+25,50,11.0,9.35,9.9
Washi - S,XT-3,stock,50,7.0,5.95,6.3
Washi - S,Xtol,stock,50,7.0,5.95,6.3
Washi - W,Dektol,1+2,25,3.0,2.55,2.7
Washi - W,Eukobrom,1+1,12,3.0,2.55,2.7
Washi - W,Eukobrom,1+1,25,3.0,2.55,2.7
Washi - W,HC-110,1+100,12,4.0,3.4,3.6
Washi - W,HC-110,1+100,6,4.0,3.4,3.6
Washi - W,PQ Universal,1+9,3,3.0,2.55,2.7
Washi - W,PQ Universal,1+9,6,3.0,2.55,2.7
Washi - W,Rodinal,1+50,3,4.0,3.4,3.6
Washi - Z,Bellini Hydrofen,1+15,400,4.5,3.82,4.05
Washi - Z,Bellini Hydrofen,1+75,25,40.0,34.0,36.0
Washi - Z,Caffenol C-M,stock,400,20.0,17.0,18.0
Washi - Z,D-76,stock,400,10.0,8.5,9.0
Washi - Z,Eco Pro,stock,400,8.0,6.8,7.2
Washi - Z,ID-11,stock,400,10.0,8.5,9.0
Washi - Z,Ilfosol 3,1+9,400,4.5,3.82,4.05
Washi - Z,Microphen,1+1,400,11.0,9.35,9.9
Washi - Z,Rodinal,1+25,400,7.0,5.95,6.3
Washi - Z,Silberra Ascorol,1+29,400,10.0,8.5,9.0
Washi - Z,Studional,stock,400,4.5,3.82,4.05
Washi - Z,XT-3,stock,400,8.0,6.8,7.2
Washi - Z,Xtol,stock,400,8.0,6.8,7.2
Zebra Dry Plates,510-Pyro,1+150,2,5.0,4.25,4.5
Zebra Dry Plates,HC-110,B,2,5.0,4.25,4.5
Zebra Dry Plates,HC-110,H,3,7.5,6.38,6.75
